09/15/2026 at 07:49:17 PM WARNING logger Model:2052 - The stroke command was sent, but no piston moved more than 0 mm.
09/15/2026 at 07:49:17 PM ERROR logger Model:229 - Nothing moved: The stroke command was sent, but no piston moved more than 0 mm.

The command reached the controller, so this is not a connection problem. Likely causes:

  - the keyswitch on the front of the controller is at PROG, so the ladder is not scanning. Tags can still be read and written in that mode, which is why this looked like it connected. Turn it to RUN.
  - for a curve: no curve is loaded on the controller for the Curve ID you set, so there is nothing to run
  - the stroke is set so small there is nothing to see
09/15/2026 at 07:49:20 PM WARNING logger Model:2277 - Pistons did not all reach the resting position.
09/15/2026 at 07:49:20 PM ERROR logger Model:229 - Live speed change failed: The speed was updated on pistons 30, then stopped at piston 30: the machine is stopping.
09/15/2026 at 07:49:21 PM WARNING logger Model:647 - Ignored Calibrate: a stop or resting move is still running.
09/15/2026 at 07:49:21 PM WARNING logger Model:2582 - Axis 0 reports position 0, which looks like millimetres rather than drive counts. If the controller now publishes millimetres, set POSITION_COUNTS_PER_MM to 1 in app/params.py.
09/15/2026 at 07:49:24 PM ERROR logger Model:662 - Start failed: transient write failure
09/15/2026 at 07:49:24 PM ERROR logger Model:229 - Machine error: transient write failure
09/15/2026 at 07:49:27 PM WARNING logger Model:2052 - The stroke command was sent, but no piston moved more than 0 mm.
09/15/2026 at 07:49:27 PM ERROR logger Model:229 - Nothing moved: The stroke command was sent, but no piston moved more than 0 mm.

The command reached the controller, so this is not a connection problem. Likely causes:

  - the keyswitch on the front of the controller is at PROG, so the ladder is not scanning. Tags can still be read and written in that mode, which is why this looked like it connected. Turn it to RUN.
  - for a curve: no curve is loaded on the controller for the Curve ID you set, so there is nothing to run
  - the stroke is set so small there is nothing to see
09/15/2026 at 07:49:27 PM WARNING logger Model:650 - Ignored Start: Movement test is still running.
09/15/2026 at 07:49:28 PM WARNING logger Model:2277 - Pistons did not all reach the resting position.
09/15/2026 at 07:49:28 PM WARNING logger Model:1821 - Staging did not complete within 0.2 seconds; running unstaggered.
09/15/2026 at 07:49:28 PM ERROR logger test_error_log:53 - Piston 7 stuck: drive fault 0x40b7
09/15/2026 at 07:49:29 PM ERROR logger test_error_log:66 - Homing failed
Traceback (most recent call last):
  File "C:\Users\ahito\wavemaker-f25\tests\test_error_log.py", line 64, in test_exception_includes_the_traceback
    raise ValueError("bad home offset")
ValueError: bad home offset
09/15/2026 at 07:49:29 PM WARNING logger test_error_log:92 - Position 2 out of range
09/15/2026 at 07:49:29 PM ERROR logger test_error_log:111 - Piston 7 stuck
09/15/2026 at 07:49:29 PM ERROR logger test_error_log:127 - first fault
09/15/2026 at 07:49:29 PM ERROR logger Model:229 - Live speed change failed: The speed was updated on pistons , then stopped at piston 30: offline.
09/15/2026 at 07:49:30 PM ERROR logger Model:229 - Staging failed: Piston 30: restore failed
09/15/2026 at 07:49:30 PM ERROR logger Model:229 - Movement test cleanup failed: Could not clear movement-test run bit: clear failed
09/15/2026 at 07:49:30 PM WARNING logger Model:1821 - Staging did not complete within 0 seconds; running unstaggered.
09/15/2026 at 07:49:30 PM ERROR logger Model:229 - Movement test cleanup failed: Could not restore Program:Wave_Control.Live_Motors.1: selection restore failed
09/15/2026 at 07:49:30 PM ERROR logger Model:229 - Staging failed: Could not clear staging run bit: stop failed
09/15/2026 at 07:49:30 PM CRITICAL logger Model:2187 - STOP FAILED: Program:Wave_Control.Run_1: first stop failed
09/15/2026 at 07:49:30 PM ERROR logger Model:229 - Stop failed: The machine did not acknowledge the stop command:
Program:Wave_Control.Run_1: first stop failed

Use the physical stop and check the connection.
09/15/2026 at 07:49:30 PM WARNING logger Model:647 - Ignored Calibrate: a stop or resting move is still running.
09/15/2026 at 07:49:32 PM WARNING logger Model:2277 - Pistons did not all reach the resting position.
09/15/2026 at 07:49:35 PM WARNING logger Model:2277 - Pistons did not all reach the resting position.
09/15/2026 at 07:49:45 PM WARNING logger Model:2277 - Pistons did not all reach the resting position.
09/15/2026 at 07:49:47 PM CRITICAL logger Model:2187 - STOP FAILED: Program:Wave_Control.Run_1: network unplugged; Program:Wave_Control.Run_2: network unplugged; Program:Wave_Control.Run_Curve: network unplugged
09/15/2026 at 07:49:47 PM ERROR logger Model:229 - Stop failed: The machine did not acknowledge the stop command:
Program:Wave_Control.Run_1: network unplugged; Program:Wave_Control.Run_2: network unplugged; Program:Wave_Control.Run_Curve: network unplugged

Use the physical stop and check the connection.
09/15/2026 at 07:49:47 PM ERROR logger Model:229 - Not ready: The pistons must be homed before they can run. Press Start and it will do that first.
09/15/2026 at 07:49:47 PM ERROR logger Model:229 - Check the parameters: Group 1: Position 1 must be at most 370 (got 5,000)
09/15/2026 at 07:49:47 PM WARNING logger Model:650 - Ignored Prepare: None is still running.
09/15/2026 at 07:50:02 PM WARNING logger Model:2277 - Pistons did not all reach the resting position.
09/15/2026 at 07:50:02 PM WARNING logger Model:2277 - Pistons did not all reach the resting position.
09/15/2026 at 07:50:02 PM WARNING logger Model:2277 - Pistons did not all reach the resting position.
09/15/2026 at 07:50:02 PM WARNING logger Model:2277 - Pistons did not all reach the resting position.
09/15/2026 at 07:50:02 PM WARNING logger Model:1103 - Piston(s) 28 have not moved since homing began.
09/15/2026 at 07:50:02 PM ERROR logger Model:1144 - 3 of 4 pistons homed. Piston(s) 28 did not. Timed out after 0 seconds.
09/15/2026 at 07:50:02 PM ERROR logger Model:229 - Some pistons did not home: 3 of 4 pistons homed. Piston(s) 28 did not.

A piston that will not home is usually stuck or faulted mechanically -- it is not something the software can clear.

You can carry on without it: deselect piston(s) 28 on the tank and press Start again. The rest are homed and ready.
09/15/2026 at 07:50:02 PM WARNING logger Model:1103 - Piston(s) 28 have not moved since homing began.
09/15/2026 at 07:50:02 PM ERROR logger Model:1144 - 3 of 4 pistons homed. Piston(s) 28 did not. Timed out after 0 seconds.
09/15/2026 at 07:50:02 PM ERROR logger Model:229 - Some pistons did not home: 3 of 4 pistons homed. Piston(s) 28 did not.

A piston that will not home is usually stuck or faulted mechanically -- it is not something the software can clear.

You can carry on without it: deselect piston(s) 28 on the tank and press Start again. The rest are homed and ready.
09/15/2026 at 07:50:02 PM WARNING logger Model:1103 - Piston(s) 28 have not moved since homing began.
09/15/2026 at 07:50:02 PM ERROR logger Model:1144 - 3 of 4 pistons homed. Piston(s) 28 did not. Timed out after 0 seconds.
09/15/2026 at 07:50:02 PM ERROR logger Model:229 - Some pistons did not home: 3 of 4 pistons homed. Piston(s) 28 did not.

A piston that will not home is usually stuck or faulted mechanically -- it is not something the software can clear.

You can carry on without it: deselect piston(s) 28 on the tank and press Start again. The rest are homed and ready.
09/15/2026 at 07:50:02 PM WARNING logger Model:1103 - Piston(s) 25 have not moved since homing began.
09/15/2026 at 07:50:02 PM ERROR logger Model:1144 - 0 of 1 pistons homed. Piston(s) 25 did not. Timed out after 0 seconds.
09/15/2026 at 07:50:02 PM ERROR logger Model:229 - Some pistons did not home: 0 of 1 pistons homed. Piston(s) 25 did not.

A piston that will not home is usually stuck or faulted mechanically -- it is not something the software can clear.

You can carry on without it: deselect piston(s) 25 on the tank and press Start again. The rest are homed and ready.
09/15/2026 at 07:50:02 PM WARNING logger Model:1103 - Piston(s) 16 have not moved since homing began.
09/15/2026 at 07:50:02 PM ERROR logger Model:1144 - 14 of 15 pistons homed. Piston(s) 16 did not. Timed out after 0 seconds.
09/15/2026 at 07:50:02 PM ERROR logger Model:229 - Some pistons did not home: 14 of 15 pistons homed. Piston(s) 16 did not.

A piston that will not home is usually stuck or faulted mechanically -- it is not something the software can clear.

You can carry on without it: deselect piston(s) 16 on the tank and press Start again. The rest are homed and ready.
09/15/2026 at 07:50:02 PM WARNING logger Model:1103 - Piston(s) 29 have not moved since homing began.
09/15/2026 at 07:50:02 PM ERROR logger Model:1144 - 0 of 3 pistons homed. Piston(s) 28, 29 and 30 did not. Timed out after 0 seconds.
09/15/2026 at 07:50:02 PM ERROR logger Model:229 - Some pistons did not home: 0 of 3 pistons homed. Piston(s) 28, 29 and 30 did not.

A piston that will not home is usually stuck or faulted mechanically -- it is not something the software can clear.

You can carry on without it: deselect piston(s) 28, 29 and 30 on the tank and press Start again. The rest are homed and ready.
09/15/2026 at 07:50:02 PM WARNING logger Model:1103 - Piston(s) 23 have not moved since homing began.
09/15/2026 at 07:50:02 PM ERROR logger Model:1144 - 29 of 30 pistons homed. Piston(s) 23 did not. Timed out after 0 seconds.
09/15/2026 at 07:50:02 PM ERROR logger Model:229 - Some pistons did not home: 29 of 30 pistons homed. Piston(s) 23 did not.

A piston that will not home is usually stuck or faulted mechanically -- it is not something the software can clear.

You can carry on without it: deselect piston(s) 23 on the tank and press Start again. The rest are homed and ready.
09/15/2026 at 07:50:02 PM WARNING logger Model:2514 - Piston 30 covered only 300 mm of its 300 mm stroke over the last 3 seconds. It may be dragging or stuck.
09/15/2026 at 07:50:06 PM WARNING logger Model:2052 - The stroke command was sent, but no piston moved more than 0 mm.
09/15/2026 at 07:50:06 PM ERROR logger Model:229 - Nothing moved: The stroke command was sent, but no piston moved more than 0 mm.

The command reached the controller, so this is not a connection problem. Likely causes:

  - the keyswitch on the front of the controller is at PROG, so the ladder is not scanning. Tags can still be read and written in that mode, which is why this looked like it connected. Turn it to RUN.
  - for a curve: no curve is loaded on the controller for the Curve ID you set, so there is nothing to run
  - the stroke is set so small there is nothing to see
09/15/2026 at 07:50:07 PM WARNING logger Model:2052 - The stroke command was sent, but no piston moved more than 0 mm.
09/15/2026 at 07:50:07 PM ERROR logger Model:229 - Nothing moved: The stroke command was sent, but no piston moved more than 0 mm.

The command reached the controller, so this is not a connection problem. Likely causes:

  - the keyswitch on the front of the controller is at PROG, so the ladder is not scanning. Tags can still be read and written in that mode, which is why this looked like it connected. Turn it to RUN.
  - for a curve: no curve is loaded on the controller for the Curve ID you set, so there is nothing to run
  - the stroke is set so small there is nothing to see
09/15/2026 at 07:50:07 PM WARNING logger PresetProcessor:131 - typo: Line 2: Speed 1 is 'fast', which is not a number; used 500.
09/15/2026 at 07:50:10 PM WARNING logger Model:2277 - Pistons did not all reach the resting position.
09/15/2026 at 07:50:10 PM ERROR logger Model:229 - Live speed change failed: The speed was updated on pistons 30, then stopped at piston 30: the machine is stopping.
09/15/2026 at 07:50:10 PM WARNING logger Model:647 - Ignored Calibrate: a stop or resting move is still running.
09/15/2026 at 07:50:10 PM WARNING logger Model:2582 - Axis 0 reports position 0, which looks like millimetres rather than drive counts. If the controller now publishes millimetres, set POSITION_COUNTS_PER_MM to 1 in app/params.py.
09/15/2026 at 07:50:14 PM ERROR logger Model:662 - Start failed: transient write failure
09/15/2026 at 07:50:14 PM ERROR logger Model:229 - Machine error: transient write failure
09/15/2026 at 07:50:17 PM WARNING logger Model:2052 - The stroke command was sent, but no piston moved more than 0 mm.
09/15/2026 at 07:50:17 PM ERROR logger Model:229 - Nothing moved: The stroke command was sent, but no piston moved more than 0 mm.

The command reached the controller, so this is not a connection problem. Likely causes:

  - the keyswitch on the front of the controller is at PROG, so the ladder is not scanning. Tags can still be read and written in that mode, which is why this looked like it connected. Turn it to RUN.
  - for a curve: no curve is loaded on the controller for the Curve ID you set, so there is nothing to run
  - the stroke is set so small there is nothing to see
09/15/2026 at 07:50:17 PM WARNING logger Model:650 - Ignored Start: Movement test is still running.
09/15/2026 at 07:50:17 PM WARNING logger Model:2052 - The stroke command was sent, but no piston moved more than 0 mm.
09/15/2026 at 07:50:17 PM ERROR logger Model:229 - Nothing moved: The stroke command was sent, but no piston moved more than 0 mm.

The command reached the controller, so this is not a connection problem. Likely causes:

  - the keyswitch on the front of the controller is at PROG, so the ladder is not scanning. Tags can still be read and written in that mode, which is why this looked like it connected. Turn it to RUN.
  - for a curve: no curve is loaded on the controller for the Curve ID you set, so there is nothing to run
  - the stroke is set so small there is nothing to see
09/15/2026 at 07:50:18 PM WARNING logger Model:2277 - Pistons did not all reach the resting position.
09/15/2026 at 07:50:18 PM WARNING logger Model:1821 - Staging did not complete within 0.2 seconds; running unstaggered.
09/15/2026 at 07:50:18 PM ERROR logger test_error_log:60 - Piston 7 stuck: drive fault 0x40b7
09/15/2026 at 07:50:18 PM ERROR logger test_error_log:73 - Homing failed
Traceback (most recent call last):
  File "C:\Users\ahito\wavemaker-f25\tests\test_error_log.py", line 71, in test_exception_includes_the_traceback
    raise ValueError("bad home offset")
ValueError: bad home offset
09/15/2026 at 07:50:18 PM WARNING logger test_error_log:99 - Position 2 out of range
09/15/2026 at 07:50:18 PM ERROR logger test_error_log:118 - Piston 7 stuck
09/15/2026 at 07:50:18 PM ERROR logger test_error_log:135 - first fault
09/15/2026 at 07:50:18 PM ERROR logger Model:229 - Live speed change failed: The speed was updated on pistons , then stopped at piston 30: offline.
09/15/2026 at 07:50:18 PM ERROR logger Model:229 - Staging failed: Piston 30: restore failed
09/15/2026 at 07:50:18 PM ERROR logger Model:229 - Movement test cleanup failed: Could not clear movement-test run bit: clear failed
09/15/2026 at 07:50:18 PM WARNING logger Model:1821 - Staging did not complete within 0 seconds; running unstaggered.
09/15/2026 at 07:50:18 PM ERROR logger Model:229 - Movement test cleanup failed: Could not restore Program:Wave_Control.Live_Motors.1: selection restore failed
09/15/2026 at 07:50:18 PM ERROR logger Model:229 - Staging failed: Could not clear staging run bit: stop failed
09/15/2026 at 07:50:19 PM CRITICAL logger Model:2187 - STOP FAILED: Program:Wave_Control.Run_1: first stop failed
09/15/2026 at 07:50:19 PM ERROR logger Model:229 - Stop failed: The machine did not acknowledge the stop command:
Program:Wave_Control.Run_1: first stop failed

Use the physical stop and check the connection.
09/15/2026 at 07:50:19 PM WARNING logger Model:647 - Ignored Calibrate: a stop or resting move is still running.
09/15/2026 at 07:50:21 PM WARNING logger Model:2277 - Pistons did not all reach the resting position.
09/15/2026 at 07:50:22 PM WARNING logger Model:2514 - Piston 26 covered only 0 mm of its 300 mm stroke over the last 1 seconds. It may be dragging or stuck.
09/15/2026 at 07:50:25 PM WARNING logger Model:2277 - Pistons did not all reach the resting position.
09/15/2026 at 07:50:26 PM WARNING logger Model:2514 - Piston 26 covered only 0 mm of its 300 mm stroke over the last 1 seconds. It may be dragging or stuck.
09/15/2026 at 07:50:31 PM ERROR logger Model:229 - Movement test cleanup failed: Could not clear movement-test run bit: Injected transient write failure 41
09/15/2026 at 07:50:31 PM ERROR logger Model:229 - Movement test cleanup failed: Could not restore Program:Wave_Control.Live_Motors.0: Injected transient write failure 42
09/15/2026 at 07:50:31 PM ERROR logger Model:229 - Movement test cleanup failed: Could not restore Program:Wave_Control.Live_Motors.1: Injected transient write failure 43
09/15/2026 at 07:50:31 PM ERROR logger Model:229 - Movement test cleanup failed: Could not restore Program:Wave_Control.Live_Motors.2: Injected transient write failure 44
09/15/2026 at 07:50:31 PM ERROR logger Model:229 - Movement test cleanup failed: Could not restore Program:Wave_Control.Live_Motors.3: Injected transient write failure 45
09/15/2026 at 07:50:31 PM ERROR logger Model:229 - Movement test cleanup failed: Could not restore Program:Wave_Control.Live_Motors.4: Injected transient write failure 46
09/15/2026 at 07:50:31 PM ERROR logger Model:229 - Movement test cleanup failed: Could not restore Program:Wave_Control.Live_Motors.5: Injected transient write failure 47
09/15/2026 at 07:50:31 PM ERROR logger Model:229 - Movement test cleanup failed: Could not restore Program:Wave_Control.Live_Motors.6: Injected transient write failure 48
09/15/2026 at 07:50:31 PM ERROR logger Model:229 - Movement test cleanup failed: Could not restore Program:Wave_Control.Live_Motors.7: Injected transient write failure 49
09/15/2026 at 07:50:31 PM ERROR logger Model:229 - Movement test cleanup failed: Could not restore Program:Wave_Control.Live_Motors.8: Injected transient write failure 50
09/15/2026 at 07:50:31 PM ERROR logger Model:229 - Movement test cleanup failed: Could not restore Program:Wave_Control.Live_Motors.9: Injected transient write failure 51
09/15/2026 at 07:50:31 PM ERROR logger Model:229 - Movement test cleanup failed: Could not restore Program:Wave_Control.Live_Motors.10: Injected transient write failure 52
09/15/2026 at 07:50:31 PM ERROR logger Model:229 - Movement test cleanup failed: Could not restore Program:Wave_Control.Live_Motors.11: Injected transient write failure 53
09/15/2026 at 07:50:31 PM ERROR logger Model:229 - Movement test cleanup failed: Could not restore Program:Wave_Control.Live_Motors.12: Injected transient write failure 54
09/15/2026 at 07:50:31 PM ERROR logger Model:229 - Movement test cleanup failed: Could not restore Program:Wave_Control.Live_Motors.13: Injected transient write failure 55
09/15/2026 at 07:50:31 PM ERROR logger Model:229 - Movement test cleanup failed: Could not restore Program:Wave_Control.Live_Motors.14: Injected transient write failure 56
09/15/2026 at 07:50:31 PM ERROR logger Model:229 - Movement test cleanup failed: Could not restore Program:Wave_Control.Live_Motors.15: Injected transient write failure 57
09/15/2026 at 07:50:31 PM ERROR logger Model:229 - Movement test cleanup failed: Could not restore Program:Wave_Control.Live_Motors.16: Injected transient write failure 58
09/15/2026 at 07:50:31 PM ERROR logger Model:229 - Movement test cleanup failed: Could not restore Program:Wave_Control.Live_Motors.17: Injected transient write failure 59
09/15/2026 at 07:50:31 PM ERROR logger Model:229 - Movement test cleanup failed: Could not restore Program:Wave_Control.Live_Motors.18: Injected transient write failure 60
09/15/2026 at 07:50:31 PM ERROR logger Model:229 - Movement test cleanup failed: Could not restore Program:Wave_Control.Live_Motors.19: Injected transient write failure 61
09/15/2026 at 07:50:31 PM ERROR logger Model:229 - Movement test cleanup failed: Could not restore Program:Wave_Control.Live_Motors.20: Injected transient write failure 62
09/15/2026 at 07:50:31 PM ERROR logger Model:229 - Movement test cleanup failed: Could not restore Program:Wave_Control.Live_Motors.21: Injected transient write failure 63
09/15/2026 at 07:50:31 PM ERROR logger Model:229 - Movement test cleanup failed: Could not restore Program:Wave_Control.Live_Motors.22: Injected transient write failure 64
09/15/2026 at 07:50:31 PM ERROR logger Model:229 - Movement test cleanup failed: Could not restore Program:Wave_Control.Live_Motors.23: Injected transient write failure 65
09/15/2026 at 07:50:31 PM ERROR logger Model:229 - Movement test cleanup failed: Could not restore Program:Wave_Control.Live_Motors.24: Injected transient write failure 66
09/15/2026 at 07:50:31 PM ERROR logger Model:229 - Movement test cleanup failed: Could not restore Program:Wave_Control.Live_Motors.25: Injected transient write failure 67
09/15/2026 at 07:50:32 PM ERROR logger Model:229 - Movement test cleanup failed: Could not restore Program:Wave_Control.Live_Motors.26: Injected transient write failure 68
09/15/2026 at 07:50:32 PM ERROR logger Model:229 - Movement test cleanup failed: Could not restore Program:Wave_Control.Live_Motors.27: Injected transient write failure 69
09/15/2026 at 07:50:32 PM ERROR logger Model:229 - Movement test cleanup failed: Could not restore Program:Wave_Control.Live_Motors.28: Injected transient write failure 70
09/15/2026 at 07:50:32 PM ERROR logger Model:229 - Movement test cleanup failed: Could not restore Program:Wave_Control.Live_Motors.29: Injected transient write failure 71
09/15/2026 at 07:50:34 PM WARNING logger Model:2277 - Pistons did not all reach the resting position.
09/15/2026 at 07:50:36 PM CRITICAL logger Model:2187 - STOP FAILED: Program:Wave_Control.Run_1: network unplugged; Program:Wave_Control.Run_2: network unplugged; Program:Wave_Control.Run_Curve: network unplugged
09/15/2026 at 07:50:36 PM ERROR logger Model:229 - Stop failed: The machine did not acknowledge the stop command:
Program:Wave_Control.Run_1: network unplugged; Program:Wave_Control.Run_2: network unplugged; Program:Wave_Control.Run_Curve: network unplugged

Use the physical stop and check the connection.
09/15/2026 at 07:50:36 PM ERROR logger Model:229 - Not ready: The pistons must be homed before they can run. Press Start and it will do that first.
09/15/2026 at 07:50:36 PM ERROR logger Model:229 - Check the parameters: Group 1: Position 1 must be at most 370 (got 5,000)
09/15/2026 at 07:50:36 PM WARNING logger Model:650 - Ignored Prepare: None is still running.
09/15/2026 at 07:50:51 PM WARNING logger Model:2277 - Pistons did not all reach the resting position.
09/15/2026 at 07:50:51 PM WARNING logger Model:2277 - Pistons did not all reach the resting position.
09/15/2026 at 07:50:51 PM WARNING logger Model:2277 - Pistons did not all reach the resting position.
09/15/2026 at 07:50:51 PM WARNING logger Model:2277 - Pistons did not all reach the resting position.
09/15/2026 at 07:50:51 PM WARNING logger Model:1103 - Piston(s) 28 have not moved since homing began.
09/15/2026 at 07:50:51 PM ERROR logger Model:1144 - 3 of 4 pistons homed. Piston(s) 28 did not. Timed out after 0 seconds.
09/15/2026 at 07:50:51 PM ERROR logger Model:229 - Some pistons did not home: 3 of 4 pistons homed. Piston(s) 28 did not.

A piston that will not home is usually stuck or faulted mechanically -- it is not something the software can clear.

You can carry on without it: deselect piston(s) 28 on the tank and press Start again. The rest are homed and ready.
09/15/2026 at 07:50:51 PM WARNING logger Model:1103 - Piston(s) 28 have not moved since homing began.
09/15/2026 at 07:50:51 PM ERROR logger Model:1144 - 3 of 4 pistons homed. Piston(s) 28 did not. Timed out after 0 seconds.
09/15/2026 at 07:50:51 PM ERROR logger Model:229 - Some pistons did not home: 3 of 4 pistons homed. Piston(s) 28 did not.

A piston that will not home is usually stuck or faulted mechanically -- it is not something the software can clear.

You can carry on without it: deselect piston(s) 28 on the tank and press Start again. The rest are homed and ready.
09/15/2026 at 07:50:51 PM WARNING logger Model:1103 - Piston(s) 28 have not moved since homing began.
09/15/2026 at 07:50:51 PM ERROR logger Model:1144 - 3 of 4 pistons homed. Piston(s) 28 did not. Timed out after 0 seconds.
09/15/2026 at 07:50:51 PM ERROR logger Model:229 - Some pistons did not home: 3 of 4 pistons homed. Piston(s) 28 did not.

A piston that will not home is usually stuck or faulted mechanically -- it is not something the software can clear.

You can carry on without it: deselect piston(s) 28 on the tank and press Start again. The rest are homed and ready.
09/15/2026 at 07:50:51 PM WARNING logger Model:1103 - Piston(s) 25 have not moved since homing began.
09/15/2026 at 07:50:51 PM ERROR logger Model:1144 - 0 of 1 pistons homed. Piston(s) 25 did not. Timed out after 0 seconds.
09/15/2026 at 07:50:51 PM ERROR logger Model:229 - Some pistons did not home: 0 of 1 pistons homed. Piston(s) 25 did not.

A piston that will not home is usually stuck or faulted mechanically -- it is not something the software can clear.

You can carry on without it: deselect piston(s) 25 on the tank and press Start again. The rest are homed and ready.
09/15/2026 at 07:50:51 PM WARNING logger Model:1103 - Piston(s) 16 have not moved since homing began.
09/15/2026 at 07:50:51 PM ERROR logger Model:1144 - 14 of 15 pistons homed. Piston(s) 16 did not. Timed out after 0 seconds.
09/15/2026 at 07:50:51 PM ERROR logger Model:229 - Some pistons did not home: 14 of 15 pistons homed. Piston(s) 16 did not.

A piston that will not home is usually stuck or faulted mechanically -- it is not something the software can clear.

You can carry on without it: deselect piston(s) 16 on the tank and press Start again. The rest are homed and ready.
09/15/2026 at 07:50:51 PM WARNING logger Model:1103 - Piston(s) 29 have not moved since homing began.
09/15/2026 at 07:50:51 PM ERROR logger Model:1144 - 0 of 3 pistons homed. Piston(s) 28, 29 and 30 did not. Timed out after 0 seconds.
09/15/2026 at 07:50:51 PM ERROR logger Model:229 - Some pistons did not home: 0 of 3 pistons homed. Piston(s) 28, 29 and 30 did not.

A piston that will not home is usually stuck or faulted mechanically -- it is not something the software can clear.

You can carry on without it: deselect piston(s) 28, 29 and 30 on the tank and press Start again. The rest are homed and ready.
09/15/2026 at 07:50:51 PM WARNING logger Model:1103 - Piston(s) 23 have not moved since homing began.
09/15/2026 at 07:50:51 PM ERROR logger Model:1144 - 29 of 30 pistons homed. Piston(s) 23 did not. Timed out after 0 seconds.
09/15/2026 at 07:50:51 PM ERROR logger Model:229 - Some pistons did not home: 29 of 30 pistons homed. Piston(s) 23 did not.

A piston that will not home is usually stuck or faulted mechanically -- it is not something the software can clear.

You can carry on without it: deselect piston(s) 23 on the tank and press Start again. The rest are homed and ready.
09/15/2026 at 07:50:51 PM WARNING logger Model:2514 - Piston 30 covered only 300 mm of its 300 mm stroke over the last 3 seconds. It may be dragging or stuck.
09/15/2026 at 07:50:56 PM WARNING logger Model:2052 - The stroke command was sent, but no piston moved more than 0 mm.
09/15/2026 at 07:50:56 PM ERROR logger Model:229 - Nothing moved: The stroke command was sent, but no piston moved more than 0 mm.

The command reached the controller, so this is not a connection problem. Likely causes:

  - the keyswitch on the front of the controller is at PROG, so the ladder is not scanning. Tags can still be read and written in that mode, which is why this looked like it connected. Turn it to RUN.
  - for a curve: no curve is loaded on the controller for the Curve ID you set, so there is nothing to run
  - the stroke is set so small there is nothing to see
09/15/2026 at 07:50:56 PM WARNING logger PresetProcessor:131 - typo: Line 2: Speed 1 is 'fast', which is not a number; used 500.
09/15/2026 at 07:51:06 PM WARNING logger Model:2052 - The stroke command was sent, but no piston moved more than 0 mm.
09/15/2026 at 07:51:06 PM ERROR logger Model:229 - Nothing moved: The stroke command was sent, but no piston moved more than 0 mm.

The command reached the controller, so this is not a connection problem. Likely causes:

  - the keyswitch on the front of the controller is at PROG, so the ladder is not scanning. Tags can still be read and written in that mode, which is why this looked like it connected. Turn it to RUN.
  - for a curve: no curve is loaded on the controller for the Curve ID you set, so there is nothing to run
  - the stroke is set so small there is nothing to see
09/15/2026 at 07:51:11 PM WARNING logger Model:2514 - Piston 26 covered only 0 mm of its 300 mm stroke over the last 1 seconds. It may be dragging or stuck.
09/15/2026 at 07:51:15 PM WARNING logger Model:2514 - Piston 26 covered only 0 mm of its 300 mm stroke over the last 1 seconds. It may be dragging or stuck.
09/15/2026 at 07:51:20 PM ERROR logger Model:229 - Movement test cleanup failed: Could not clear movement-test run bit: Injected transient write failure 41
09/15/2026 at 07:51:20 PM ERROR logger Model:229 - Movement test cleanup failed: Could not restore Program:Wave_Control.Live_Motors.0: Injected transient write failure 42
09/15/2026 at 07:51:20 PM ERROR logger Model:229 - Movement test cleanup failed: Could not restore Program:Wave_Control.Live_Motors.1: Injected transient write failure 43
09/15/2026 at 07:51:20 PM ERROR logger Model:229 - Movement test cleanup failed: Could not restore Program:Wave_Control.Live_Motors.2: Injected transient write failure 44
09/15/2026 at 07:51:20 PM ERROR logger Model:229 - Movement test cleanup failed: Could not restore Program:Wave_Control.Live_Motors.3: Injected transient write failure 45
09/15/2026 at 07:51:20 PM ERROR logger Model:229 - Movement test cleanup failed: Could not restore Program:Wave_Control.Live_Motors.4: Injected transient write failure 46
09/15/2026 at 07:51:20 PM ERROR logger Model:229 - Movement test cleanup failed: Could not restore Program:Wave_Control.Live_Motors.5: Injected transient write failure 47
09/15/2026 at 07:51:20 PM ERROR logger Model:229 - Movement test cleanup failed: Could not restore Program:Wave_Control.Live_Motors.6: Injected transient write failure 48
09/15/2026 at 07:51:20 PM ERROR logger Model:229 - Movement test cleanup failed: Could not restore Program:Wave_Control.Live_Motors.7: Injected transient write failure 49
09/15/2026 at 07:51:20 PM ERROR logger Model:229 - Movement test cleanup failed: Could not restore Program:Wave_Control.Live_Motors.8: Injected transient write failure 50
09/15/2026 at 07:51:20 PM ERROR logger Model:229 - Movement test cleanup failed: Could not restore Program:Wave_Control.Live_Motors.9: Injected transient write failure 51
09/15/2026 at 07:51:20 PM ERROR logger Model:229 - Movement test cleanup failed: Could not restore Program:Wave_Control.Live_Motors.10: Injected transient write failure 52
09/15/2026 at 07:51:20 PM ERROR logger Model:229 - Movement test cleanup failed: Could not restore Program:Wave_Control.Live_Motors.11: Injected transient write failure 53
09/15/2026 at 07:51:20 PM ERROR logger Model:229 - Movement test cleanup failed: Could not restore Program:Wave_Control.Live_Motors.12: Injected transient write failure 54
09/15/2026 at 07:51:20 PM ERROR logger Model:229 - Movement test cleanup failed: Could not restore Program:Wave_Control.Live_Motors.13: Injected transient write failure 55
09/15/2026 at 07:51:20 PM ERROR logger Model:229 - Movement test cleanup failed: Could not restore Program:Wave_Control.Live_Motors.14: Injected transient write failure 56
09/15/2026 at 07:51:20 PM ERROR logger Model:229 - Movement test cleanup failed: Could not restore Program:Wave_Control.Live_Motors.15: Injected transient write failure 57
09/15/2026 at 07:51:20 PM ERROR logger Model:229 - Movement test cleanup failed: Could not restore Program:Wave_Control.Live_Motors.16: Injected transient write failure 58
09/15/2026 at 07:51:20 PM ERROR logger Model:229 - Movement test cleanup failed: Could not restore Program:Wave_Control.Live_Motors.17: Injected transient write failure 59
09/15/2026 at 07:51:20 PM ERROR logger Model:229 - Movement test cleanup failed: Could not restore Program:Wave_Control.Live_Motors.18: Injected transient write failure 60
09/15/2026 at 07:51:20 PM ERROR logger Model:229 - Movement test cleanup failed: Could not restore Program:Wave_Control.Live_Motors.19: Injected transient write failure 61
09/15/2026 at 07:51:20 PM ERROR logger Model:229 - Movement test cleanup failed: Could not restore Program:Wave_Control.Live_Motors.20: Injected transient write failure 62
09/15/2026 at 07:51:20 PM ERROR logger Model:229 - Movement test cleanup failed: Could not restore Program:Wave_Control.Live_Motors.21: Injected transient write failure 63
09/15/2026 at 07:51:20 PM ERROR logger Model:229 - Movement test cleanup failed: Could not restore Program:Wave_Control.Live_Motors.22: Injected transient write failure 64
09/15/2026 at 07:51:20 PM ERROR logger Model:229 - Movement test cleanup failed: Could not restore Program:Wave_Control.Live_Motors.23: Injected transient write failure 65
09/15/2026 at 07:51:20 PM ERROR logger Model:229 - Movement test cleanup failed: Could not restore Program:Wave_Control.Live_Motors.24: Injected transient write failure 66
09/15/2026 at 07:51:20 PM ERROR logger Model:229 - Movement test cleanup failed: Could not restore Program:Wave_Control.Live_Motors.25: Injected transient write failure 67
09/15/2026 at 07:51:20 PM ERROR logger Model:229 - Movement test cleanup failed: Could not restore Program:Wave_Control.Live_Motors.26: Injected transient write failure 68
09/15/2026 at 07:51:20 PM ERROR logger Model:229 - Movement test cleanup failed: Could not restore Program:Wave_Control.Live_Motors.27: Injected transient write failure 69
09/15/2026 at 07:51:20 PM ERROR logger Model:229 - Movement test cleanup failed: Could not restore Program:Wave_Control.Live_Motors.28: Injected transient write failure 70
09/15/2026 at 07:51:20 PM ERROR logger Model:229 - Movement test cleanup failed: Could not restore Program:Wave_Control.Live_Motors.29: Injected transient write failure 71
09/15/2026 at 07:51:30 PM WARNING logger Model:2277 - Pistons did not all reach the resting position.
09/15/2026 at 07:51:45 PM WARNING logger Model:2277 - Pistons did not all reach the resting position.
09/15/2026 at 07:51:45 PM WARNING logger Model:647 - Ignored Calibrate: a stop or resting move is still running.
09/15/2026 at 07:51:45 PM ERROR logger Model:229 - Not ready: The pistons must be homed before they can run. Press Start and it will do that first.
09/15/2026 at 07:51:45 PM WARNING logger Model:647 - Ignored Run: a stop or resting move is still running.
09/15/2026 at 07:51:45 PM ERROR logger Model:229 - Not ready: The pistons must be homed before they can run. Press Start and it will do that first.
09/15/2026 at 07:51:45 PM WARNING logger Model:647 - Ignored Run: a stop or resting move is still running.
09/15/2026 at 07:51:45 PM ERROR logger Model:229 - Not ready: The pistons must be homed before they can run. Press Start and it will do that first.
09/15/2026 at 07:51:45 PM WARNING logger Model:647 - Ignored Run: a stop or resting move is still running.
09/15/2026 at 07:51:45 PM WARNING logger Model:2514 - Piston 30 covered only 0 mm of its 350 mm stroke over the last 3 seconds. It may be dragging or stuck.
09/15/2026 at 07:51:45 PM WARNING logger Model:2514 - Piston 29 covered only 0 mm of its 350 mm stroke over the last 3 seconds. It may be dragging or stuck.
09/15/2026 at 07:51:45 PM WARNING logger Model:2514 - Piston 28 covered only 0 mm of its 350 mm stroke over the last 3 seconds. It may be dragging or stuck.
09/15/2026 at 07:51:45 PM WARNING logger Model:2514 - Piston 27 covered only 0 mm of its 350 mm stroke over the last 3 seconds. It may be dragging or stuck.
09/15/2026 at 07:51:45 PM WARNING logger Model:2514 - Piston 26 covered only 0 mm of its 350 mm stroke over the last 3 seconds. It may be dragging or stuck.
09/15/2026 at 07:51:45 PM WARNING logger Model:2514 - Piston 25 covered only 0 mm of its 350 mm stroke over the last 3 seconds. It may be dragging or stuck.
09/15/2026 at 07:51:45 PM WARNING logger Model:2514 - Piston 24 covered only 0 mm of its 350 mm stroke over the last 3 seconds. It may be dragging or stuck.
09/15/2026 at 07:51:45 PM WARNING logger Model:2514 - Piston 23 covered only 0 mm of its 350 mm stroke over the last 3 seconds. It may be dragging or stuck.
09/15/2026 at 07:51:45 PM WARNING logger Model:2514 - Piston 22 covered only 0 mm of its 350 mm stroke over the last 3 seconds. It may be dragging or stuck.
09/15/2026 at 07:51:45 PM WARNING logger Model:2514 - Piston 21 covered only 0 mm of its 350 mm stroke over the last 3 seconds. It may be dragging or stuck.
09/15/2026 at 07:51:45 PM WARNING logger Model:2514 - Piston 20 covered only 0 mm of its 350 mm stroke over the last 3 seconds. It may be dragging or stuck.
09/15/2026 at 07:51:45 PM WARNING logger Model:2514 - Piston 19 covered only 0 mm of its 350 mm stroke over the last 3 seconds. It may be dragging or stuck.
09/15/2026 at 07:51:45 PM WARNING logger Model:2514 - Piston 18 covered only 0 mm of its 350 mm stroke over the last 3 seconds. It may be dragging or stuck.
09/15/2026 at 07:51:45 PM WARNING logger Model:2514 - Piston 17 covered only 0 mm of its 350 mm stroke over the last 3 seconds. It may be dragging or stuck.
09/15/2026 at 07:51:45 PM WARNING logger Model:2514 - Piston 16 covered only 0 mm of its 350 mm stroke over the last 3 seconds. It may be dragging or stuck.
09/15/2026 at 07:51:45 PM WARNING logger Model:2514 - Piston 15 covered only 0 mm of its 350 mm stroke over the last 3 seconds. It may be dragging or stuck.
09/15/2026 at 07:51:45 PM WARNING logger Model:2514 - Piston 14 covered only 0 mm of its 350 mm stroke over the last 3 seconds. It may be dragging or stuck.
09/15/2026 at 07:51:45 PM WARNING logger Model:2514 - Piston 13 covered only 0 mm of its 350 mm stroke over the last 3 seconds. It may be dragging or stuck.
09/15/2026 at 07:51:45 PM WARNING logger Model:2514 - Piston 12 covered only 0 mm of its 350 mm stroke over the last 3 seconds. It may be dragging or stuck.
09/15/2026 at 07:51:45 PM WARNING logger Model:2514 - Piston 11 covered only 0 mm of its 350 mm stroke over the last 3 seconds. It may be dragging or stuck.
09/15/2026 at 07:51:45 PM WARNING logger Model:2514 - Piston 10 covered only 0 mm of its 350 mm stroke over the last 3 seconds. It may be dragging or stuck.
09/15/2026 at 07:51:45 PM WARNING logger Model:2514 - Piston 9 covered only 0 mm of its 350 mm stroke over the last 3 seconds. It may be dragging or stuck.
09/15/2026 at 07:51:45 PM WARNING logger Model:2514 - Piston 8 covered only 0 mm of its 350 mm stroke over the last 3 seconds. It may be dragging or stuck.
09/15/2026 at 07:51:45 PM WARNING logger Model:2514 - Piston 7 covered only 0 mm of its 350 mm stroke over the last 3 seconds. It may be dragging or stuck.
09/15/2026 at 07:51:45 PM WARNING logger Model:2514 - Piston 6 covered only 0 mm of its 350 mm stroke over the last 3 seconds. It may be dragging or stuck.
09/15/2026 at 07:51:45 PM WARNING logger Model:2514 - Piston 5 covered only 0 mm of its 350 mm stroke over the last 3 seconds. It may be dragging or stuck.
09/15/2026 at 07:51:45 PM WARNING logger Model:2514 - Piston 4 covered only 0 mm of its 350 mm stroke over the last 3 seconds. It may be dragging or stuck.
09/15/2026 at 07:51:45 PM WARNING logger Model:2514 - Piston 3 covered only 0 mm of its 350 mm stroke over the last 3 seconds. It may be dragging or stuck.
09/15/2026 at 07:51:45 PM WARNING logger Model:2514 - Piston 2 covered only 0 mm of its 350 mm stroke over the last 3 seconds. It may be dragging or stuck.
09/15/2026 at 07:51:45 PM WARNING logger Model:2514 - Piston 1 covered only 0 mm of its 350 mm stroke over the last 3 seconds. It may be dragging or stuck.
09/15/2026 at 07:51:48 PM ERROR logger Model:229 - Nothing to prepare: Choose some pistons on the tank first.
09/15/2026 at 07:51:48 PM ERROR logger Model:229 - Not ready: The pistons must be homed before they can run. Press Start and it will do that first.
09/15/2026 at 07:51:48 PM ERROR logger Model:229 - No pistons selected: Choose some pistons on the tank first.
09/15/2026 at 07:51:48 PM ERROR logger Model:229 - No pistons selected: Choose some pistons on the tank first.
09/15/2026 at 07:51:48 PM ERROR logger Model:229 - Not ready: The pistons must be homed before they can run. Press Start and it will do that first.
09/15/2026 at 07:51:48 PM ERROR logger Model:229 - No pistons selected: Choose some pistons on the tank first.
09/15/2026 at 07:51:48 PM WARNING logger Model:2052 - The curve command was sent, but no piston moved more than 0 mm.
09/15/2026 at 07:51:48 PM ERROR logger Model:229 - Nothing moved: The curve command was sent, but no piston moved more than 0 mm.

The command reached the controller, so this is not a connection problem. Likely causes:

  - the keyswitch on the front of the controller is at PROG, so the ladder is not scanning. Tags can still be read and written in that mode, which is why this looked like it connected. Turn it to RUN.
  - for a curve: no curve is loaded on the controller for the Curve ID you set, so there is nothing to run
  - the stroke is set so small there is nothing to see
09/15/2026 at 07:51:48 PM WARNING logger Model:2277 - Pistons did not all reach the resting position.
09/15/2026 at 07:51:48 PM ERROR logger Model:229 - Not ready: The pistons must be homed before they can run. Press Start and it will do that first.
09/15/2026 at 07:51:48 PM ERROR logger Model:229 - Nothing to prepare: Choose some pistons on the tank first.
09/15/2026 at 07:51:48 PM ERROR logger Model:229 - Nothing to prepare: Choose some pistons on the tank first.
09/15/2026 at 07:51:48 PM ERROR logger Model:229 - Nothing to prepare: Choose some pistons on the tank first.
09/15/2026 at 07:51:48 PM ERROR logger Model:229 - No pistons selected: Choose some pistons on the tank first.
09/15/2026 at 07:51:48 PM ERROR logger Model:229 - Not ready: The pistons must be homed before they can run. Press Start and it will do that first.
09/15/2026 at 07:51:48 PM ERROR logger Model:229 - Not ready: The pistons must be homed before they can run. Press Start and it will do that first.
09/15/2026 at 07:51:48 PM ERROR logger Model:229 - Nothing to prepare: Choose some pistons on the tank first.
09/15/2026 at 07:51:48 PM ERROR logger Model:229 - Not ready: The pistons must be homed before they can run. Press Start and it will do that first.
09/15/2026 at 07:51:48 PM ERROR logger Model:229 - No pistons selected: Choose some pistons on the tank first.
09/15/2026 at 07:51:48 PM WARNING logger Model:2052 - The curve command was sent, but no piston moved more than 0 mm.
09/15/2026 at 07:51:48 PM ERROR logger Model:229 - Nothing moved: The curve command was sent, but no piston moved more than 0 mm.

The command reached the controller, so this is not a connection problem. Likely causes:

  - the keyswitch on the front of the controller is at PROG, so the ladder is not scanning. Tags can still be read and written in that mode, which is why this looked like it connected. Turn it to RUN.
  - for a curve: no curve is loaded on the controller for the Curve ID you set, so there is nothing to run
  - the stroke is set so small there is nothing to see
09/15/2026 at 07:51:48 PM ERROR logger Model:229 - Nothing to prepare: Choose some pistons on the tank first.
09/15/2026 at 07:51:48 PM ERROR logger Model:229 - No pistons selected: Choose some pistons on the tank first.
09/15/2026 at 07:51:48 PM ERROR logger Model:229 - Not ready: The pistons must be homed before they can run. Press Start and it will do that first.
09/15/2026 at 07:51:48 PM ERROR logger Model:229 - No pistons selected: Choose some pistons on the tank first.
09/15/2026 at 07:51:48 PM ERROR logger Model:229 - Not ready: The pistons must be homed before they can run. Press Start and it will do that first.
09/15/2026 at 07:51:48 PM WARNING logger Model:2052 - The stroke command was sent, but no piston moved more than 0 mm.
09/15/2026 at 07:51:48 PM ERROR logger Model:229 - Nothing moved: The stroke command was sent, but no piston moved more than 0 mm.

The command reached the controller, so this is not a connection problem. Likely causes:

  - the keyswitch on the front of the controller is at PROG, so the ladder is not scanning. Tags can still be read and written in that mode, which is why this looked like it connected. Turn it to RUN.
  - for a curve: no curve is loaded on the controller for the Curve ID you set, so there is nothing to run
  - the stroke is set so small there is nothing to see
09/15/2026 at 07:51:48 PM ERROR logger Model:229 - Not ready: The pistons must be homed before they can run. Press Start and it will do that first.
09/15/2026 at 07:51:48 PM WARNING logger Model:2052 - The curve command was sent, but no piston moved more than 0 mm.
09/15/2026 at 07:51:48 PM ERROR logger Model:229 - Nothing moved: The curve command was sent, but no piston moved more than 0 mm.

The command reached the controller, so this is not a connection problem. Likely causes:

  - the keyswitch on the front of the controller is at PROG, so the ladder is not scanning. Tags can still be read and written in that mode, which is why this looked like it connected. Turn it to RUN.
  - for a curve: no curve is loaded on the controller for the Curve ID you set, so there is nothing to run
  - the stroke is set so small there is nothing to see
09/15/2026 at 07:51:48 PM ERROR logger Model:229 - Not ready: The pistons must be homed before they can run. Press Start and it will do that first.
09/15/2026 at 07:51:48 PM ERROR logger Model:229 - Not ready: The pistons must be homed before they can run. Press Start and it will do that first.
09/15/2026 at 07:51:48 PM ERROR logger Model:229 - Not ready: The pistons must be homed before they can run. Press Start and it will do that first.
09/15/2026 at 07:51:48 PM WARNING logger Model:2052 - The stroke command was sent, but no piston moved more than 0 mm.
09/15/2026 at 07:51:48 PM ERROR logger Model:229 - Nothing moved: The stroke command was sent, but no piston moved more than 0 mm.

The command reached the controller, so this is not a connection problem. Likely causes:

  - the keyswitch on the front of the controller is at PROG, so the ladder is not scanning. Tags can still be read and written in that mode, which is why this looked like it connected. Turn it to RUN.
  - for a curve: no curve is loaded on the controller for the Curve ID you set, so there is nothing to run
  - the stroke is set so small there is nothing to see
09/15/2026 at 07:51:48 PM WARNING logger Model:2052 - The stroke command was sent, but no piston moved more than 0 mm.
09/15/2026 at 07:51:48 PM ERROR logger Model:229 - Nothing moved: The stroke command was sent, but no piston moved more than 0 mm.

The command reached the controller, so this is not a connection problem. Likely causes:

  - the keyswitch on the front of the controller is at PROG, so the ladder is not scanning. Tags can still be read and written in that mode, which is why this looked like it connected. Turn it to RUN.
  - for a curve: no curve is loaded on the controller for the Curve ID you set, so there is nothing to run
  - the stroke is set so small there is nothing to see
09/15/2026 at 07:51:48 PM WARNING logger Model:2052 - The curve command was sent, but no piston moved more than 0 mm.
09/15/2026 at 07:51:48 PM ERROR logger Model:229 - Nothing moved: The curve command was sent, but no piston moved more than 0 mm.

The command reached the controller, so this is not a connection problem. Likely causes:

  - the keyswitch on the front of the controller is at PROG, so the ladder is not scanning. Tags can still be read and written in that mode, which is why this looked like it connected. Turn it to RUN.
  - for a curve: no curve is loaded on the controller for the Curve ID you set, so there is nothing to run
  - the stroke is set so small there is nothing to see
09/15/2026 at 07:51:48 PM WARNING logger Model:2052 - The stroke command was sent, but no piston moved more than 0 mm.
09/15/2026 at 07:51:48 PM ERROR logger Model:229 - Nothing moved: The stroke command was sent, but no piston moved more than 0 mm.

The command reached the controller, so this is not a connection problem. Likely causes:

  - the keyswitch on the front of the controller is at PROG, so the ladder is not scanning. Tags can still be read and written in that mode, which is why this looked like it connected. Turn it to RUN.
  - for a curve: no curve is loaded on the controller for the Curve ID you set, so there is nothing to run
  - the stroke is set so small there is nothing to see
09/15/2026 at 07:51:48 PM WARNING logger Model:2052 - The stroke command was sent, but no piston moved more than 0 mm.
09/15/2026 at 07:51:48 PM ERROR logger Model:229 - Nothing moved: The stroke command was sent, but no piston moved more than 0 mm.

The command reached the controller, so this is not a connection problem. Likely causes:

  - the keyswitch on the front of the controller is at PROG, so the ladder is not scanning. Tags can still be read and written in that mode, which is why this looked like it connected. Turn it to RUN.
  - for a curve: no curve is loaded on the controller for the Curve ID you set, so there is nothing to run
  - the stroke is set so small there is nothing to see
09/15/2026 at 07:51:48 PM ERROR logger Model:229 - Not ready: The pistons must be homed before they can run. Press Start and it will do that first.
09/15/2026 at 07:51:48 PM ERROR logger Model:229 - Not ready: The pistons must be homed before they can run. Press Start and it will do that first.
09/15/2026 at 07:51:48 PM ERROR logger Model:229 - Nothing to prepare: Choose some pistons on the tank first.
09/15/2026 at 07:51:48 PM WARNING logger Model:2277 - Pistons did not all reach the resting position.
09/15/2026 at 07:51:48 PM WARNING logger Model:2277 - Pistons did not all reach the resting position.
09/15/2026 at 07:51:48 PM ERROR logger Model:229 - Not ready: The pistons must be homed before they can run. Press Start and it will do that first.
09/15/2026 at 07:51:48 PM ERROR logger Model:229 - Not ready: The pistons must be homed before they can run. Press Start and it will do that first.
09/15/2026 at 07:51:48 PM ERROR logger Model:229 - Nothing to prepare: Choose some pistons on the tank first.
09/15/2026 at 07:51:48 PM ERROR logger Model:229 - No pistons selected: Choose some pistons on the tank first.
09/15/2026 at 07:51:48 PM ERROR logger Model:229 - No pistons selected: Choose some pistons on the tank first.
09/15/2026 at 07:51:48 PM ERROR logger Model:229 - Nothing to prepare: Choose some pistons on the tank first.
09/15/2026 at 07:51:48 PM WARNING logger Model:647 - Ignored Prepare: a stop or resting move is still running.
09/15/2026 at 07:51:48 PM ERROR logger Model:229 - Nothing to prepare: Choose some pistons on the tank first.
09/15/2026 at 07:51:48 PM ERROR logger Model:229 - No pistons selected: Choose some pistons on the tank first.
09/15/2026 at 07:51:48 PM WARNING logger Model:2052 - The curve command was sent, but no piston moved more than 0 mm.
09/15/2026 at 07:51:48 PM ERROR logger Model:229 - Nothing moved: The curve command was sent, but no piston moved more than 0 mm.

The command reached the controller, so this is not a connection problem. Likely causes:

  - the keyswitch on the front of the controller is at PROG, so the ladder is not scanning. Tags can still be read and written in that mode, which is why this looked like it connected. Turn it to RUN.
  - for a curve: no curve is loaded on the controller for the Curve ID you set, so there is nothing to run
  - the stroke is set so small there is nothing to see
09/15/2026 at 07:51:48 PM ERROR logger Model:229 - Not ready: The pistons must be homed before they can run. Press Start and it will do that first.
09/15/2026 at 07:51:48 PM WARNING logger Model:2052 - The curve command was sent, but no piston moved more than 0 mm.
09/15/2026 at 07:51:48 PM ERROR logger Model:229 - Nothing moved: The curve command was sent, but no piston moved more than 0 mm.

The command reached the controller, so this is not a connection problem. Likely causes:

  - the keyswitch on the front of the controller is at PROG, so the ladder is not scanning. Tags can still be read and written in that mode, which is why this looked like it connected. Turn it to RUN.
  - for a curve: no curve is loaded on the controller for the Curve ID you set, so there is nothing to run
  - the stroke is set so small there is nothing to see
09/15/2026 at 07:51:48 PM ERROR logger Model:229 - Not ready: The pistons must be homed before they can run. Press Start and it will do that first.
09/15/2026 at 07:51:48 PM ERROR logger Model:229 - Nothing to prepare: Choose some pistons on the tank first.
09/15/2026 at 07:51:48 PM ERROR logger Model:229 - No pistons selected: Choose some pistons on the tank first.
09/15/2026 at 07:51:48 PM ERROR logger Model:229 - Nothing to prepare: Choose some pistons on the tank first.
09/15/2026 at 07:51:48 PM ERROR logger Model:229 - Nothing to prepare: Choose some pistons on the tank first.
09/15/2026 at 07:51:48 PM ERROR logger Model:229 - Nothing to prepare: Choose some pistons on the tank first.
09/15/2026 at 07:51:48 PM ERROR logger Model:229 - Not ready: The pistons must be homed before they can run. Press Start and it will do that first.
09/15/2026 at 07:51:48 PM ERROR logger Model:229 - Nothing to prepare: Choose some pistons on the tank first.
09/15/2026 at 07:51:48 PM ERROR logger Model:229 - Not ready: The pistons must be homed before they can run. Press Start and it will do that first.
09/15/2026 at 07:51:48 PM ERROR logger Model:229 - Nothing to prepare: Choose some pistons on the tank first.
09/15/2026 at 07:51:48 PM ERROR logger Model:229 - Nothing to prepare: Choose some pistons on the tank first.
09/15/2026 at 07:51:48 PM ERROR logger Model:229 - Not ready: The pistons must be homed before they can run. Press Start and it will do that first.
09/15/2026 at 07:51:48 PM ERROR logger Model:229 - Not ready: The pistons must be homed before they can run. Press Start and it will do that first.
09/15/2026 at 07:51:48 PM ERROR logger Model:229 - No pistons selected: Choose some pistons on the tank first.
09/15/2026 at 07:51:48 PM ERROR logger Model:229 - Not ready: The pistons must be homed before they can run. Press Start and it will do that first.
09/15/2026 at 07:51:48 PM WARNING logger Model:2052 - The stroke command was sent, but no piston moved more than 0 mm.
09/15/2026 at 07:51:48 PM ERROR logger Model:229 - Nothing moved: The stroke command was sent, but no piston moved more than 0 mm.

The command reached the controller, so this is not a connection problem. Likely causes:

  - the keyswitch on the front of the controller is at PROG, so the ladder is not scanning. Tags can still be read and written in that mode, which is why this looked like it connected. Turn it to RUN.
  - for a curve: no curve is loaded on the controller for the Curve ID you set, so there is nothing to run
  - the stroke is set so small there is nothing to see
09/15/2026 at 07:51:48 PM WARNING logger Model:2277 - Pistons did not all reach the resting position.
09/15/2026 at 07:51:48 PM ERROR logger Model:229 - Not ready: The pistons must be homed before they can run. Press Start and it will do that first.
09/15/2026 at 07:51:48 PM WARNING logger Model:2277 - Pistons did not all reach the resting position.
09/15/2026 at 07:51:48 PM WARNING logger Model:2277 - Pistons did not all reach the resting position.
09/15/2026 at 07:51:48 PM WARNING logger Model:2052 - The curve command was sent, but no piston moved more than 0 mm.
09/15/2026 at 07:51:48 PM ERROR logger Model:229 - Nothing moved: The curve command was sent, but no piston moved more than 0 mm.

The command reached the controller, so this is not a connection problem. Likely causes:

  - the keyswitch on the front of the controller is at PROG, so the ladder is not scanning. Tags can still be read and written in that mode, which is why this looked like it connected. Turn it to RUN.
  - for a curve: no curve is loaded on the controller for the Curve ID you set, so there is nothing to run
  - the stroke is set so small there is nothing to see
09/15/2026 at 07:51:48 PM WARNING logger Model:2277 - Pistons did not all reach the resting position.
09/15/2026 at 07:51:48 PM WARNING logger Model:2052 - The stroke command was sent, but no piston moved more than 0 mm.
09/15/2026 at 07:51:48 PM ERROR logger Model:229 - Nothing moved: The stroke command was sent, but no piston moved more than 0 mm.

The command reached the controller, so this is not a connection problem. Likely causes:

  - the keyswitch on the front of the controller is at PROG, so the ladder is not scanning. Tags can still be read and written in that mode, which is why this looked like it connected. Turn it to RUN.
  - for a curve: no curve is loaded on the controller for the Curve ID you set, so there is nothing to run
  - the stroke is set so small there is nothing to see
09/15/2026 at 07:51:48 PM WARNING logger Model:2052 - The curve command was sent, but no piston moved more than 0 mm.
09/15/2026 at 07:51:48 PM ERROR logger Model:229 - Nothing moved: The curve command was sent, but no piston moved more than 0 mm.

The command reached the controller, so this is not a connection problem. Likely causes:

  - the keyswitch on the front of the controller is at PROG, so the ladder is not scanning. Tags can still be read and written in that mode, which is why this looked like it connected. Turn it to RUN.
  - for a curve: no curve is loaded on the controller for the Curve ID you set, so there is nothing to run
  - the stroke is set so small there is nothing to see
09/15/2026 at 07:51:48 PM ERROR logger Model:229 - Not ready: The pistons must be homed before they can run. Press Start and it will do that first.
09/15/2026 at 07:51:48 PM ERROR logger Model:229 - No pistons selected: Choose some pistons on the tank first.
09/15/2026 at 07:51:48 PM ERROR logger Model:229 - Not ready: The pistons must be homed before they can run. Press Start and it will do that first.
09/15/2026 at 07:51:48 PM ERROR logger Model:229 - No pistons selected: Choose some pistons on the tank first.
09/15/2026 at 07:51:48 PM ERROR logger Model:229 - Not ready: The pistons must be homed before they can run. Press Start and it will do that first.
09/15/2026 at 07:51:48 PM ERROR logger Model:229 - Not ready: The pistons must be homed before they can run. Press Start and it will do that first.
09/15/2026 at 07:51:48 PM ERROR logger Model:229 - Not ready: The pistons must be homed before they can run. Press Start and it will do that first.
09/15/2026 at 07:51:48 PM ERROR logger Model:229 - Nothing to prepare: Choose some pistons on the tank first.
09/15/2026 at 07:51:48 PM WARNING logger Model:2052 - The curve command was sent, but no piston moved more than 0 mm.
09/15/2026 at 07:51:48 PM ERROR logger Model:229 - Nothing moved: The curve command was sent, but no piston moved more than 0 mm.

The command reached the controller, so this is not a connection problem. Likely causes:

  - the keyswitch on the front of the controller is at PROG, so the ladder is not scanning. Tags can still be read and written in that mode, which is why this looked like it connected. Turn it to RUN.
  - for a curve: no curve is loaded on the controller for the Curve ID you set, so there is nothing to run
  - the stroke is set so small there is nothing to see
09/15/2026 at 07:51:48 PM WARNING logger Model:2052 - The curve command was sent, but no piston moved more than 0 mm.
09/15/2026 at 07:51:48 PM ERROR logger Model:229 - Nothing moved: The curve command was sent, but no piston moved more than 0 mm.

The command reached the controller, so this is not a connection problem. Likely causes:

  - the keyswitch on the front of the controller is at PROG, so the ladder is not scanning. Tags can still be read and written in that mode, which is why this looked like it connected. Turn it to RUN.
  - for a curve: no curve is loaded on the controller for the Curve ID you set, so there is nothing to run
  - the stroke is set so small there is nothing to see
09/15/2026 at 07:51:48 PM WARNING logger Model:2052 - The curve command was sent, but no piston moved more than 0 mm.
09/15/2026 at 07:51:48 PM ERROR logger Model:229 - Nothing moved: The curve command was sent, but no piston moved more than 0 mm.

The command reached the controller, so this is not a connection problem. Likely causes:

  - the keyswitch on the front of the controller is at PROG, so the ladder is not scanning. Tags can still be read and written in that mode, which is why this looked like it connected. Turn it to RUN.
  - for a curve: no curve is loaded on the controller for the Curve ID you set, so there is nothing to run
  - the stroke is set so small there is nothing to see
09/15/2026 at 07:51:48 PM WARNING logger Model:647 - Ignored Run: a stop or resting move is still running.
09/15/2026 at 07:51:48 PM ERROR logger Model:229 - Nothing to prepare: Choose some pistons on the tank first.
09/15/2026 at 07:51:48 PM WARNING logger Model:2052 - The curve command was sent, but no piston moved more than 0 mm.
09/15/2026 at 07:51:48 PM ERROR logger Model:229 - Nothing moved: The curve command was sent, but no piston moved more than 0 mm.

The command reached the controller, so this is not a connection problem. Likely causes:

  - the keyswitch on the front of the controller is at PROG, so the ladder is not scanning. Tags can still be read and written in that mode, which is why this looked like it connected. Turn it to RUN.
  - for a curve: no curve is loaded on the controller for the Curve ID you set, so there is nothing to run
  - the stroke is set so small there is nothing to see
09/15/2026 at 07:51:48 PM ERROR logger Model:229 - Nothing to prepare: Choose some pistons on the tank first.
09/15/2026 at 07:51:48 PM ERROR logger Model:229 - Nothing to prepare: Choose some pistons on the tank first.
09/15/2026 at 07:51:48 PM ERROR logger Model:229 - No pistons selected: Choose some pistons on the tank first.
09/15/2026 at 07:51:48 PM ERROR logger Model:229 - Nothing to prepare: Choose some pistons on the tank first.
09/15/2026 at 07:51:48 PM ERROR logger Model:229 - Nothing to prepare: Choose some pistons on the tank first.
09/15/2026 at 07:51:48 PM ERROR logger Model:229 - Not ready: The pistons must be homed before they can run. Press Start and it will do that first.
09/15/2026 at 07:51:48 PM WARNING logger Model:647 - Ignored Prepare: a stop or resting move is still running.
09/15/2026 at 07:51:48 PM WARNING logger Model:647 - Ignored Run: a stop or resting move is still running.
09/15/2026 at 07:51:48 PM WARNING logger Model:647 - Ignored Calibrate: a stop or resting move is still running.
09/15/2026 at 07:51:48 PM WARNING logger Model:647 - Ignored Prepare: a stop or resting move is still running.
09/15/2026 at 07:51:48 PM WARNING logger Model:647 - Ignored Calibrate: a stop or resting move is still running.
09/15/2026 at 07:51:48 PM WARNING logger Model:647 - Ignored Prepare: a stop or resting move is still running.
09/15/2026 at 07:51:48 PM WARNING logger Model:647 - Ignored Prepare: a stop or resting move is still running.
09/15/2026 at 07:51:48 PM WARNING logger Model:647 - Ignored Prepare: a stop or resting move is still running.
09/15/2026 at 07:51:48 PM ERROR logger Model:229 - Not ready: The pistons must be homed before they can run. Press Start and it will do that first.
09/15/2026 at 07:51:48 PM ERROR logger Model:229 - Not ready: The pistons must be homed before they can run. Press Start and it will do that first.
09/15/2026 at 07:51:48 PM ERROR logger Model:229 - Nothing to prepare: Choose some pistons on the tank first.
09/15/2026 at 07:51:48 PM ERROR logger Model:229 - Not ready: The pistons must be homed before they can run. Press Start and it will do that first.
09/15/2026 at 07:51:48 PM ERROR logger Model:229 - Not ready: The pistons must be homed before they can run. Press Start and it will do that first.
09/15/2026 at 07:51:48 PM WARNING logger Model:2277 - Pistons did not all reach the resting position.
09/15/2026 at 07:51:48 PM WARNING logger Model:2277 - Pistons did not all reach the resting position.
09/15/2026 at 07:51:48 PM WARNING logger Model:2277 - Pistons did not all reach the resting position.
09/15/2026 at 07:51:48 PM ERROR logger Model:229 - Not ready: The pistons must be homed before they can run. Press Start and it will do that first.
09/15/2026 at 07:51:48 PM WARNING logger Model:2277 - Pistons did not all reach the resting position.
09/15/2026 at 07:51:48 PM WARNING logger Model:2052 - The curve command was sent, but no piston moved more than 0 mm.
09/15/2026 at 07:51:48 PM ERROR logger Model:229 - Nothing moved: The curve command was sent, but no piston moved more than 0 mm.

The command reached the controller, so this is not a connection problem. Likely causes:

  - the keyswitch on the front of the controller is at PROG, so the ladder is not scanning. Tags can still be read and written in that mode, which is why this looked like it connected. Turn it to RUN.
  - for a curve: no curve is loaded on the controller for the Curve ID you set, so there is nothing to run
  - the stroke is set so small there is nothing to see
09/15/2026 at 07:51:48 PM WARNING logger Model:2277 - Pistons did not all reach the resting position.
09/15/2026 at 07:51:48 PM WARNING logger Model:2277 - Pistons did not all reach the resting position.
09/15/2026 at 07:51:48 PM WARNING logger Model:2277 - Pistons did not all reach the resting position.
09/15/2026 at 07:51:48 PM WARNING logger Model:2052 - The curve command was sent, but no piston moved more than 0 mm.
09/15/2026 at 07:51:48 PM ERROR logger Model:229 - Nothing moved: The curve command was sent, but no piston moved more than 0 mm.

The command reached the controller, so this is not a connection problem. Likely causes:

  - the keyswitch on the front of the controller is at PROG, so the ladder is not scanning. Tags can still be read and written in that mode, which is why this looked like it connected. Turn it to RUN.
  - for a curve: no curve is loaded on the controller for the Curve ID you set, so there is nothing to run
  - the stroke is set so small there is nothing to see
09/15/2026 at 07:51:48 PM WARNING logger Model:2277 - Pistons did not all reach the resting position.
09/15/2026 at 07:51:48 PM WARNING logger Model:2277 - Pistons did not all reach the resting position.
09/15/2026 at 07:51:48 PM ERROR logger Model:229 - Not ready: The pistons must be homed before they can run. Press Start and it will do that first.
09/15/2026 at 07:51:49 PM WARNING logger Model:647 - Ignored Calibrate: a stop or resting move is still running.
09/15/2026 at 07:51:49 PM WARNING logger Model:2277 - Pistons did not all reach the resting position.
09/15/2026 at 07:51:49 PM WARNING logger Model:2277 - Pistons did not all reach the resting position.
09/15/2026 at 07:51:49 PM ERROR logger Model:229 - Not ready: The pistons must be homed before they can run. Press Start and it will do that first.
09/15/2026 at 07:51:49 PM ERROR logger Model:229 - Nothing to prepare: Choose some pistons on the tank first.
09/15/2026 at 07:51:49 PM ERROR logger Model:229 - No pistons selected: Choose some pistons on the tank first.
09/15/2026 at 07:51:49 PM ERROR logger Model:229 - No pistons selected: Choose some pistons on the tank first.
09/15/2026 at 07:51:49 PM ERROR logger Model:229 - Not ready: The pistons must be homed before they can run. Press Start and it will do that first.
09/15/2026 at 07:51:49 PM ERROR logger Model:229 - Not ready: The pistons must be homed before they can run. Press Start and it will do that first.
09/15/2026 at 07:51:49 PM ERROR logger Model:229 - No pistons selected: Choose some pistons on the tank first.
09/15/2026 at 07:51:49 PM WARNING logger Model:2052 - The stroke command was sent, but no piston moved more than 0 mm.
09/15/2026 at 07:51:49 PM ERROR logger Model:229 - Nothing moved: The stroke command was sent, but no piston moved more than 0 mm.

The command reached the controller, so this is not a connection problem. Likely causes:

  - the keyswitch on the front of the controller is at PROG, so the ladder is not scanning. Tags can still be read and written in that mode, which is why this looked like it connected. Turn it to RUN.
  - for a curve: no curve is loaded on the controller for the Curve ID you set, so there is nothing to run
  - the stroke is set so small there is nothing to see
09/15/2026 at 07:51:49 PM ERROR logger Model:229 - No pistons selected: Choose some pistons on the tank first.
09/15/2026 at 07:51:49 PM ERROR logger Model:229 - Nothing to prepare: Choose some pistons on the tank first.
09/15/2026 at 07:51:49 PM ERROR logger Model:229 - Not ready: The pistons must be homed before they can run. Press Start and it will do that first.
09/15/2026 at 07:51:49 PM ERROR logger Model:229 - Nothing to prepare: Choose some pistons on the tank first.
09/15/2026 at 07:51:49 PM ERROR logger Model:229 - Not ready: The pistons must be homed before they can run. Press Start and it will do that first.
09/15/2026 at 07:51:49 PM ERROR logger Model:229 - Nothing to prepare: Choose some pistons on the tank first.
09/15/2026 at 07:51:49 PM ERROR logger Model:229 - No pistons selected: Choose some pistons on the tank first.
09/15/2026 at 07:51:49 PM WARNING logger Model:2052 - The curve command was sent, but no piston moved more than 0 mm.
09/15/2026 at 07:51:49 PM ERROR logger Model:229 - Nothing moved: The curve command was sent, but no piston moved more than 0 mm.

The command reached the controller, so this is not a connection problem. Likely causes:

  - the keyswitch on the front of the controller is at PROG, so the ladder is not scanning. Tags can still be read and written in that mode, which is why this looked like it connected. Turn it to RUN.
  - for a curve: no curve is loaded on the controller for the Curve ID you set, so there is nothing to run
  - the stroke is set so small there is nothing to see
09/15/2026 at 07:51:49 PM WARNING logger Model:2277 - Pistons did not all reach the resting position.
09/15/2026 at 07:51:49 PM WARNING logger Model:2277 - Pistons did not all reach the resting position.
09/15/2026 at 07:51:49 PM WARNING logger Model:2052 - The stroke command was sent, but no piston moved more than 0 mm.
09/15/2026 at 07:51:49 PM ERROR logger Model:229 - Nothing moved: The stroke command was sent, but no piston moved more than 0 mm.

The command reached the controller, so this is not a connection problem. Likely causes:

  - the keyswitch on the front of the controller is at PROG, so the ladder is not scanning. Tags can still be read and written in that mode, which is why this looked like it connected. Turn it to RUN.
  - for a curve: no curve is loaded on the controller for the Curve ID you set, so there is nothing to run
  - the stroke is set so small there is nothing to see
09/15/2026 at 07:51:49 PM WARNING logger Model:1821 - Staging did not complete within 0.0 seconds; running unstaggered.
09/15/2026 at 07:51:49 PM ERROR logger Model:229 - Nothing to prepare: Choose some pistons on the tank first.
09/15/2026 at 07:51:49 PM ERROR logger Model:229 - Not ready: The pistons must be homed before they can run. Press Start and it will do that first.
09/15/2026 at 07:51:49 PM ERROR logger Model:229 - No pistons selected: Choose some pistons on the tank first.
09/15/2026 at 07:51:49 PM WARNING logger Model:2277 - Pistons did not all reach the resting position.
09/15/2026 at 07:51:49 PM ERROR logger Model:229 - Not ready: The pistons must be homed before they can run. Press Start and it will do that first.
09/15/2026 at 07:51:49 PM ERROR logger Model:229 - Nothing to prepare: Choose some pistons on the tank first.
09/15/2026 at 07:51:49 PM ERROR logger Model:229 - Not ready: The pistons must be homed before they can run. Press Start and it will do that first.
09/15/2026 at 07:51:49 PM ERROR logger Model:229 - Not ready: The pistons must be homed before they can run. Press Start and it will do that first.
09/15/2026 at 07:51:49 PM ERROR logger Model:229 - Not ready: The pistons must be homed before they can run. Press Start and it will do that first.
09/15/2026 at 07:51:49 PM ERROR logger Model:229 - Not ready: The pistons must be homed before they can run. Press Start and it will do that first.
09/15/2026 at 07:51:49 PM WARNING logger Model:2052 - The curve command was sent, but no piston moved more than 0 mm.
09/15/2026 at 07:51:49 PM ERROR logger Model:229 - Nothing moved: The curve command was sent, but no piston moved more than 0 mm.

The command reached the controller, so this is not a connection problem. Likely causes:

  - the keyswitch on the front of the controller is at PROG, so the ladder is not scanning. Tags can still be read and written in that mode, which is why this looked like it connected. Turn it to RUN.
  - for a curve: no curve is loaded on the controller for the Curve ID you set, so there is nothing to run
  - the stroke is set so small there is nothing to see
09/15/2026 at 07:51:49 PM ERROR logger Model:229 - Not ready: The pistons must be homed before they can run. Press Start and it will do that first.
09/15/2026 at 07:51:49 PM WARNING logger Model:2052 - The curve command was sent, but no piston moved more than 0 mm.
09/15/2026 at 07:51:49 PM ERROR logger Model:229 - Nothing moved: The curve command was sent, but no piston moved more than 0 mm.

The command reached the controller, so this is not a connection problem. Likely causes:

  - the keyswitch on the front of the controller is at PROG, so the ladder is not scanning. Tags can still be read and written in that mode, which is why this looked like it connected. Turn it to RUN.
  - for a curve: no curve is loaded on the controller for the Curve ID you set, so there is nothing to run
  - the stroke is set so small there is nothing to see
09/15/2026 at 07:51:49 PM ERROR logger Model:229 - Not ready: The pistons must be homed before they can run. Press Start and it will do that first.
09/15/2026 at 07:51:49 PM ERROR logger Model:229 - Nothing to prepare: Choose some pistons on the tank first.
09/15/2026 at 07:51:49 PM ERROR logger Model:229 - No pistons selected: Choose some pistons on the tank first.
09/15/2026 at 07:51:49 PM ERROR logger Model:229 - No pistons selected: Choose some pistons on the tank first.
09/15/2026 at 07:51:49 PM ERROR logger Model:229 - No pistons selected: Choose some pistons on the tank first.
09/15/2026 at 07:51:49 PM ERROR logger Model:229 - Not ready: The pistons must be homed before they can run. Press Start and it will do that first.
09/15/2026 at 07:51:49 PM ERROR logger Model:229 - Not ready: The pistons must be homed before they can run. Press Start and it will do that first.
09/15/2026 at 07:51:49 PM WARNING logger Model:2052 - The stroke command was sent, but no piston moved more than 0 mm.
09/15/2026 at 07:51:49 PM ERROR logger Model:229 - Nothing moved: The stroke command was sent, but no piston moved more than 0 mm.

The command reached the controller, so this is not a connection problem. Likely causes:

  - the keyswitch on the front of the controller is at PROG, so the ladder is not scanning. Tags can still be read and written in that mode, which is why this looked like it connected. Turn it to RUN.
  - for a curve: no curve is loaded on the controller for the Curve ID you set, so there is nothing to run
  - the stroke is set so small there is nothing to see
09/15/2026 at 07:51:49 PM WARNING logger Model:2052 - The stroke command was sent, but no piston moved more than 0 mm.
09/15/2026 at 07:51:49 PM ERROR logger Model:229 - Nothing moved: The stroke command was sent, but no piston moved more than 0 mm.

The command reached the controller, so this is not a connection problem. Likely causes:

  - the keyswitch on the front of the controller is at PROG, so the ladder is not scanning. Tags can still be read and written in that mode, which is why this looked like it connected. Turn it to RUN.
  - for a curve: no curve is loaded on the controller for the Curve ID you set, so there is nothing to run
  - the stroke is set so small there is nothing to see
09/15/2026 at 07:51:49 PM WARNING logger Model:2052 - The stroke command was sent, but no piston moved more than 0 mm.
09/15/2026 at 07:51:49 PM ERROR logger Model:229 - Nothing moved: The stroke command was sent, but no piston moved more than 0 mm.

The command reached the controller, so this is not a connection problem. Likely causes:

  - the keyswitch on the front of the controller is at PROG, so the ladder is not scanning. Tags can still be read and written in that mode, which is why this looked like it connected. Turn it to RUN.
  - for a curve: no curve is loaded on the controller for the Curve ID you set, so there is nothing to run
  - the stroke is set so small there is nothing to see
09/15/2026 at 07:51:50 PM ERROR logger Model:229 - Nothing to prepare: Choose some pistons on the tank first.
09/15/2026 at 07:51:50 PM ERROR logger Model:229 - Nothing to prepare: Choose some pistons on the tank first.
09/15/2026 at 07:51:50 PM ERROR logger Model:229 - Nothing to prepare: Choose some pistons on the tank first.
09/15/2026 at 07:51:50 PM ERROR logger Model:229 - Nothing to prepare: Choose some pistons on the tank first.
09/15/2026 at 07:51:50 PM ERROR logger Model:229 - Nothing to prepare: Choose some pistons on the tank first.
09/15/2026 at 07:51:50 PM ERROR logger Model:229 - No pistons selected: Choose some pistons on the tank first.
09/15/2026 at 07:51:50 PM WARNING logger Model:2052 - The curve command was sent, but no piston moved more than 0 mm.
09/15/2026 at 07:51:50 PM ERROR logger Model:229 - Nothing moved: The curve command was sent, but no piston moved more than 0 mm.

The command reached the controller, so this is not a connection problem. Likely causes:

  - the keyswitch on the front of the controller is at PROG, so the ladder is not scanning. Tags can still be read and written in that mode, which is why this looked like it connected. Turn it to RUN.
  - for a curve: no curve is loaded on the controller for the Curve ID you set, so there is nothing to run
  - the stroke is set so small there is nothing to see
09/15/2026 at 07:51:50 PM WARNING logger Model:2277 - Pistons did not all reach the resting position.
09/15/2026 at 07:51:50 PM WARNING logger Model:2052 - The curve command was sent, but no piston moved more than 0 mm.
09/15/2026 at 07:51:50 PM ERROR logger Model:229 - Nothing moved: The curve command was sent, but no piston moved more than 0 mm.

The command reached the controller, so this is not a connection problem. Likely causes:

  - the keyswitch on the front of the controller is at PROG, so the ladder is not scanning. Tags can still be read and written in that mode, which is why this looked like it connected. Turn it to RUN.
  - for a curve: no curve is loaded on the controller for the Curve ID you set, so there is nothing to run
  - the stroke is set so small there is nothing to see
09/15/2026 at 07:51:50 PM ERROR logger Model:229 - Not ready: The pistons must be homed before they can run. Press Start and it will do that first.
09/15/2026 at 07:51:50 PM ERROR logger Model:229 - Not ready: The pistons must be homed before they can run. Press Start and it will do that first.
09/15/2026 at 07:51:50 PM ERROR logger Model:229 - Not ready: The pistons must be homed before they can run. Press Start and it will do that first.
09/15/2026 at 07:51:50 PM ERROR logger Model:229 - Not ready: The pistons must be homed before they can run. Press Start and it will do that first.
09/15/2026 at 07:51:50 PM ERROR logger Model:229 - Nothing to prepare: Choose some pistons on the tank first.
09/15/2026 at 07:51:50 PM WARNING logger Model:2052 - The stroke command was sent, but no piston moved more than 0 mm.
09/15/2026 at 07:51:50 PM ERROR logger Model:229 - Nothing moved: The stroke command was sent, but no piston moved more than 0 mm.

The command reached the controller, so this is not a connection problem. Likely causes:

  - the keyswitch on the front of the controller is at PROG, so the ladder is not scanning. Tags can still be read and written in that mode, which is why this looked like it connected. Turn it to RUN.
  - for a curve: no curve is loaded on the controller for the Curve ID you set, so there is nothing to run
  - the stroke is set so small there is nothing to see
09/15/2026 at 07:51:50 PM WARNING logger Model:2052 - The stroke command was sent, but no piston moved more than 0 mm.
09/15/2026 at 07:51:50 PM ERROR logger Model:229 - Nothing moved: The stroke command was sent, but no piston moved more than 0 mm.

The command reached the controller, so this is not a connection problem. Likely causes:

  - the keyswitch on the front of the controller is at PROG, so the ladder is not scanning. Tags can still be read and written in that mode, which is why this looked like it connected. Turn it to RUN.
  - for a curve: no curve is loaded on the controller for the Curve ID you set, so there is nothing to run
  - the stroke is set so small there is nothing to see
09/15/2026 at 07:51:50 PM WARNING logger Model:2277 - Pistons did not all reach the resting position.
09/15/2026 at 07:51:50 PM ERROR logger Model:229 - No pistons selected: Choose some pistons on the tank first.
09/15/2026 at 07:51:50 PM ERROR logger Model:229 - Not ready: The pistons must be homed before they can run. Press Start and it will do that first.
09/15/2026 at 07:51:50 PM ERROR logger Model:229 - Nothing to prepare: Choose some pistons on the tank first.
09/15/2026 at 07:51:50 PM ERROR logger Model:229 - Not ready: The pistons must be homed before they can run. Press Start and it will do that first.
09/15/2026 at 07:51:50 PM ERROR logger Model:229 - No pistons selected: Choose some pistons on the tank first.
09/15/2026 at 07:51:50 PM ERROR logger Model:229 - Not ready: The pistons must be homed before they can run. Press Start and it will do that first.
09/15/2026 at 07:51:50 PM ERROR logger Model:229 - Nothing to prepare: Choose some pistons on the tank first.
09/15/2026 at 07:51:50 PM ERROR logger Model:229 - Nothing to prepare: Choose some pistons on the tank first.
09/15/2026 at 07:51:50 PM ERROR logger Model:229 - No pistons selected: Choose some pistons on the tank first.
09/15/2026 at 07:51:50 PM ERROR logger Model:229 - No pistons selected: Choose some pistons on the tank first.
09/15/2026 at 07:51:50 PM ERROR logger Model:229 - No pistons selected: Choose some pistons on the tank first.
09/15/2026 at 07:51:50 PM ERROR logger Model:229 - Not ready: The pistons must be homed before they can run. Press Start and it will do that first.
09/15/2026 at 07:51:50 PM ERROR logger Model:229 - Nothing to prepare: Choose some pistons on the tank first.
09/15/2026 at 07:51:50 PM ERROR logger Model:229 - No pistons selected: Choose some pistons on the tank first.
09/15/2026 at 07:51:50 PM ERROR logger Model:229 - No pistons selected: Choose some pistons on the tank first.
09/15/2026 at 07:51:50 PM ERROR logger Model:229 - Nothing to prepare: Choose some pistons on the tank first.
09/15/2026 at 07:51:50 PM ERROR logger Model:229 - Nothing to prepare: Choose some pistons on the tank first.
09/15/2026 at 07:51:50 PM ERROR logger Model:229 - No pistons selected: Choose some pistons on the tank first.
09/15/2026 at 07:51:50 PM ERROR logger Model:229 - Not ready: The pistons must be homed before they can run. Press Start and it will do that first.
09/15/2026 at 07:51:50 PM ERROR logger Model:229 - Nothing to prepare: Choose some pistons on the tank first.
09/15/2026 at 07:51:50 PM ERROR logger Model:229 - Not ready: The pistons must be homed before they can run. Press Start and it will do that first.
09/15/2026 at 07:51:50 PM ERROR logger Model:229 - No pistons selected: Choose some pistons on the tank first.
09/15/2026 at 07:51:50 PM ERROR logger Model:229 - Not ready: The pistons must be homed before they can run. Press Start and it will do that first.
09/15/2026 at 07:51:50 PM ERROR logger Model:229 - Not ready: The pistons must be homed before they can run. Press Start and it will do that first.
09/15/2026 at 07:51:50 PM WARNING logger Model:2052 - The curve command was sent, but no piston moved more than 0 mm.
09/15/2026 at 07:51:50 PM ERROR logger Model:229 - Nothing moved: The curve command was sent, but no piston moved more than 0 mm.

The command reached the controller, so this is not a connection problem. Likely causes:

  - the keyswitch on the front of the controller is at PROG, so the ladder is not scanning. Tags can still be read and written in that mode, which is why this looked like it connected. Turn it to RUN.
  - for a curve: no curve is loaded on the controller for the Curve ID you set, so there is nothing to run
  - the stroke is set so small there is nothing to see
09/15/2026 at 07:51:50 PM WARNING logger Model:2277 - Pistons did not all reach the resting position.
09/15/2026 at 07:51:50 PM ERROR logger Model:229 - No pistons selected: Choose some pistons on the tank first.
09/15/2026 at 07:51:50 PM ERROR logger Model:229 - No pistons selected: Choose some pistons on the tank first.
09/15/2026 at 07:51:50 PM ERROR logger Model:229 - Nothing to prepare: Choose some pistons on the tank first.
09/15/2026 at 07:51:50 PM ERROR logger Model:229 - Nothing to prepare: Choose some pistons on the tank first.
09/15/2026 at 07:51:50 PM ERROR logger Model:229 - No pistons selected: Choose some pistons on the tank first.
09/15/2026 at 07:51:50 PM ERROR logger Model:229 - Not ready: The pistons must be homed before they can run. Press Start and it will do that first.
09/15/2026 at 07:51:50 PM ERROR logger Model:229 - Not ready: The pistons must be homed before they can run. Press Start and it will do that first.
09/15/2026 at 07:51:50 PM ERROR logger Model:229 - Not ready: The pistons must be homed before they can run. Press Start and it will do that first.
09/15/2026 at 07:51:50 PM ERROR logger Model:229 - Nothing to prepare: Choose some pistons on the tank first.
09/15/2026 at 07:51:50 PM WARNING logger Model:2052 - The curve command was sent, but no piston moved more than 0 mm.
09/15/2026 at 07:51:50 PM ERROR logger Model:229 - Nothing moved: The curve command was sent, but no piston moved more than 0 mm.

The command reached the controller, so this is not a connection problem. Likely causes:

  - the keyswitch on the front of the controller is at PROG, so the ladder is not scanning. Tags can still be read and written in that mode, which is why this looked like it connected. Turn it to RUN.
  - for a curve: no curve is loaded on the controller for the Curve ID you set, so there is nothing to run
  - the stroke is set so small there is nothing to see
09/15/2026 at 07:51:50 PM WARNING logger Model:2277 - Pistons did not all reach the resting position.
09/15/2026 at 07:51:50 PM WARNING logger Model:2277 - Pistons did not all reach the resting position.
09/15/2026 at 07:51:50 PM ERROR logger Model:229 - Not ready: The pistons must be homed before they can run. Press Start and it will do that first.
09/15/2026 at 07:51:50 PM ERROR logger Model:229 - Not ready: The pistons must be homed before they can run. Press Start and it will do that first.
09/15/2026 at 07:51:50 PM ERROR logger Model:229 - Not ready: The pistons must be homed before they can run. Press Start and it will do that first.
09/15/2026 at 07:51:50 PM WARNING logger Model:2052 - The curve command was sent, but no piston moved more than 0 mm.
09/15/2026 at 07:51:50 PM ERROR logger Model:229 - Nothing moved: The curve command was sent, but no piston moved more than 0 mm.

The command reached the controller, so this is not a connection problem. Likely causes:

  - the keyswitch on the front of the controller is at PROG, so the ladder is not scanning. Tags can still be read and written in that mode, which is why this looked like it connected. Turn it to RUN.
  - for a curve: no curve is loaded on the controller for the Curve ID you set, so there is nothing to run
  - the stroke is set so small there is nothing to see
09/15/2026 at 07:51:50 PM WARNING logger Model:2052 - The stroke command was sent, but no piston moved more than 0 mm.
09/15/2026 at 07:51:50 PM ERROR logger Model:229 - Nothing moved: The stroke command was sent, but no piston moved more than 0 mm.

The command reached the controller, so this is not a connection problem. Likely causes:

  - the keyswitch on the front of the controller is at PROG, so the ladder is not scanning. Tags can still be read and written in that mode, which is why this looked like it connected. Turn it to RUN.
  - for a curve: no curve is loaded on the controller for the Curve ID you set, so there is nothing to run
  - the stroke is set so small there is nothing to see
09/15/2026 at 07:51:50 PM WARNING logger Model:2052 - The curve command was sent, but no piston moved more than 0 mm.
09/15/2026 at 07:51:50 PM ERROR logger Model:229 - Nothing moved: The curve command was sent, but no piston moved more than 0 mm.

The command reached the controller, so this is not a connection problem. Likely causes:

  - the keyswitch on the front of the controller is at PROG, so the ladder is not scanning. Tags can still be read and written in that mode, which is why this looked like it connected. Turn it to RUN.
  - for a curve: no curve is loaded on the controller for the Curve ID you set, so there is nothing to run
  - the stroke is set so small there is nothing to see
09/15/2026 at 07:51:50 PM ERROR logger Model:229 - Not ready: The pistons must be homed before they can run. Press Start and it will do that first.
09/15/2026 at 07:51:50 PM ERROR logger Model:229 - Not ready: The pistons must be homed before they can run. Press Start and it will do that first.
09/15/2026 at 07:51:50 PM ERROR logger Model:229 - Not ready: The pistons must be homed before they can run. Press Start and it will do that first.
09/15/2026 at 07:51:50 PM ERROR logger Model:229 - Not ready: The pistons must be homed before they can run. Press Start and it will do that first.
09/15/2026 at 07:51:50 PM ERROR logger Model:229 - Not ready: The pistons must be homed before they can run. Press Start and it will do that first.
09/15/2026 at 07:51:50 PM ERROR logger Model:229 - Not ready: The pistons must be homed before they can run. Press Start and it will do that first.
09/15/2026 at 07:51:50 PM WARNING logger Model:2277 - Pistons did not all reach the resting position.
09/15/2026 at 07:51:50 PM ERROR logger Model:229 - Not ready: The pistons must be homed before they can run. Press Start and it will do that first.
09/15/2026 at 07:51:50 PM WARNING logger Model:647 - Ignored Prepare: a stop or resting move is still running.
09/15/2026 at 07:51:50 PM WARNING logger Model:2277 - Pistons did not all reach the resting position.
09/15/2026 at 07:51:50 PM ERROR logger Model:229 - Not ready: The pistons must be homed before they can run. Press Start and it will do that first.
09/15/2026 at 07:51:50 PM ERROR logger Model:229 - Not ready: The pistons must be homed before they can run. Press Start and it will do that first.
09/15/2026 at 07:52:10 PM WARNING logger Model:2052 - The stroke command was sent, but no piston moved more than 0 mm.
09/15/2026 at 07:52:10 PM ERROR logger Model:229 - Nothing moved: The stroke command was sent, but no piston moved more than 0 mm.

The command reached the controller, so this is not a connection problem. Likely causes:

  - the keyswitch on the front of the controller is at PROG, so the ladder is not scanning. Tags can still be read and written in that mode, which is why this looked like it connected. Turn it to RUN.
  - for a curve: no curve is loaded on the controller for the Curve ID you set, so there is nothing to run
  - the stroke is set so small there is nothing to see
09/15/2026 at 07:52:10 PM WARNING logger Model:2052 - The curve command was sent, but no piston moved more than 0 mm.
09/15/2026 at 07:52:10 PM ERROR logger Model:229 - Nothing moved: The curve command was sent, but no piston moved more than 0 mm.

The command reached the controller, so this is not a connection problem. Likely causes:

  - the keyswitch on the front of the controller is at PROG, so the ladder is not scanning. Tags can still be read and written in that mode, which is why this looked like it connected. Turn it to RUN.
  - for a curve: no curve is loaded on the controller for the Curve ID you set, so there is nothing to run
  - the stroke is set so small there is nothing to see
09/15/2026 at 07:52:10 PM ERROR logger Model:229 - Nothing to prepare: Choose some pistons on the tank first.
09/15/2026 at 07:52:10 PM ERROR logger Model:229 - Nothing to prepare: Choose some pistons on the tank first.
09/15/2026 at 07:52:10 PM ERROR logger Model:229 - No pistons selected: Choose some pistons on the tank first.
09/15/2026 at 07:52:10 PM ERROR logger Model:229 - Nothing to prepare: Choose some pistons on the tank first.
09/15/2026 at 07:52:10 PM ERROR logger Model:229 - Nothing to prepare: Choose some pistons on the tank first.
09/15/2026 at 07:52:10 PM ERROR logger Model:229 - Not ready: The pistons must be homed before they can run. Press Start and it will do that first.
09/15/2026 at 07:52:10 PM ERROR logger Model:229 - Nothing to prepare: Choose some pistons on the tank first.
09/15/2026 at 07:52:10 PM ERROR logger Model:229 - Not ready: The pistons must be homed before they can run. Press Start and it will do that first.
09/15/2026 at 07:52:10 PM ERROR logger Model:229 - Not ready: The pistons must be homed before they can run. Press Start and it will do that first.
09/15/2026 at 07:52:10 PM WARNING logger Model:2052 - The curve command was sent, but no piston moved more than 0 mm.
09/15/2026 at 07:52:10 PM ERROR logger Model:229 - Nothing moved: The curve command was sent, but no piston moved more than 0 mm.

The command reached the controller, so this is not a connection problem. Likely causes:

  - the keyswitch on the front of the controller is at PROG, so the ladder is not scanning. Tags can still be read and written in that mode, which is why this looked like it connected. Turn it to RUN.
  - for a curve: no curve is loaded on the controller for the Curve ID you set, so there is nothing to run
  - the stroke is set so small there is nothing to see
09/15/2026 at 07:52:10 PM ERROR logger Model:229 - Not ready: The pistons must be homed before they can run. Press Start and it will do that first.
09/15/2026 at 07:52:10 PM ERROR logger Model:229 - No pistons selected: Choose some pistons on the tank first.
09/15/2026 at 07:52:10 PM ERROR logger Model:229 - Not ready: The pistons must be homed before they can run. Press Start and it will do that first.
09/15/2026 at 07:52:10 PM ERROR logger Model:229 - No pistons selected: Choose some pistons on the tank first.
09/15/2026 at 07:52:10 PM ERROR logger Model:229 - Nothing to prepare: Choose some pistons on the tank first.
09/15/2026 at 07:52:10 PM ERROR logger Model:229 - Not ready: The pistons must be homed before they can run. Press Start and it will do that first.
09/15/2026 at 07:52:10 PM ERROR logger Model:229 - No pistons selected: Choose some pistons on the tank first.
09/15/2026 at 07:52:10 PM ERROR logger Model:229 - Not ready: The pistons must be homed before they can run. Press Start and it will do that first.
09/15/2026 at 07:52:10 PM ERROR logger Model:229 - No pistons selected: Choose some pistons on the tank first.
09/15/2026 at 07:52:10 PM ERROR logger Model:229 - No pistons selected: Choose some pistons on the tank first.
09/15/2026 at 07:52:10 PM ERROR logger Model:229 - Not ready: The pistons must be homed before they can run. Press Start and it will do that first.
09/15/2026 at 07:52:10 PM ERROR logger Model:229 - Not ready: The pistons must be homed before they can run. Press Start and it will do that first.
09/15/2026 at 07:52:10 PM ERROR logger Model:229 - Nothing to prepare: Choose some pistons on the tank first.
09/15/2026 at 07:52:10 PM ERROR logger Model:229 - Not ready: The pistons must be homed before they can run. Press Start and it will do that first.
09/15/2026 at 07:52:10 PM ERROR logger Model:229 - No pistons selected: Choose some pistons on the tank first.
09/15/2026 at 07:52:10 PM ERROR logger Model:229 - No pistons selected: Choose some pistons on the tank first.
09/15/2026 at 07:52:10 PM ERROR logger Model:229 - Nothing to prepare: Choose some pistons on the tank first.
09/15/2026 at 07:52:10 PM WARNING logger Model:2052 - The curve command was sent, but no piston moved more than 0 mm.
09/15/2026 at 07:52:10 PM ERROR logger Model:229 - Nothing moved: The curve command was sent, but no piston moved more than 0 mm.

The command reached the controller, so this is not a connection problem. Likely causes:

  - the keyswitch on the front of the controller is at PROG, so the ladder is not scanning. Tags can still be read and written in that mode, which is why this looked like it connected. Turn it to RUN.
  - for a curve: no curve is loaded on the controller for the Curve ID you set, so there is nothing to run
  - the stroke is set so small there is nothing to see
09/15/2026 at 07:52:10 PM WARNING logger Model:2277 - Pistons did not all reach the resting position.
09/15/2026 at 07:52:10 PM ERROR logger Model:229 - Not ready: The pistons must be homed before they can run. Press Start and it will do that first.
09/15/2026 at 07:52:10 PM ERROR logger Model:229 - Nothing to prepare: Choose some pistons on the tank first.
09/15/2026 at 07:52:10 PM ERROR logger Model:229 - Not ready: The pistons must be homed before they can run. Press Start and it will do that first.
09/15/2026 at 07:52:10 PM ERROR logger Model:229 - Not ready: The pistons must be homed before they can run. Press Start and it will do that first.
09/15/2026 at 07:52:10 PM WARNING logger Model:2052 - The stroke command was sent, but no piston moved more than 0 mm.
09/15/2026 at 07:52:10 PM ERROR logger Model:229 - Nothing moved: The stroke command was sent, but no piston moved more than 0 mm.

The command reached the controller, so this is not a connection problem. Likely causes:

  - the keyswitch on the front of the controller is at PROG, so the ladder is not scanning. Tags can still be read and written in that mode, which is why this looked like it connected. Turn it to RUN.
  - for a curve: no curve is loaded on the controller for the Curve ID you set, so there is nothing to run
  - the stroke is set so small there is nothing to see
09/15/2026 at 07:52:10 PM WARNING logger Model:2052 - The stroke command was sent, but no piston moved more than 0 mm.
09/15/2026 at 07:52:10 PM ERROR logger Model:229 - Nothing moved: The stroke command was sent, but no piston moved more than 0 mm.

The command reached the controller, so this is not a connection problem. Likely causes:

  - the keyswitch on the front of the controller is at PROG, so the ladder is not scanning. Tags can still be read and written in that mode, which is why this looked like it connected. Turn it to RUN.
  - for a curve: no curve is loaded on the controller for the Curve ID you set, so there is nothing to run
  - the stroke is set so small there is nothing to see
09/15/2026 at 07:52:10 PM ERROR logger Model:229 - No pistons selected: Choose some pistons on the tank first.
09/15/2026 at 07:52:10 PM ERROR logger Model:229 - No pistons selected: Choose some pistons on the tank first.
09/15/2026 at 07:52:10 PM WARNING logger Model:2052 - The stroke command was sent, but no piston moved more than 0 mm.
09/15/2026 at 07:52:10 PM ERROR logger Model:229 - Nothing moved: The stroke command was sent, but no piston moved more than 0 mm.

The command reached the controller, so this is not a connection problem. Likely causes:

  - the keyswitch on the front of the controller is at PROG, so the ladder is not scanning. Tags can still be read and written in that mode, which is why this looked like it connected. Turn it to RUN.
  - for a curve: no curve is loaded on the controller for the Curve ID you set, so there is nothing to run
  - the stroke is set so small there is nothing to see
09/15/2026 at 07:52:10 PM WARNING logger Model:2052 - The curve command was sent, but no piston moved more than 0 mm.
09/15/2026 at 07:52:10 PM ERROR logger Model:229 - Nothing moved: The curve command was sent, but no piston moved more than 0 mm.

The command reached the controller, so this is not a connection problem. Likely causes:

  - the keyswitch on the front of the controller is at PROG, so the ladder is not scanning. Tags can still be read and written in that mode, which is why this looked like it connected. Turn it to RUN.
  - for a curve: no curve is loaded on the controller for the Curve ID you set, so there is nothing to run
  - the stroke is set so small there is nothing to see
09/15/2026 at 07:52:10 PM WARNING logger Model:647 - Ignored Run: a stop or resting move is still running.
09/15/2026 at 07:52:10 PM ERROR logger Model:229 - Not ready: The pistons must be homed before they can run. Press Start and it will do that first.
09/15/2026 at 07:52:10 PM ERROR logger Model:229 - Not ready: The pistons must be homed before they can run. Press Start and it will do that first.
09/15/2026 at 07:52:10 PM ERROR logger Model:229 - Nothing to prepare: Choose some pistons on the tank first.
09/15/2026 at 07:52:10 PM ERROR logger Model:229 - Nothing to prepare: Choose some pistons on the tank first.
09/15/2026 at 07:52:10 PM ERROR logger Model:229 - Nothing to prepare: Choose some pistons on the tank first.
09/15/2026 at 07:52:10 PM ERROR logger Model:229 - No pistons selected: Choose some pistons on the tank first.
09/15/2026 at 07:52:10 PM ERROR logger Model:229 - Not ready: The pistons must be homed before they can run. Press Start and it will do that first.
09/15/2026 at 07:52:10 PM ERROR logger Model:229 - Nothing to prepare: Choose some pistons on the tank first.
09/15/2026 at 07:52:10 PM ERROR logger Model:229 - Nothing to prepare: Choose some pistons on the tank first.
09/15/2026 at 07:52:10 PM ERROR logger Model:229 - Not ready: The pistons must be homed before they can run. Press Start and it will do that first.
09/15/2026 at 07:52:10 PM ERROR logger Model:229 - Nothing to prepare: Choose some pistons on the tank first.
09/15/2026 at 07:52:10 PM ERROR logger Model:229 - Not ready: The pistons must be homed before they can run. Press Start and it will do that first.
09/15/2026 at 07:52:10 PM ERROR logger Model:229 - No pistons selected: Choose some pistons on the tank first.
09/15/2026 at 07:52:10 PM ERROR logger Model:229 - Nothing to prepare: Choose some pistons on the tank first.
09/15/2026 at 07:52:10 PM WARNING logger Model:2052 - The curve command was sent, but no piston moved more than 0 mm.
09/15/2026 at 07:52:10 PM ERROR logger Model:229 - Nothing moved: The curve command was sent, but no piston moved more than 0 mm.

The command reached the controller, so this is not a connection problem. Likely causes:

  - the keyswitch on the front of the controller is at PROG, so the ladder is not scanning. Tags can still be read and written in that mode, which is why this looked like it connected. Turn it to RUN.
  - for a curve: no curve is loaded on the controller for the Curve ID you set, so there is nothing to run
  - the stroke is set so small there is nothing to see
09/15/2026 at 07:52:10 PM ERROR logger Model:229 - No pistons selected: Choose some pistons on the tank first.
09/15/2026 at 07:52:10 PM WARNING logger Model:2052 - The stroke command was sent, but no piston moved more than 0 mm.
09/15/2026 at 07:52:10 PM ERROR logger Model:229 - Nothing moved: The stroke command was sent, but no piston moved more than 0 mm.

The command reached the controller, so this is not a connection problem. Likely causes:

  - the keyswitch on the front of the controller is at PROG, so the ladder is not scanning. Tags can still be read and written in that mode, which is why this looked like it connected. Turn it to RUN.
  - for a curve: no curve is loaded on the controller for the Curve ID you set, so there is nothing to run
  - the stroke is set so small there is nothing to see
09/15/2026 at 07:52:10 PM WARNING logger Model:2277 - Pistons did not all reach the resting position.
09/15/2026 at 07:52:10 PM WARNING logger Model:2277 - Pistons did not all reach the resting position.
09/15/2026 at 07:52:10 PM ERROR logger Model:229 - Not ready: The pistons must be homed before they can run. Press Start and it will do that first.
09/15/2026 at 07:52:10 PM WARNING logger Model:2277 - Pistons did not all reach the resting position.
09/15/2026 at 07:52:10 PM WARNING logger Model:2052 - The stroke command was sent, but no piston moved more than 0 mm.
09/15/2026 at 07:52:10 PM ERROR logger Model:229 - Nothing moved: The stroke command was sent, but no piston moved more than 0 mm.

The command reached the controller, so this is not a connection problem. Likely causes:

  - the keyswitch on the front of the controller is at PROG, so the ladder is not scanning. Tags can still be read and written in that mode, which is why this looked like it connected. Turn it to RUN.
  - for a curve: no curve is loaded on the controller for the Curve ID you set, so there is nothing to run
  - the stroke is set so small there is nothing to see
09/15/2026 at 07:52:10 PM WARNING logger Model:2277 - Pistons did not all reach the resting position.
09/15/2026 at 07:52:10 PM ERROR logger Model:229 - Not ready: The pistons must be homed before they can run. Press Start and it will do that first.
09/15/2026 at 07:52:10 PM ERROR logger Model:229 - Not ready: The pistons must be homed before they can run. Press Start and it will do that first.
09/15/2026 at 07:52:10 PM ERROR logger Model:229 - Not ready: The pistons must be homed before they can run. Press Start and it will do that first.
09/15/2026 at 07:52:10 PM ERROR logger Model:229 - Not ready: The pistons must be homed before they can run. Press Start and it will do that first.
09/15/2026 at 07:52:10 PM WARNING logger Model:647 - Ignored Calibrate: a stop or resting move is still running.
09/15/2026 at 07:52:10 PM WARNING logger Model:647 - Ignored Calibrate: a stop or resting move is still running.
09/15/2026 at 07:52:10 PM ERROR logger Model:229 - No pistons selected: Choose some pistons on the tank first.
09/15/2026 at 07:52:10 PM ERROR logger Model:229 - Not ready: The pistons must be homed before they can run. Press Start and it will do that first.
09/15/2026 at 07:52:10 PM WARNING logger Model:2052 - The stroke command was sent, but no piston moved more than 0 mm.
09/15/2026 at 07:52:10 PM ERROR logger Model:229 - Nothing moved: The stroke command was sent, but no piston moved more than 0 mm.

The command reached the controller, so this is not a connection problem. Likely causes:

  - the keyswitch on the front of the controller is at PROG, so the ladder is not scanning. Tags can still be read and written in that mode, which is why this looked like it connected. Turn it to RUN.
  - for a curve: no curve is loaded on the controller for the Curve ID you set, so there is nothing to run
  - the stroke is set so small there is nothing to see
09/15/2026 at 07:52:10 PM ERROR logger Model:229 - Not ready: The pistons must be homed before they can run. Press Start and it will do that first.
09/15/2026 at 07:52:10 PM WARNING logger Model:2052 - The curve command was sent, but no piston moved more than 0 mm.
09/15/2026 at 07:52:10 PM ERROR logger Model:229 - Nothing moved: The curve command was sent, but no piston moved more than 0 mm.

The command reached the controller, so this is not a connection problem. Likely causes:

  - the keyswitch on the front of the controller is at PROG, so the ladder is not scanning. Tags can still be read and written in that mode, which is why this looked like it connected. Turn it to RUN.
  - for a curve: no curve is loaded on the controller for the Curve ID you set, so there is nothing to run
  - the stroke is set so small there is nothing to see
09/15/2026 at 07:52:10 PM ERROR logger Model:229 - Nothing to prepare: Choose some pistons on the tank first.
09/15/2026 at 07:52:10 PM ERROR logger Model:229 - No pistons selected: Choose some pistons on the tank first.
09/15/2026 at 07:52:10 PM ERROR logger Model:229 - No pistons selected: Choose some pistons on the tank first.
09/15/2026 at 07:52:10 PM ERROR logger Model:229 - Not ready: The pistons must be homed before they can run. Press Start and it will do that first.
09/15/2026 at 07:52:10 PM ERROR logger Model:229 - Not ready: The pistons must be homed before they can run. Press Start and it will do that first.
09/15/2026 at 07:52:10 PM ERROR logger Model:229 - Not ready: The pistons must be homed before they can run. Press Start and it will do that first.
09/15/2026 at 07:52:10 PM ERROR logger Model:229 - No pistons selected: Choose some pistons on the tank first.
09/15/2026 at 07:52:10 PM ERROR logger Model:229 - No pistons selected: Choose some pistons on the tank first.
09/15/2026 at 07:52:10 PM ERROR logger Model:229 - Not ready: The pistons must be homed before they can run. Press Start and it will do that first.
09/15/2026 at 07:52:10 PM ERROR logger Model:229 - No pistons selected: Choose some pistons on the tank first.
09/15/2026 at 07:52:10 PM WARNING logger Model:2052 - The stroke command was sent, but no piston moved more than 0 mm.
09/15/2026 at 07:52:10 PM ERROR logger Model:229 - Nothing moved: The stroke command was sent, but no piston moved more than 0 mm.

The command reached the controller, so this is not a connection problem. Likely causes:

  - the keyswitch on the front of the controller is at PROG, so the ladder is not scanning. Tags can still be read and written in that mode, which is why this looked like it connected. Turn it to RUN.
  - for a curve: no curve is loaded on the controller for the Curve ID you set, so there is nothing to run
  - the stroke is set so small there is nothing to see
09/15/2026 at 07:52:10 PM WARNING logger Model:2052 - The curve command was sent, but no piston moved more than 0 mm.
09/15/2026 at 07:52:10 PM ERROR logger Model:229 - Nothing moved: The curve command was sent, but no piston moved more than 0 mm.

The command reached the controller, so this is not a connection problem. Likely causes:

  - the keyswitch on the front of the controller is at PROG, so the ladder is not scanning. Tags can still be read and written in that mode, which is why this looked like it connected. Turn it to RUN.
  - for a curve: no curve is loaded on the controller for the Curve ID you set, so there is nothing to run
  - the stroke is set so small there is nothing to see
09/15/2026 at 07:52:10 PM WARNING logger Model:2277 - Pistons did not all reach the resting position.
09/15/2026 at 07:52:10 PM WARNING logger Model:2052 - The curve command was sent, but no piston moved more than 0 mm.
09/15/2026 at 07:52:10 PM ERROR logger Model:229 - Nothing moved: The curve command was sent, but no piston moved more than 0 mm.

The command reached the controller, so this is not a connection problem. Likely causes:

  - the keyswitch on the front of the controller is at PROG, so the ladder is not scanning. Tags can still be read and written in that mode, which is why this looked like it connected. Turn it to RUN.
  - for a curve: no curve is loaded on the controller for the Curve ID you set, so there is nothing to run
  - the stroke is set so small there is nothing to see
09/15/2026 at 07:52:10 PM WARNING logger Model:2277 - Pistons did not all reach the resting position.
09/15/2026 at 07:52:10 PM WARNING logger Model:2052 - The curve command was sent, but no piston moved more than 0 mm.
09/15/2026 at 07:52:10 PM ERROR logger Model:229 - Nothing moved: The curve command was sent, but no piston moved more than 0 mm.

The command reached the controller, so this is not a connection problem. Likely causes:

  - the keyswitch on the front of the controller is at PROG, so the ladder is not scanning. Tags can still be read and written in that mode, which is why this looked like it connected. Turn it to RUN.
  - for a curve: no curve is loaded on the controller for the Curve ID you set, so there is nothing to run
  - the stroke is set so small there is nothing to see
09/15/2026 at 07:52:10 PM ERROR logger Model:229 - No pistons selected: Choose some pistons on the tank first.
09/15/2026 at 07:52:10 PM ERROR logger Model:229 - Nothing to prepare: Choose some pistons on the tank first.
09/15/2026 at 07:52:10 PM ERROR logger Model:229 - Not ready: The pistons must be homed before they can run. Press Start and it will do that first.
09/15/2026 at 07:52:10 PM ERROR logger Model:229 - Not ready: The pistons must be homed before they can run. Press Start and it will do that first.
09/15/2026 at 07:52:10 PM ERROR logger Model:229 - Nothing to prepare: Choose some pistons on the tank first.
09/15/2026 at 07:52:10 PM ERROR logger Model:229 - Not ready: The pistons must be homed before they can run. Press Start and it will do that first.
09/15/2026 at 07:52:10 PM ERROR logger Model:229 - No pistons selected: Choose some pistons on the tank first.
09/15/2026 at 07:52:10 PM ERROR logger Model:229 - Not ready: The pistons must be homed before they can run. Press Start and it will do that first.
09/15/2026 at 07:52:10 PM ERROR logger Model:229 - Not ready: The pistons must be homed before they can run. Press Start and it will do that first.
09/15/2026 at 07:52:10 PM WARNING logger Model:2052 - The stroke command was sent, but no piston moved more than 0 mm.
09/15/2026 at 07:52:10 PM ERROR logger Model:229 - Nothing moved: The stroke command was sent, but no piston moved more than 0 mm.

The command reached the controller, so this is not a connection problem. Likely causes:

  - the keyswitch on the front of the controller is at PROG, so the ladder is not scanning. Tags can still be read and written in that mode, which is why this looked like it connected. Turn it to RUN.
  - for a curve: no curve is loaded on the controller for the Curve ID you set, so there is nothing to run
  - the stroke is set so small there is nothing to see
09/15/2026 at 07:52:10 PM WARNING logger Model:2277 - Pistons did not all reach the resting position.
09/15/2026 at 07:52:10 PM ERROR logger Model:229 - Not ready: The pistons must be homed before they can run. Press Start and it will do that first.
09/15/2026 at 07:52:10 PM ERROR logger Model:229 - Nothing to prepare: Choose some pistons on the tank first.
09/15/2026 at 07:52:10 PM ERROR logger Model:229 - Nothing to prepare: Choose some pistons on the tank first.
09/15/2026 at 07:52:10 PM ERROR logger Model:229 - Nothing to prepare: Choose some pistons on the tank first.
09/15/2026 at 07:52:10 PM ERROR logger Model:229 - Not ready: The pistons must be homed before they can run. Press Start and it will do that first.
09/15/2026 at 07:52:10 PM ERROR logger Model:229 - Not ready: The pistons must be homed before they can run. Press Start and it will do that first.
09/15/2026 at 07:52:10 PM WARNING logger Model:647 - Ignored Prepare: a stop or resting move is still running.
09/15/2026 at 07:52:10 PM ERROR logger Model:229 - Nothing to prepare: Choose some pistons on the tank first.
09/15/2026 at 07:52:10 PM ERROR logger Model:229 - Not ready: The pistons must be homed before they can run. Press Start and it will do that first.
09/15/2026 at 07:52:10 PM ERROR logger Model:229 - No pistons selected: Choose some pistons on the tank first.
09/15/2026 at 07:52:10 PM ERROR logger Model:229 - Not ready: The pistons must be homed before they can run. Press Start and it will do that first.
09/15/2026 at 07:52:10 PM ERROR logger Model:229 - Not ready: The pistons must be homed before they can run. Press Start and it will do that first.
09/15/2026 at 07:52:10 PM ERROR logger Model:229 - Not ready: The pistons must be homed before they can run. Press Start and it will do that first.
09/15/2026 at 07:52:10 PM WARNING logger Model:647 - Ignored Run: a stop or resting move is still running.
09/15/2026 at 07:52:10 PM WARNING logger Model:2277 - Pistons did not all reach the resting position.
09/15/2026 at 07:52:10 PM ERROR logger Model:229 - Not ready: The pistons must be homed before they can run. Press Start and it will do that first.
09/15/2026 at 07:52:10 PM ERROR logger Model:229 - No pistons selected: Choose some pistons on the tank first.
09/15/2026 at 07:52:10 PM WARNING logger Model:2052 - The curve command was sent, but no piston moved more than 0 mm.
09/15/2026 at 07:52:10 PM ERROR logger Model:229 - Nothing moved: The curve command was sent, but no piston moved more than 0 mm.

The command reached the controller, so this is not a connection problem. Likely causes:

  - the keyswitch on the front of the controller is at PROG, so the ladder is not scanning. Tags can still be read and written in that mode, which is why this looked like it connected. Turn it to RUN.
  - for a curve: no curve is loaded on the controller for the Curve ID you set, so there is nothing to run
  - the stroke is set so small there is nothing to see
09/15/2026 at 07:52:10 PM WARNING logger Model:2277 - Pistons did not all reach the resting position.
09/15/2026 at 07:52:10 PM WARNING logger Model:2277 - Pistons did not all reach the resting position.
09/15/2026 at 07:52:10 PM WARNING logger Model:2052 - The curve command was sent, but no piston moved more than 0 mm.
09/15/2026 at 07:52:10 PM ERROR logger Model:229 - Nothing moved: The curve command was sent, but no piston moved more than 0 mm.

The command reached the controller, so this is not a connection problem. Likely causes:

  - the keyswitch on the front of the controller is at PROG, so the ladder is not scanning. Tags can still be read and written in that mode, which is why this looked like it connected. Turn it to RUN.
  - for a curve: no curve is loaded on the controller for the Curve ID you set, so there is nothing to run
  - the stroke is set so small there is nothing to see
09/15/2026 at 07:52:10 PM WARNING logger Model:2277 - Pistons did not all reach the resting position.
09/15/2026 at 07:52:10 PM WARNING logger Model:647 - Ignored Calibrate: a stop or resting move is still running.
09/15/2026 at 07:52:10 PM ERROR logger Model:229 - Nothing to prepare: Choose some pistons on the tank first.
09/15/2026 at 07:52:10 PM WARNING logger Model:2052 - The curve command was sent, but no piston moved more than 0 mm.
09/15/2026 at 07:52:10 PM ERROR logger Model:229 - Nothing moved: The curve command was sent, but no piston moved more than 0 mm.

The command reached the controller, so this is not a connection problem. Likely causes:

  - the keyswitch on the front of the controller is at PROG, so the ladder is not scanning. Tags can still be read and written in that mode, which is why this looked like it connected. Turn it to RUN.
  - for a curve: no curve is loaded on the controller for the Curve ID you set, so there is nothing to run
  - the stroke is set so small there is nothing to see
09/15/2026 at 07:52:10 PM ERROR logger Model:229 - Nothing to prepare: Choose some pistons on the tank first.
09/15/2026 at 07:52:10 PM ERROR logger Model:229 - No pistons selected: Choose some pistons on the tank first.
09/15/2026 at 07:52:10 PM ERROR logger Model:229 - Not ready: The pistons must be homed before they can run. Press Start and it will do that first.
09/15/2026 at 07:52:10 PM WARNING logger Model:2052 - The stroke command was sent, but no piston moved more than 0 mm.
09/15/2026 at 07:52:10 PM ERROR logger Model:229 - Nothing moved: The stroke command was sent, but no piston moved more than 0 mm.

The command reached the controller, so this is not a connection problem. Likely causes:

  - the keyswitch on the front of the controller is at PROG, so the ladder is not scanning. Tags can still be read and written in that mode, which is why this looked like it connected. Turn it to RUN.
  - for a curve: no curve is loaded on the controller for the Curve ID you set, so there is nothing to run
  - the stroke is set so small there is nothing to see
09/15/2026 at 07:52:10 PM ERROR logger Model:229 - Not ready: The pistons must be homed before they can run. Press Start and it will do that first.
09/15/2026 at 07:52:10 PM WARNING logger Model:2052 - The curve command was sent, but no piston moved more than 0 mm.
09/15/2026 at 07:52:10 PM ERROR logger Model:229 - Nothing moved: The curve command was sent, but no piston moved more than 0 mm.

The command reached the controller, so this is not a connection problem. Likely causes:

  - the keyswitch on the front of the controller is at PROG, so the ladder is not scanning. Tags can still be read and written in that mode, which is why this looked like it connected. Turn it to RUN.
  - for a curve: no curve is loaded on the controller for the Curve ID you set, so there is nothing to run
  - the stroke is set so small there is nothing to see
09/15/2026 at 07:52:10 PM ERROR logger Model:229 - Not ready: The pistons must be homed before they can run. Press Start and it will do that first.
09/15/2026 at 07:52:10 PM WARNING logger Model:2052 - The stroke command was sent, but no piston moved more than 0 mm.
09/15/2026 at 07:52:10 PM ERROR logger Model:229 - Nothing moved: The stroke command was sent, but no piston moved more than 0 mm.

The command reached the controller, so this is not a connection problem. Likely causes:

  - the keyswitch on the front of the controller is at PROG, so the ladder is not scanning. Tags can still be read and written in that mode, which is why this looked like it connected. Turn it to RUN.
  - for a curve: no curve is loaded on the controller for the Curve ID you set, so there is nothing to run
  - the stroke is set so small there is nothing to see
09/15/2026 at 07:52:10 PM ERROR logger Model:229 - No pistons selected: Choose some pistons on the tank first.
09/15/2026 at 07:52:10 PM ERROR logger Model:229 - Not ready: The pistons must be homed before they can run. Press Start and it will do that first.
09/15/2026 at 07:52:10 PM ERROR logger Model:229 - Nothing to prepare: Choose some pistons on the tank first.
09/15/2026 at 07:52:10 PM ERROR logger Model:229 - Not ready: The pistons must be homed before they can run. Press Start and it will do that first.
09/15/2026 at 07:52:10 PM ERROR logger Model:229 - Not ready: The pistons must be homed before they can run. Press Start and it will do that first.
09/15/2026 at 07:52:10 PM ERROR logger Model:229 - No pistons selected: Choose some pistons on the tank first.
09/15/2026 at 07:52:10 PM ERROR logger Model:229 - Not ready: The pistons must be homed before they can run. Press Start and it will do that first.
09/15/2026 at 07:52:10 PM ERROR logger Model:229 - Not ready: The pistons must be homed before they can run. Press Start and it will do that first.
09/15/2026 at 07:52:10 PM WARNING logger Model:2052 - The curve command was sent, but no piston moved more than 0 mm.
09/15/2026 at 07:52:10 PM ERROR logger Model:229 - Nothing moved: The curve command was sent, but no piston moved more than 0 mm.

The command reached the controller, so this is not a connection problem. Likely causes:

  - the keyswitch on the front of the controller is at PROG, so the ladder is not scanning. Tags can still be read and written in that mode, which is why this looked like it connected. Turn it to RUN.
  - for a curve: no curve is loaded on the controller for the Curve ID you set, so there is nothing to run
  - the stroke is set so small there is nothing to see
09/15/2026 at 07:52:10 PM ERROR logger Model:229 - Not ready: The pistons must be homed before they can run. Press Start and it will do that first.
09/15/2026 at 07:52:10 PM ERROR logger Model:229 - Not ready: The pistons must be homed before they can run. Press Start and it will do that first.
09/15/2026 at 07:52:10 PM ERROR logger Model:229 - Nothing to prepare: Choose some pistons on the tank first.
09/15/2026 at 07:52:10 PM ERROR logger Model:229 - Not ready: The pistons must be homed before they can run. Press Start and it will do that first.
09/15/2026 at 07:52:10 PM ERROR logger Model:229 - No pistons selected: Choose some pistons on the tank first.
09/15/2026 at 07:52:10 PM ERROR logger Model:229 - No pistons selected: Choose some pistons on the tank first.
09/15/2026 at 07:52:10 PM ERROR logger Model:229 - Not ready: The pistons must be homed before they can run. Press Start and it will do that first.
09/15/2026 at 07:52:10 PM ERROR logger Model:229 - Not ready: The pistons must be homed before they can run. Press Start and it will do that first.
09/15/2026 at 07:52:10 PM ERROR logger Model:229 - Not ready: The pistons must be homed before they can run. Press Start and it will do that first.
09/15/2026 at 07:52:10 PM ERROR logger Model:229 - No pistons selected: Choose some pistons on the tank first.
09/15/2026 at 07:52:10 PM WARNING logger Model:2052 - The curve command was sent, but no piston moved more than 0 mm.
09/15/2026 at 07:52:10 PM ERROR logger Model:229 - Nothing moved: The curve command was sent, but no piston moved more than 0 mm.

The command reached the controller, so this is not a connection problem. Likely causes:

  - the keyswitch on the front of the controller is at PROG, so the ladder is not scanning. Tags can still be read and written in that mode, which is why this looked like it connected. Turn it to RUN.
  - for a curve: no curve is loaded on the controller for the Curve ID you set, so there is nothing to run
  - the stroke is set so small there is nothing to see
09/15/2026 at 07:52:10 PM ERROR logger Model:229 - Not ready: The pistons must be homed before they can run. Press Start and it will do that first.
09/15/2026 at 07:52:10 PM ERROR logger Model:229 - Nothing to prepare: Choose some pistons on the tank first.
09/15/2026 at 07:52:10 PM ERROR logger Model:229 - No pistons selected: Choose some pistons on the tank first.
09/15/2026 at 07:52:10 PM ERROR logger Model:229 - Not ready: The pistons must be homed before they can run. Press Start and it will do that first.
09/15/2026 at 07:52:10 PM ERROR logger Model:229 - No pistons selected: Choose some pistons on the tank first.
09/15/2026 at 07:52:10 PM ERROR logger Model:229 - Not ready: The pistons must be homed before they can run. Press Start and it will do that first.
09/15/2026 at 07:52:10 PM ERROR logger Model:229 - Not ready: The pistons must be homed before they can run. Press Start and it will do that first.
09/15/2026 at 07:52:10 PM ERROR logger Model:229 - No pistons selected: Choose some pistons on the tank first.
09/15/2026 at 07:52:10 PM ERROR logger Model:229 - Not ready: The pistons must be homed before they can run. Press Start and it will do that first.
09/15/2026 at 07:52:10 PM ERROR logger Model:229 - No pistons selected: Choose some pistons on the tank first.
09/15/2026 at 07:52:10 PM ERROR logger Model:229 - No pistons selected: Choose some pistons on the tank first.
09/15/2026 at 07:52:10 PM ERROR logger Model:229 - No pistons selected: Choose some pistons on the tank first.
09/15/2026 at 07:52:10 PM ERROR logger Model:229 - Not ready: The pistons must be homed before they can run. Press Start and it will do that first.
09/15/2026 at 07:52:10 PM ERROR logger Model:229 - No pistons selected: Choose some pistons on the tank first.
09/15/2026 at 07:52:10 PM ERROR logger Model:229 - Not ready: The pistons must be homed before they can run. Press Start and it will do that first.
09/15/2026 at 07:52:10 PM ERROR logger Model:229 - Nothing to prepare: Choose some pistons on the tank first.
09/15/2026 at 07:52:10 PM ERROR logger Model:229 - Nothing to prepare: Choose some pistons on the tank first.
09/15/2026 at 07:52:10 PM ERROR logger Model:229 - Not ready: The pistons must be homed before they can run. Press Start and it will do that first.
09/15/2026 at 07:52:10 PM ERROR logger Model:229 - Not ready: The pistons must be homed before they can run. Press Start and it will do that first.
09/15/2026 at 07:52:10 PM ERROR logger Model:229 - Nothing to prepare: Choose some pistons on the tank first.
09/15/2026 at 07:52:10 PM ERROR logger Model:229 - Not ready: The pistons must be homed before they can run. Press Start and it will do that first.
09/15/2026 at 07:52:10 PM ERROR logger Model:229 - Nothing to prepare: Choose some pistons on the tank first.
09/15/2026 at 07:52:10 PM ERROR logger Model:229 - Not ready: The pistons must be homed before they can run. Press Start and it will do that first.
09/15/2026 at 07:52:10 PM ERROR logger Model:229 - Nothing to prepare: Choose some pistons on the tank first.
09/15/2026 at 07:52:10 PM ERROR logger Model:229 - Nothing to prepare: Choose some pistons on the tank first.
09/15/2026 at 07:52:10 PM ERROR logger Model:229 - Nothing to prepare: Choose some pistons on the tank first.
09/15/2026 at 07:52:10 PM ERROR logger Model:229 - Nothing to prepare: Choose some pistons on the tank first.
09/15/2026 at 07:52:10 PM ERROR logger Model:229 - Not ready: The pistons must be homed before they can run. Press Start and it will do that first.
09/15/2026 at 07:52:10 PM WARNING logger Model:2052 - The curve command was sent, but no piston moved more than 0 mm.
09/15/2026 at 07:52:10 PM ERROR logger Model:229 - Nothing moved: The curve command was sent, but no piston moved more than 0 mm.

The command reached the controller, so this is not a connection problem. Likely causes:

  - the keyswitch on the front of the controller is at PROG, so the ladder is not scanning. Tags can still be read and written in that mode, which is why this looked like it connected. Turn it to RUN.
  - for a curve: no curve is loaded on the controller for the Curve ID you set, so there is nothing to run
  - the stroke is set so small there is nothing to see
09/15/2026 at 07:52:10 PM WARNING logger Model:2277 - Pistons did not all reach the resting position.
09/15/2026 at 07:52:10 PM ERROR logger Model:229 - Not ready: The pistons must be homed before they can run. Press Start and it will do that first.
09/15/2026 at 07:52:10 PM WARNING logger Model:2052 - The curve command was sent, but no piston moved more than 0 mm.
09/15/2026 at 07:52:10 PM ERROR logger Model:229 - Nothing moved: The curve command was sent, but no piston moved more than 0 mm.

The command reached the controller, so this is not a connection problem. Likely causes:

  - the keyswitch on the front of the controller is at PROG, so the ladder is not scanning. Tags can still be read and written in that mode, which is why this looked like it connected. Turn it to RUN.
  - for a curve: no curve is loaded on the controller for the Curve ID you set, so there is nothing to run
  - the stroke is set so small there is nothing to see
09/15/2026 at 07:52:10 PM WARNING logger Model:647 - Ignored Prepare: a stop or resting move is still running.
09/15/2026 at 07:52:10 PM ERROR logger Model:229 - Not ready: The pistons must be homed before they can run. Press Start and it will do that first.
09/15/2026 at 07:52:10 PM ERROR logger Model:229 - Not ready: The pistons must be homed before they can run. Press Start and it will do that first.
09/15/2026 at 07:52:10 PM ERROR logger Model:229 - No pistons selected: Choose some pistons on the tank first.
09/15/2026 at 07:52:10 PM ERROR logger Model:229 - Not ready: The pistons must be homed before they can run. Press Start and it will do that first.
09/15/2026 at 07:52:10 PM ERROR logger Model:229 - Nothing to prepare: Choose some pistons on the tank first.
09/15/2026 at 07:52:10 PM ERROR logger Model:229 - Nothing to prepare: Choose some pistons on the tank first.
09/15/2026 at 07:52:10 PM ERROR logger Model:229 - Not ready: The pistons must be homed before they can run. Press Start and it will do that first.
09/15/2026 at 07:52:10 PM ERROR logger Model:229 - Nothing to prepare: Choose some pistons on the tank first.
09/15/2026 at 07:52:10 PM ERROR logger Model:229 - No pistons selected: Choose some pistons on the tank first.
09/15/2026 at 07:52:10 PM ERROR logger Model:229 - Nothing to prepare: Choose some pistons on the tank first.
09/15/2026 at 07:52:10 PM ERROR logger Model:229 - No pistons selected: Choose some pistons on the tank first.
09/15/2026 at 07:52:10 PM ERROR logger Model:229 - No pistons selected: Choose some pistons on the tank first.
09/15/2026 at 07:52:10 PM ERROR logger Model:229 - Nothing to prepare: Choose some pistons on the tank first.
09/15/2026 at 07:52:10 PM ERROR logger Model:229 - Not ready: The pistons must be homed before they can run. Press Start and it will do that first.
09/15/2026 at 07:52:10 PM ERROR logger Model:229 - Not ready: The pistons must be homed before they can run. Press Start and it will do that first.
09/15/2026 at 07:52:10 PM ERROR logger Model:229 - No pistons selected: Choose some pistons on the tank first.
09/15/2026 at 07:52:10 PM ERROR logger Model:229 - Not ready: The pistons must be homed before they can run. Press Start and it will do that first.
09/15/2026 at 07:52:10 PM WARNING logger Model:2052 - The curve command was sent, but no piston moved more than 0 mm.
09/15/2026 at 07:52:10 PM ERROR logger Model:229 - Nothing moved: The curve command was sent, but no piston moved more than 0 mm.

The command reached the controller, so this is not a connection problem. Likely causes:

  - the keyswitch on the front of the controller is at PROG, so the ladder is not scanning. Tags can still be read and written in that mode, which is why this looked like it connected. Turn it to RUN.
  - for a curve: no curve is loaded on the controller for the Curve ID you set, so there is nothing to run
  - the stroke is set so small there is nothing to see
09/15/2026 at 07:52:18 PM WARNING logger Model:2277 - Pistons did not all reach the resting position.
09/15/2026 at 07:52:22 PM WARNING logger Model:2052 - The stroke command was sent, but no piston moved more than 0 mm.
09/15/2026 at 07:52:22 PM ERROR logger Model:229 - Nothing moved: The stroke command was sent, but no piston moved more than 0 mm.

The command reached the controller, so this is not a connection problem. Likely causes:

  - the keyswitch on the front of the controller is at PROG, so the ladder is not scanning. Tags can still be read and written in that mode, which is why this looked like it connected. Turn it to RUN.
  - for a curve: no curve is loaded on the controller for the Curve ID you set, so there is nothing to run
  - the stroke is set so small there is nothing to see
09/15/2026 at 07:52:25 PM WARNING logger Model:2277 - Pistons did not all reach the resting position.
09/15/2026 at 07:52:25 PM ERROR logger Model:229 - Live speed change failed: The speed was updated on pistons 30, then stopped at piston 30: the machine is stopping.
09/15/2026 at 07:52:26 PM WARNING logger Model:647 - Ignored Calibrate: a stop or resting move is still running.
09/15/2026 at 07:52:26 PM WARNING logger Model:2582 - Axis 0 reports position 0, which looks like millimetres rather than drive counts. If the controller now publishes millimetres, set POSITION_COUNTS_PER_MM to 1 in app/params.py.
09/15/2026 at 07:52:29 PM ERROR logger Model:662 - Start failed: transient write failure
09/15/2026 at 07:52:29 PM ERROR logger Model:229 - Machine error: transient write failure
09/15/2026 at 07:52:33 PM WARNING logger Model:2052 - The stroke command was sent, but no piston moved more than 0 mm.
09/15/2026 at 07:52:33 PM ERROR logger Model:229 - Nothing moved: The stroke command was sent, but no piston moved more than 0 mm.

The command reached the controller, so this is not a connection problem. Likely causes:

  - the keyswitch on the front of the controller is at PROG, so the ladder is not scanning. Tags can still be read and written in that mode, which is why this looked like it connected. Turn it to RUN.
  - for a curve: no curve is loaded on the controller for the Curve ID you set, so there is nothing to run
  - the stroke is set so small there is nothing to see
09/15/2026 at 07:52:33 PM WARNING logger Model:650 - Ignored Start: Movement test is still running.
09/15/2026 at 07:52:33 PM WARNING logger Model:2277 - Pistons did not all reach the resting position.
09/15/2026 at 07:52:33 PM WARNING logger Model:1821 - Staging did not complete within 0.2 seconds; running unstaggered.
09/15/2026 at 07:52:33 PM WARNING logger Model:2277 - Pistons did not all reach the resting position.
09/15/2026 at 07:52:33 PM WARNING logger Model:647 - Ignored Calibrate: a stop or resting move is still running.
09/15/2026 at 07:52:33 PM ERROR logger Model:229 - Not ready: The pistons must be homed before they can run. Press Start and it will do that first.
09/15/2026 at 07:52:33 PM WARNING logger Model:647 - Ignored Run: a stop or resting move is still running.
09/15/2026 at 07:52:33 PM ERROR logger Model:229 - Not ready: The pistons must be homed before they can run. Press Start and it will do that first.
09/15/2026 at 07:52:33 PM WARNING logger Model:647 - Ignored Run: a stop or resting move is still running.
09/15/2026 at 07:52:33 PM ERROR logger Model:229 - Not ready: The pistons must be homed before they can run. Press Start and it will do that first.
09/15/2026 at 07:52:33 PM WARNING logger Model:647 - Ignored Run: a stop or resting move is still running.
09/15/2026 at 07:52:33 PM ERROR logger Model:229 - Live speed change failed: The speed was updated on pistons , then stopped at piston 30: offline.
09/15/2026 at 07:52:34 PM WARNING logger Model:2514 - Piston 30 covered only 0 mm of its 350 mm stroke over the last 3 seconds. It may be dragging or stuck.
09/15/2026 at 07:52:34 PM WARNING logger Model:2514 - Piston 29 covered only 0 mm of its 350 mm stroke over the last 3 seconds. It may be dragging or stuck.
09/15/2026 at 07:52:34 PM WARNING logger Model:2514 - Piston 28 covered only 0 mm of its 350 mm stroke over the last 3 seconds. It may be dragging or stuck.
09/15/2026 at 07:52:34 PM WARNING logger Model:2514 - Piston 27 covered only 0 mm of its 350 mm stroke over the last 3 seconds. It may be dragging or stuck.
09/15/2026 at 07:52:34 PM WARNING logger Model:2514 - Piston 26 covered only 0 mm of its 350 mm stroke over the last 3 seconds. It may be dragging or stuck.
09/15/2026 at 07:52:34 PM WARNING logger Model:2514 - Piston 25 covered only 0 mm of its 350 mm stroke over the last 3 seconds. It may be dragging or stuck.
09/15/2026 at 07:52:34 PM WARNING logger Model:2514 - Piston 24 covered only 0 mm of its 350 mm stroke over the last 3 seconds. It may be dragging or stuck.
09/15/2026 at 07:52:34 PM WARNING logger Model:2514 - Piston 23 covered only 0 mm of its 350 mm stroke over the last 3 seconds. It may be dragging or stuck.
09/15/2026 at 07:52:34 PM WARNING logger Model:2514 - Piston 22 covered only 0 mm of its 350 mm stroke over the last 3 seconds. It may be dragging or stuck.
09/15/2026 at 07:52:34 PM WARNING logger Model:2514 - Piston 21 covered only 0 mm of its 350 mm stroke over the last 3 seconds. It may be dragging or stuck.
09/15/2026 at 07:52:34 PM WARNING logger Model:2514 - Piston 20 covered only 0 mm of its 350 mm stroke over the last 3 seconds. It may be dragging or stuck.
09/15/2026 at 07:52:34 PM WARNING logger Model:2514 - Piston 19 covered only 0 mm of its 350 mm stroke over the last 3 seconds. It may be dragging or stuck.
09/15/2026 at 07:52:34 PM WARNING logger Model:2514 - Piston 18 covered only 0 mm of its 350 mm stroke over the last 3 seconds. It may be dragging or stuck.
09/15/2026 at 07:52:34 PM WARNING logger Model:2514 - Piston 17 covered only 0 mm of its 350 mm stroke over the last 3 seconds. It may be dragging or stuck.
09/15/2026 at 07:52:34 PM WARNING logger Model:2514 - Piston 16 covered only 0 mm of its 350 mm stroke over the last 3 seconds. It may be dragging or stuck.
09/15/2026 at 07:52:34 PM WARNING logger Model:2514 - Piston 15 covered only 0 mm of its 350 mm stroke over the last 3 seconds. It may be dragging or stuck.
09/15/2026 at 07:52:34 PM WARNING logger Model:2514 - Piston 14 covered only 0 mm of its 350 mm stroke over the last 3 seconds. It may be dragging or stuck.
09/15/2026 at 07:52:34 PM WARNING logger Model:2514 - Piston 13 covered only 0 mm of its 350 mm stroke over the last 3 seconds. It may be dragging or stuck.
09/15/2026 at 07:52:34 PM WARNING logger Model:2514 - Piston 12 covered only 0 mm of its 350 mm stroke over the last 3 seconds. It may be dragging or stuck.
09/15/2026 at 07:52:34 PM WARNING logger Model:2514 - Piston 11 covered only 0 mm of its 350 mm stroke over the last 3 seconds. It may be dragging or stuck.
09/15/2026 at 07:52:34 PM WARNING logger Model:2514 - Piston 10 covered only 0 mm of its 350 mm stroke over the last 3 seconds. It may be dragging or stuck.
09/15/2026 at 07:52:34 PM WARNING logger Model:2514 - Piston 9 covered only 0 mm of its 350 mm stroke over the last 3 seconds. It may be dragging or stuck.
09/15/2026 at 07:52:34 PM WARNING logger Model:2514 - Piston 8 covered only 0 mm of its 350 mm stroke over the last 3 seconds. It may be dragging or stuck.
09/15/2026 at 07:52:34 PM WARNING logger Model:2514 - Piston 7 covered only 0 mm of its 350 mm stroke over the last 3 seconds. It may be dragging or stuck.
09/15/2026 at 07:52:34 PM WARNING logger Model:2514 - Piston 6 covered only 0 mm of its 350 mm stroke over the last 3 seconds. It may be dragging or stuck.
09/15/2026 at 07:52:34 PM WARNING logger Model:2514 - Piston 5 covered only 0 mm of its 350 mm stroke over the last 3 seconds. It may be dragging or stuck.
09/15/2026 at 07:52:34 PM WARNING logger Model:2514 - Piston 4 covered only 0 mm of its 350 mm stroke over the last 3 seconds. It may be dragging or stuck.
09/15/2026 at 07:52:34 PM WARNING logger Model:2514 - Piston 3 covered only 0 mm of its 350 mm stroke over the last 3 seconds. It may be dragging or stuck.
09/15/2026 at 07:52:34 PM WARNING logger Model:2514 - Piston 2 covered only 0 mm of its 350 mm stroke over the last 3 seconds. It may be dragging or stuck.
09/15/2026 at 07:52:34 PM WARNING logger Model:2514 - Piston 1 covered only 0 mm of its 350 mm stroke over the last 3 seconds. It may be dragging or stuck.
09/15/2026 at 07:52:34 PM ERROR logger Model:229 - Staging failed: Piston 30: restore failed
09/15/2026 at 07:52:34 PM ERROR logger Model:229 - Movement test cleanup failed: Could not clear movement-test run bit: clear failed
09/15/2026 at 07:52:34 PM WARNING logger Model:1821 - Staging did not complete within 0 seconds; running unstaggered.
09/15/2026 at 07:52:34 PM ERROR logger Model:229 - Movement test cleanup failed: Could not restore Program:Wave_Control.Live_Motors.1: selection restore failed
09/15/2026 at 07:52:34 PM ERROR logger Model:229 - Staging failed: Could not clear staging run bit: stop failed
09/15/2026 at 07:52:34 PM CRITICAL logger Model:2187 - STOP FAILED: Program:Wave_Control.Run_1: first stop failed
09/15/2026 at 07:52:34 PM ERROR logger Model:229 - Stop failed: The machine did not acknowledge the stop command:
Program:Wave_Control.Run_1: first stop failed

Use the physical stop and check the connection.
09/15/2026 at 07:52:34 PM WARNING logger Model:647 - Ignored Calibrate: a stop or resting move is still running.
09/15/2026 at 07:52:36 PM ERROR logger Model:229 - Nothing to prepare: Choose some pistons on the tank first.
09/15/2026 at 07:52:36 PM ERROR logger Model:229 - Not ready: The pistons must be homed before they can run. Press Start and it will do that first.
09/15/2026 at 07:52:36 PM ERROR logger Model:229 - No pistons selected: Choose some pistons on the tank first.
09/15/2026 at 07:52:36 PM ERROR logger Model:229 - No pistons selected: Choose some pistons on the tank first.
09/15/2026 at 07:52:36 PM ERROR logger Model:229 - Not ready: The pistons must be homed before they can run. Press Start and it will do that first.
09/15/2026 at 07:52:36 PM ERROR logger Model:229 - No pistons selected: Choose some pistons on the tank first.
09/15/2026 at 07:52:36 PM WARNING logger Model:2052 - The curve command was sent, but no piston moved more than 0 mm.
09/15/2026 at 07:52:36 PM ERROR logger Model:229 - Nothing moved: The curve command was sent, but no piston moved more than 0 mm.

The command reached the controller, so this is not a connection problem. Likely causes:

  - the keyswitch on the front of the controller is at PROG, so the ladder is not scanning. Tags can still be read and written in that mode, which is why this looked like it connected. Turn it to RUN.
  - for a curve: no curve is loaded on the controller for the Curve ID you set, so there is nothing to run
  - the stroke is set so small there is nothing to see
09/15/2026 at 07:52:36 PM WARNING logger Model:2277 - Pistons did not all reach the resting position.
09/15/2026 at 07:52:36 PM ERROR logger Model:229 - Not ready: The pistons must be homed before they can run. Press Start and it will do that first.
09/15/2026 at 07:52:36 PM ERROR logger Model:229 - Nothing to prepare: Choose some pistons on the tank first.
09/15/2026 at 07:52:36 PM ERROR logger Model:229 - Nothing to prepare: Choose some pistons on the tank first.
09/15/2026 at 07:52:36 PM ERROR logger Model:229 - Nothing to prepare: Choose some pistons on the tank first.
09/15/2026 at 07:52:36 PM ERROR logger Model:229 - No pistons selected: Choose some pistons on the tank first.
09/15/2026 at 07:52:36 PM ERROR logger Model:229 - Not ready: The pistons must be homed before they can run. Press Start and it will do that first.
09/15/2026 at 07:52:36 PM ERROR logger Model:229 - Not ready: The pistons must be homed before they can run. Press Start and it will do that first.
09/15/2026 at 07:52:36 PM ERROR logger Model:229 - Nothing to prepare: Choose some pistons on the tank first.
09/15/2026 at 07:52:36 PM ERROR logger Model:229 - Not ready: The pistons must be homed before they can run. Press Start and it will do that first.
09/15/2026 at 07:52:36 PM ERROR logger Model:229 - No pistons selected: Choose some pistons on the tank first.
09/15/2026 at 07:52:36 PM WARNING logger Model:2052 - The curve command was sent, but no piston moved more than 0 mm.
09/15/2026 at 07:52:36 PM ERROR logger Model:229 - Nothing moved: The curve command was sent, but no piston moved more than 0 mm.

The command reached the controller, so this is not a connection problem. Likely causes:

  - the keyswitch on the front of the controller is at PROG, so the ladder is not scanning. Tags can still be read and written in that mode, which is why this looked like it connected. Turn it to RUN.
  - for a curve: no curve is loaded on the controller for the Curve ID you set, so there is nothing to run
  - the stroke is set so small there is nothing to see
09/15/2026 at 07:52:36 PM ERROR logger Model:229 - Nothing to prepare: Choose some pistons on the tank first.
09/15/2026 at 07:52:36 PM ERROR logger Model:229 - No pistons selected: Choose some pistons on the tank first.
09/15/2026 at 07:52:36 PM ERROR logger Model:229 - Not ready: The pistons must be homed before they can run. Press Start and it will do that first.
09/15/2026 at 07:52:36 PM ERROR logger Model:229 - No pistons selected: Choose some pistons on the tank first.
09/15/2026 at 07:52:36 PM ERROR logger Model:229 - Not ready: The pistons must be homed before they can run. Press Start and it will do that first.
09/15/2026 at 07:52:36 PM WARNING logger Model:2052 - The stroke command was sent, but no piston moved more than 0 mm.
09/15/2026 at 07:52:36 PM ERROR logger Model:229 - Nothing moved: The stroke command was sent, but no piston moved more than 0 mm.

The command reached the controller, so this is not a connection problem. Likely causes:

  - the keyswitch on the front of the controller is at PROG, so the ladder is not scanning. Tags can still be read and written in that mode, which is why this looked like it connected. Turn it to RUN.
  - for a curve: no curve is loaded on the controller for the Curve ID you set, so there is nothing to run
  - the stroke is set so small there is nothing to see
09/15/2026 at 07:52:36 PM ERROR logger Model:229 - Not ready: The pistons must be homed before they can run. Press Start and it will do that first.
09/15/2026 at 07:52:36 PM WARNING logger Model:2052 - The curve command was sent, but no piston moved more than 0 mm.
09/15/2026 at 07:52:36 PM ERROR logger Model:229 - Nothing moved: The curve command was sent, but no piston moved more than 0 mm.

The command reached the controller, so this is not a connection problem. Likely causes:

  - the keyswitch on the front of the controller is at PROG, so the ladder is not scanning. Tags can still be read and written in that mode, which is why this looked like it connected. Turn it to RUN.
  - for a curve: no curve is loaded on the controller for the Curve ID you set, so there is nothing to run
  - the stroke is set so small there is nothing to see
09/15/2026 at 07:52:36 PM ERROR logger Model:229 - Not ready: The pistons must be homed before they can run. Press Start and it will do that first.
09/15/2026 at 07:52:36 PM ERROR logger Model:229 - Not ready: The pistons must be homed before they can run. Press Start and it will do that first.
09/15/2026 at 07:52:36 PM ERROR logger Model:229 - Not ready: The pistons must be homed before they can run. Press Start and it will do that first.
09/15/2026 at 07:52:36 PM WARNING logger Model:2052 - The stroke command was sent, but no piston moved more than 0 mm.
09/15/2026 at 07:52:36 PM ERROR logger Model:229 - Nothing moved: The stroke command was sent, but no piston moved more than 0 mm.

The command reached the controller, so this is not a connection problem. Likely causes:

  - the keyswitch on the front of the controller is at PROG, so the ladder is not scanning. Tags can still be read and written in that mode, which is why this looked like it connected. Turn it to RUN.
  - for a curve: no curve is loaded on the controller for the Curve ID you set, so there is nothing to run
  - the stroke is set so small there is nothing to see
09/15/2026 at 07:52:36 PM WARNING logger Model:2052 - The stroke command was sent, but no piston moved more than 0 mm.
09/15/2026 at 07:52:36 PM ERROR logger Model:229 - Nothing moved: The stroke command was sent, but no piston moved more than 0 mm.

The command reached the controller, so this is not a connection problem. Likely causes:

  - the keyswitch on the front of the controller is at PROG, so the ladder is not scanning. Tags can still be read and written in that mode, which is why this looked like it connected. Turn it to RUN.
  - for a curve: no curve is loaded on the controller for the Curve ID you set, so there is nothing to run
  - the stroke is set so small there is nothing to see
09/15/2026 at 07:52:36 PM WARNING logger Model:2052 - The curve command was sent, but no piston moved more than 0 mm.
09/15/2026 at 07:52:36 PM ERROR logger Model:229 - Nothing moved: The curve command was sent, but no piston moved more than 0 mm.

The command reached the controller, so this is not a connection problem. Likely causes:

  - the keyswitch on the front of the controller is at PROG, so the ladder is not scanning. Tags can still be read and written in that mode, which is why this looked like it connected. Turn it to RUN.
  - for a curve: no curve is loaded on the controller for the Curve ID you set, so there is nothing to run
  - the stroke is set so small there is nothing to see
09/15/2026 at 07:52:36 PM WARNING logger Model:2052 - The stroke command was sent, but no piston moved more than 0 mm.
09/15/2026 at 07:52:36 PM ERROR logger Model:229 - Nothing moved: The stroke command was sent, but no piston moved more than 0 mm.

The command reached the controller, so this is not a connection problem. Likely causes:

  - the keyswitch on the front of the controller is at PROG, so the ladder is not scanning. Tags can still be read and written in that mode, which is why this looked like it connected. Turn it to RUN.
  - for a curve: no curve is loaded on the controller for the Curve ID you set, so there is nothing to run
  - the stroke is set so small there is nothing to see
09/15/2026 at 07:52:36 PM WARNING logger Model:2052 - The stroke command was sent, but no piston moved more than 0 mm.
09/15/2026 at 07:52:36 PM ERROR logger Model:229 - Nothing moved: The stroke command was sent, but no piston moved more than 0 mm.

The command reached the controller, so this is not a connection problem. Likely causes:

  - the keyswitch on the front of the controller is at PROG, so the ladder is not scanning. Tags can still be read and written in that mode, which is why this looked like it connected. Turn it to RUN.
  - for a curve: no curve is loaded on the controller for the Curve ID you set, so there is nothing to run
  - the stroke is set so small there is nothing to see
09/15/2026 at 07:52:36 PM ERROR logger Model:229 - Not ready: The pistons must be homed before they can run. Press Start and it will do that first.
09/15/2026 at 07:52:36 PM ERROR logger Model:229 - Not ready: The pistons must be homed before they can run. Press Start and it will do that first.
09/15/2026 at 07:52:36 PM ERROR logger Model:229 - Nothing to prepare: Choose some pistons on the tank first.
09/15/2026 at 07:52:36 PM WARNING logger Model:2277 - Pistons did not all reach the resting position.
09/15/2026 at 07:52:36 PM WARNING logger Model:2277 - Pistons did not all reach the resting position.
09/15/2026 at 07:52:36 PM ERROR logger Model:229 - Not ready: The pistons must be homed before they can run. Press Start and it will do that first.
09/15/2026 at 07:52:36 PM ERROR logger Model:229 - Not ready: The pistons must be homed before they can run. Press Start and it will do that first.
09/15/2026 at 07:52:36 PM ERROR logger Model:229 - Nothing to prepare: Choose some pistons on the tank first.
09/15/2026 at 07:52:36 PM ERROR logger Model:229 - No pistons selected: Choose some pistons on the tank first.
09/15/2026 at 07:52:36 PM ERROR logger Model:229 - No pistons selected: Choose some pistons on the tank first.
09/15/2026 at 07:52:36 PM ERROR logger Model:229 - Nothing to prepare: Choose some pistons on the tank first.
09/15/2026 at 07:52:36 PM WARNING logger Model:647 - Ignored Prepare: a stop or resting move is still running.
09/15/2026 at 07:52:36 PM ERROR logger Model:229 - Nothing to prepare: Choose some pistons on the tank first.
09/15/2026 at 07:52:36 PM ERROR logger Model:229 - No pistons selected: Choose some pistons on the tank first.
09/15/2026 at 07:52:36 PM WARNING logger Model:2052 - The curve command was sent, but no piston moved more than 0 mm.
09/15/2026 at 07:52:36 PM ERROR logger Model:229 - Nothing moved: The curve command was sent, but no piston moved more than 0 mm.

The command reached the controller, so this is not a connection problem. Likely causes:

  - the keyswitch on the front of the controller is at PROG, so the ladder is not scanning. Tags can still be read and written in that mode, which is why this looked like it connected. Turn it to RUN.
  - for a curve: no curve is loaded on the controller for the Curve ID you set, so there is nothing to run
  - the stroke is set so small there is nothing to see
09/15/2026 at 07:52:36 PM ERROR logger Model:229 - Not ready: The pistons must be homed before they can run. Press Start and it will do that first.
09/15/2026 at 07:52:36 PM WARNING logger Model:2052 - The curve command was sent, but no piston moved more than 0 mm.
09/15/2026 at 07:52:36 PM ERROR logger Model:229 - Nothing moved: The curve command was sent, but no piston moved more than 0 mm.

The command reached the controller, so this is not a connection problem. Likely causes:

  - the keyswitch on the front of the controller is at PROG, so the ladder is not scanning. Tags can still be read and written in that mode, which is why this looked like it connected. Turn it to RUN.
  - for a curve: no curve is loaded on the controller for the Curve ID you set, so there is nothing to run
  - the stroke is set so small there is nothing to see
09/15/2026 at 07:52:36 PM ERROR logger Model:229 - Not ready: The pistons must be homed before they can run. Press Start and it will do that first.
09/15/2026 at 07:52:36 PM ERROR logger Model:229 - Nothing to prepare: Choose some pistons on the tank first.
09/15/2026 at 07:52:36 PM ERROR logger Model:229 - No pistons selected: Choose some pistons on the tank first.
09/15/2026 at 07:52:36 PM ERROR logger Model:229 - Nothing to prepare: Choose some pistons on the tank first.
09/15/2026 at 07:52:36 PM ERROR logger Model:229 - Nothing to prepare: Choose some pistons on the tank first.
09/15/2026 at 07:52:36 PM ERROR logger Model:229 - Nothing to prepare: Choose some pistons on the tank first.
09/15/2026 at 07:52:36 PM ERROR logger Model:229 - Not ready: The pistons must be homed before they can run. Press Start and it will do that first.
09/15/2026 at 07:52:36 PM ERROR logger Model:229 - Nothing to prepare: Choose some pistons on the tank first.
09/15/2026 at 07:52:36 PM ERROR logger Model:229 - Not ready: The pistons must be homed before they can run. Press Start and it will do that first.
09/15/2026 at 07:52:36 PM ERROR logger Model:229 - Nothing to prepare: Choose some pistons on the tank first.
09/15/2026 at 07:52:36 PM ERROR logger Model:229 - Nothing to prepare: Choose some pistons on the tank first.
09/15/2026 at 07:52:36 PM ERROR logger Model:229 - Not ready: The pistons must be homed before they can run. Press Start and it will do that first.
09/15/2026 at 07:52:36 PM ERROR logger Model:229 - Not ready: The pistons must be homed before they can run. Press Start and it will do that first.
09/15/2026 at 07:52:36 PM ERROR logger Model:229 - No pistons selected: Choose some pistons on the tank first.
09/15/2026 at 07:52:36 PM ERROR logger Model:229 - Not ready: The pistons must be homed before they can run. Press Start and it will do that first.
09/15/2026 at 07:52:36 PM WARNING logger Model:2052 - The stroke command was sent, but no piston moved more than 0 mm.
09/15/2026 at 07:52:36 PM ERROR logger Model:229 - Nothing moved: The stroke command was sent, but no piston moved more than 0 mm.

The command reached the controller, so this is not a connection problem. Likely causes:

  - the keyswitch on the front of the controller is at PROG, so the ladder is not scanning. Tags can still be read and written in that mode, which is why this looked like it connected. Turn it to RUN.
  - for a curve: no curve is loaded on the controller for the Curve ID you set, so there is nothing to run
  - the stroke is set so small there is nothing to see
09/15/2026 at 07:52:36 PM WARNING logger Model:2277 - Pistons did not all reach the resting position.
09/15/2026 at 07:52:36 PM ERROR logger Model:229 - Not ready: The pistons must be homed before they can run. Press Start and it will do that first.
09/15/2026 at 07:52:36 PM WARNING logger Model:2277 - Pistons did not all reach the resting position.
09/15/2026 at 07:52:36 PM WARNING logger Model:2277 - Pistons did not all reach the resting position.
09/15/2026 at 07:52:36 PM WARNING logger Model:2052 - The curve command was sent, but no piston moved more than 0 mm.
09/15/2026 at 07:52:36 PM ERROR logger Model:229 - Nothing moved: The curve command was sent, but no piston moved more than 0 mm.

The command reached the controller, so this is not a connection problem. Likely causes:

  - the keyswitch on the front of the controller is at PROG, so the ladder is not scanning. Tags can still be read and written in that mode, which is why this looked like it connected. Turn it to RUN.
  - for a curve: no curve is loaded on the controller for the Curve ID you set, so there is nothing to run
  - the stroke is set so small there is nothing to see
09/15/2026 at 07:52:36 PM WARNING logger Model:2277 - Pistons did not all reach the resting position.
09/15/2026 at 07:52:36 PM WARNING logger Model:2052 - The stroke command was sent, but no piston moved more than 0 mm.
09/15/2026 at 07:52:36 PM ERROR logger Model:229 - Nothing moved: The stroke command was sent, but no piston moved more than 0 mm.

The command reached the controller, so this is not a connection problem. Likely causes:

  - the keyswitch on the front of the controller is at PROG, so the ladder is not scanning. Tags can still be read and written in that mode, which is why this looked like it connected. Turn it to RUN.
  - for a curve: no curve is loaded on the controller for the Curve ID you set, so there is nothing to run
  - the stroke is set so small there is nothing to see
09/15/2026 at 07:52:36 PM WARNING logger Model:2052 - The curve command was sent, but no piston moved more than 0 mm.
09/15/2026 at 07:52:37 PM ERROR logger Model:229 - Nothing moved: The curve command was sent, but no piston moved more than 0 mm.

The command reached the controller, so this is not a connection problem. Likely causes:

  - the keyswitch on the front of the controller is at PROG, so the ladder is not scanning. Tags can still be read and written in that mode, which is why this looked like it connected. Turn it to RUN.
  - for a curve: no curve is loaded on the controller for the Curve ID you set, so there is nothing to run
  - the stroke is set so small there is nothing to see
09/15/2026 at 07:52:37 PM ERROR logger Model:229 - Not ready: The pistons must be homed before they can run. Press Start and it will do that first.
09/15/2026 at 07:52:37 PM ERROR logger Model:229 - No pistons selected: Choose some pistons on the tank first.
09/15/2026 at 07:52:37 PM ERROR logger Model:229 - Not ready: The pistons must be homed before they can run. Press Start and it will do that first.
09/15/2026 at 07:52:37 PM ERROR logger Model:229 - No pistons selected: Choose some pistons on the tank first.
09/15/2026 at 07:52:37 PM ERROR logger Model:229 - Not ready: The pistons must be homed before they can run. Press Start and it will do that first.
09/15/2026 at 07:52:37 PM ERROR logger Model:229 - Not ready: The pistons must be homed before they can run. Press Start and it will do that first.
09/15/2026 at 07:52:37 PM ERROR logger Model:229 - Not ready: The pistons must be homed before they can run. Press Start and it will do that first.
09/15/2026 at 07:52:37 PM ERROR logger Model:229 - Nothing to prepare: Choose some pistons on the tank first.
09/15/2026 at 07:52:37 PM WARNING logger Model:2052 - The curve command was sent, but no piston moved more than 0 mm.
09/15/2026 at 07:52:37 PM ERROR logger Model:229 - Nothing moved: The curve command was sent, but no piston moved more than 0 mm.

The command reached the controller, so this is not a connection problem. Likely causes:

  - the keyswitch on the front of the controller is at PROG, so the ladder is not scanning. Tags can still be read and written in that mode, which is why this looked like it connected. Turn it to RUN.
  - for a curve: no curve is loaded on the controller for the Curve ID you set, so there is nothing to run
  - the stroke is set so small there is nothing to see
09/15/2026 at 07:52:37 PM WARNING logger Model:2052 - The curve command was sent, but no piston moved more than 0 mm.
09/15/2026 at 07:52:37 PM ERROR logger Model:229 - Nothing moved: The curve command was sent, but no piston moved more than 0 mm.

The command reached the controller, so this is not a connection problem. Likely causes:

  - the keyswitch on the front of the controller is at PROG, so the ladder is not scanning. Tags can still be read and written in that mode, which is why this looked like it connected. Turn it to RUN.
  - for a curve: no curve is loaded on the controller for the Curve ID you set, so there is nothing to run
  - the stroke is set so small there is nothing to see
09/15/2026 at 07:52:37 PM WARNING logger Model:2052 - The curve command was sent, but no piston moved more than 0 mm.
09/15/2026 at 07:52:37 PM ERROR logger Model:229 - Nothing moved: The curve command was sent, but no piston moved more than 0 mm.

The command reached the controller, so this is not a connection problem. Likely causes:

  - the keyswitch on the front of the controller is at PROG, so the ladder is not scanning. Tags can still be read and written in that mode, which is why this looked like it connected. Turn it to RUN.
  - for a curve: no curve is loaded on the controller for the Curve ID you set, so there is nothing to run
  - the stroke is set so small there is nothing to see
09/15/2026 at 07:52:37 PM WARNING logger Model:647 - Ignored Run: a stop or resting move is still running.
09/15/2026 at 07:52:37 PM ERROR logger Model:229 - Nothing to prepare: Choose some pistons on the tank first.
09/15/2026 at 07:52:37 PM WARNING logger Model:2052 - The curve command was sent, but no piston moved more than 0 mm.
09/15/2026 at 07:52:37 PM ERROR logger Model:229 - Nothing moved: The curve command was sent, but no piston moved more than 0 mm.

The command reached the controller, so this is not a connection problem. Likely causes:

  - the keyswitch on the front of the controller is at PROG, so the ladder is not scanning. Tags can still be read and written in that mode, which is why this looked like it connected. Turn it to RUN.
  - for a curve: no curve is loaded on the controller for the Curve ID you set, so there is nothing to run
  - the stroke is set so small there is nothing to see
09/15/2026 at 07:52:37 PM ERROR logger Model:229 - Nothing to prepare: Choose some pistons on the tank first.
09/15/2026 at 07:52:37 PM ERROR logger Model:229 - Nothing to prepare: Choose some pistons on the tank first.
09/15/2026 at 07:52:37 PM ERROR logger Model:229 - No pistons selected: Choose some pistons on the tank first.
09/15/2026 at 07:52:37 PM ERROR logger Model:229 - Nothing to prepare: Choose some pistons on the tank first.
09/15/2026 at 07:52:37 PM ERROR logger Model:229 - Nothing to prepare: Choose some pistons on the tank first.
09/15/2026 at 07:52:37 PM ERROR logger Model:229 - Not ready: The pistons must be homed before they can run. Press Start and it will do that first.
09/15/2026 at 07:52:37 PM WARNING logger Model:647 - Ignored Prepare: a stop or resting move is still running.
09/15/2026 at 07:52:37 PM WARNING logger Model:647 - Ignored Run: a stop or resting move is still running.
09/15/2026 at 07:52:37 PM WARNING logger Model:647 - Ignored Calibrate: a stop or resting move is still running.
09/15/2026 at 07:52:37 PM WARNING logger Model:647 - Ignored Prepare: a stop or resting move is still running.
09/15/2026 at 07:52:37 PM WARNING logger Model:647 - Ignored Calibrate: a stop or resting move is still running.
09/15/2026 at 07:52:37 PM WARNING logger Model:647 - Ignored Prepare: a stop or resting move is still running.
09/15/2026 at 07:52:37 PM WARNING logger Model:647 - Ignored Prepare: a stop or resting move is still running.
09/15/2026 at 07:52:37 PM WARNING logger Model:647 - Ignored Prepare: a stop or resting move is still running.
09/15/2026 at 07:52:37 PM ERROR logger Model:229 - Not ready: The pistons must be homed before they can run. Press Start and it will do that first.
09/15/2026 at 07:52:37 PM ERROR logger Model:229 - Not ready: The pistons must be homed before they can run. Press Start and it will do that first.
09/15/2026 at 07:52:37 PM ERROR logger Model:229 - Nothing to prepare: Choose some pistons on the tank first.
09/15/2026 at 07:52:37 PM ERROR logger Model:229 - Not ready: The pistons must be homed before they can run. Press Start and it will do that first.
09/15/2026 at 07:52:37 PM ERROR logger Model:229 - Not ready: The pistons must be homed before they can run. Press Start and it will do that first.
09/15/2026 at 07:52:37 PM WARNING logger Model:2277 - Pistons did not all reach the resting position.
09/15/2026 at 07:52:37 PM WARNING logger Model:2277 - Pistons did not all reach the resting position.
09/15/2026 at 07:52:37 PM WARNING logger Model:2277 - Pistons did not all reach the resting position.
09/15/2026 at 07:52:37 PM ERROR logger Model:229 - Not ready: The pistons must be homed before they can run. Press Start and it will do that first.
09/15/2026 at 07:52:37 PM WARNING logger Model:2277 - Pistons did not all reach the resting position.
09/15/2026 at 07:52:37 PM WARNING logger Model:2052 - The curve command was sent, but no piston moved more than 0 mm.
09/15/2026 at 07:52:37 PM ERROR logger Model:229 - Nothing moved: The curve command was sent, but no piston moved more than 0 mm.

The command reached the controller, so this is not a connection problem. Likely causes:

  - the keyswitch on the front of the controller is at PROG, so the ladder is not scanning. Tags can still be read and written in that mode, which is why this looked like it connected. Turn it to RUN.
  - for a curve: no curve is loaded on the controller for the Curve ID you set, so there is nothing to run
  - the stroke is set so small there is nothing to see
09/15/2026 at 07:52:37 PM WARNING logger Model:2277 - Pistons did not all reach the resting position.
09/15/2026 at 07:52:37 PM WARNING logger Model:2277 - Pistons did not all reach the resting position.
09/15/2026 at 07:52:37 PM WARNING logger Model:2277 - Pistons did not all reach the resting position.
09/15/2026 at 07:52:37 PM WARNING logger Model:2052 - The curve command was sent, but no piston moved more than 0 mm.
09/15/2026 at 07:52:37 PM ERROR logger Model:229 - Nothing moved: The curve command was sent, but no piston moved more than 0 mm.

The command reached the controller, so this is not a connection problem. Likely causes:

  - the keyswitch on the front of the controller is at PROG, so the ladder is not scanning. Tags can still be read and written in that mode, which is why this looked like it connected. Turn it to RUN.
  - for a curve: no curve is loaded on the controller for the Curve ID you set, so there is nothing to run
  - the stroke is set so small there is nothing to see
09/15/2026 at 07:52:37 PM WARNING logger Model:2277 - Pistons did not all reach the resting position.
09/15/2026 at 07:52:37 PM WARNING logger Model:2277 - Pistons did not all reach the resting position.
09/15/2026 at 07:52:37 PM ERROR logger Model:229 - Not ready: The pistons must be homed before they can run. Press Start and it will do that first.
09/15/2026 at 07:52:37 PM WARNING logger Model:647 - Ignored Calibrate: a stop or resting move is still running.
09/15/2026 at 07:52:37 PM WARNING logger Model:2277 - Pistons did not all reach the resting position.
09/15/2026 at 07:52:37 PM WARNING logger Model:2277 - Pistons did not all reach the resting position.
09/15/2026 at 07:52:37 PM ERROR logger Model:229 - Not ready: The pistons must be homed before they can run. Press Start and it will do that first.
09/15/2026 at 07:52:37 PM ERROR logger Model:229 - Nothing to prepare: Choose some pistons on the tank first.
09/15/2026 at 07:52:37 PM ERROR logger Model:229 - No pistons selected: Choose some pistons on the tank first.
09/15/2026 at 07:52:37 PM ERROR logger Model:229 - No pistons selected: Choose some pistons on the tank first.
09/15/2026 at 07:52:37 PM ERROR logger Model:229 - Not ready: The pistons must be homed before they can run. Press Start and it will do that first.
09/15/2026 at 07:52:37 PM ERROR logger Model:229 - Not ready: The pistons must be homed before they can run. Press Start and it will do that first.
09/15/2026 at 07:52:37 PM ERROR logger Model:229 - No pistons selected: Choose some pistons on the tank first.
09/15/2026 at 07:52:37 PM WARNING logger Model:2052 - The stroke command was sent, but no piston moved more than 0 mm.
09/15/2026 at 07:52:37 PM ERROR logger Model:229 - Nothing moved: The stroke command was sent, but no piston moved more than 0 mm.

The command reached the controller, so this is not a connection problem. Likely causes:

  - the keyswitch on the front of the controller is at PROG, so the ladder is not scanning. Tags can still be read and written in that mode, which is why this looked like it connected. Turn it to RUN.
  - for a curve: no curve is loaded on the controller for the Curve ID you set, so there is nothing to run
  - the stroke is set so small there is nothing to see
09/15/2026 at 07:52:37 PM ERROR logger Model:229 - No pistons selected: Choose some pistons on the tank first.
09/15/2026 at 07:52:37 PM ERROR logger Model:229 - Nothing to prepare: Choose some pistons on the tank first.
09/15/2026 at 07:52:37 PM ERROR logger Model:229 - Not ready: The pistons must be homed before they can run. Press Start and it will do that first.
09/15/2026 at 07:52:37 PM ERROR logger Model:229 - Nothing to prepare: Choose some pistons on the tank first.
09/15/2026 at 07:52:37 PM ERROR logger Model:229 - Not ready: The pistons must be homed before they can run. Press Start and it will do that first.
09/15/2026 at 07:52:37 PM ERROR logger Model:229 - Nothing to prepare: Choose some pistons on the tank first.
09/15/2026 at 07:52:37 PM ERROR logger Model:229 - No pistons selected: Choose some pistons on the tank first.
09/15/2026 at 07:52:37 PM WARNING logger Model:2052 - The curve command was sent, but no piston moved more than 0 mm.
09/15/2026 at 07:52:37 PM ERROR logger Model:229 - Nothing moved: The curve command was sent, but no piston moved more than 0 mm.

The command reached the controller, so this is not a connection problem. Likely causes:

  - the keyswitch on the front of the controller is at PROG, so the ladder is not scanning. Tags can still be read and written in that mode, which is why this looked like it connected. Turn it to RUN.
  - for a curve: no curve is loaded on the controller for the Curve ID you set, so there is nothing to run
  - the stroke is set so small there is nothing to see
09/15/2026 at 07:52:37 PM WARNING logger Model:2277 - Pistons did not all reach the resting position.
09/15/2026 at 07:52:37 PM WARNING logger Model:2277 - Pistons did not all reach the resting position.
09/15/2026 at 07:52:37 PM WARNING logger Model:2052 - The stroke command was sent, but no piston moved more than 0 mm.
09/15/2026 at 07:52:37 PM ERROR logger Model:229 - Nothing moved: The stroke command was sent, but no piston moved more than 0 mm.

The command reached the controller, so this is not a connection problem. Likely causes:

  - the keyswitch on the front of the controller is at PROG, so the ladder is not scanning. Tags can still be read and written in that mode, which is why this looked like it connected. Turn it to RUN.
  - for a curve: no curve is loaded on the controller for the Curve ID you set, so there is nothing to run
  - the stroke is set so small there is nothing to see
09/15/2026 at 07:52:37 PM WARNING logger Model:1821 - Staging did not complete within 0.0 seconds; running unstaggered.
09/15/2026 at 07:52:37 PM ERROR logger Model:229 - Nothing to prepare: Choose some pistons on the tank first.
09/15/2026 at 07:52:37 PM ERROR logger Model:229 - Not ready: The pistons must be homed before they can run. Press Start and it will do that first.
09/15/2026 at 07:52:37 PM ERROR logger Model:229 - No pistons selected: Choose some pistons on the tank first.
09/15/2026 at 07:52:37 PM WARNING logger Model:2277 - Pistons did not all reach the resting position.
09/15/2026 at 07:52:37 PM ERROR logger Model:229 - Not ready: The pistons must be homed before they can run. Press Start and it will do that first.
09/15/2026 at 07:52:37 PM ERROR logger Model:229 - Nothing to prepare: Choose some pistons on the tank first.
09/15/2026 at 07:52:37 PM ERROR logger Model:229 - Not ready: The pistons must be homed before they can run. Press Start and it will do that first.
09/15/2026 at 07:52:37 PM ERROR logger Model:229 - Not ready: The pistons must be homed before they can run. Press Start and it will do that first.
09/15/2026 at 07:52:37 PM ERROR logger Model:229 - Not ready: The pistons must be homed before they can run. Press Start and it will do that first.
09/15/2026 at 07:52:37 PM ERROR logger Model:229 - Not ready: The pistons must be homed before they can run. Press Start and it will do that first.
09/15/2026 at 07:52:37 PM WARNING logger Model:2052 - The curve command was sent, but no piston moved more than 0 mm.
09/15/2026 at 07:52:37 PM ERROR logger Model:229 - Nothing moved: The curve command was sent, but no piston moved more than 0 mm.

The command reached the controller, so this is not a connection problem. Likely causes:

  - the keyswitch on the front of the controller is at PROG, so the ladder is not scanning. Tags can still be read and written in that mode, which is why this looked like it connected. Turn it to RUN.
  - for a curve: no curve is loaded on the controller for the Curve ID you set, so there is nothing to run
  - the stroke is set so small there is nothing to see
09/15/2026 at 07:52:37 PM ERROR logger Model:229 - Not ready: The pistons must be homed before they can run. Press Start and it will do that first.
09/15/2026 at 07:52:37 PM WARNING logger Model:2052 - The curve command was sent, but no piston moved more than 0 mm.
09/15/2026 at 07:52:37 PM ERROR logger Model:229 - Nothing moved: The curve command was sent, but no piston moved more than 0 mm.

The command reached the controller, so this is not a connection problem. Likely causes:

  - the keyswitch on the front of the controller is at PROG, so the ladder is not scanning. Tags can still be read and written in that mode, which is why this looked like it connected. Turn it to RUN.
  - for a curve: no curve is loaded on the controller for the Curve ID you set, so there is nothing to run
  - the stroke is set so small there is nothing to see
09/15/2026 at 07:52:37 PM ERROR logger Model:229 - Not ready: The pistons must be homed before they can run. Press Start and it will do that first.
09/15/2026 at 07:52:37 PM ERROR logger Model:229 - Nothing to prepare: Choose some pistons on the tank first.
09/15/2026 at 07:52:37 PM ERROR logger Model:229 - No pistons selected: Choose some pistons on the tank first.
09/15/2026 at 07:52:37 PM ERROR logger Model:229 - No pistons selected: Choose some pistons on the tank first.
09/15/2026 at 07:52:37 PM ERROR logger Model:229 - No pistons selected: Choose some pistons on the tank first.
09/15/2026 at 07:52:37 PM ERROR logger Model:229 - Not ready: The pistons must be homed before they can run. Press Start and it will do that first.
09/15/2026 at 07:52:37 PM ERROR logger Model:229 - Not ready: The pistons must be homed before they can run. Press Start and it will do that first.
09/15/2026 at 07:52:37 PM WARNING logger Model:2052 - The stroke command was sent, but no piston moved more than 0 mm.
09/15/2026 at 07:52:37 PM ERROR logger Model:229 - Nothing moved: The stroke command was sent, but no piston moved more than 0 mm.

The command reached the controller, so this is not a connection problem. Likely causes:

  - the keyswitch on the front of the controller is at PROG, so the ladder is not scanning. Tags can still be read and written in that mode, which is why this looked like it connected. Turn it to RUN.
  - for a curve: no curve is loaded on the controller for the Curve ID you set, so there is nothing to run
  - the stroke is set so small there is nothing to see
09/15/2026 at 07:52:37 PM WARNING logger Model:2052 - The stroke command was sent, but no piston moved more than 0 mm.
09/15/2026 at 07:52:37 PM ERROR logger Model:229 - Nothing moved: The stroke command was sent, but no piston moved more than 0 mm.

The command reached the controller, so this is not a connection problem. Likely causes:

  - the keyswitch on the front of the controller is at PROG, so the ladder is not scanning. Tags can still be read and written in that mode, which is why this looked like it connected. Turn it to RUN.
  - for a curve: no curve is loaded on the controller for the Curve ID you set, so there is nothing to run
  - the stroke is set so small there is nothing to see
09/15/2026 at 07:52:37 PM WARNING logger Model:2277 - Pistons did not all reach the resting position.
09/15/2026 at 07:52:38 PM WARNING logger Model:2052 - The stroke command was sent, but no piston moved more than 0 mm.
09/15/2026 at 07:52:38 PM ERROR logger Model:229 - Nothing moved: The stroke command was sent, but no piston moved more than 0 mm.

The command reached the controller, so this is not a connection problem. Likely causes:

  - the keyswitch on the front of the controller is at PROG, so the ladder is not scanning. Tags can still be read and written in that mode, which is why this looked like it connected. Turn it to RUN.
  - for a curve: no curve is loaded on the controller for the Curve ID you set, so there is nothing to run
  - the stroke is set so small there is nothing to see
09/15/2026 at 07:52:38 PM ERROR logger Model:229 - Nothing to prepare: Choose some pistons on the tank first.
09/15/2026 at 07:52:38 PM ERROR logger Model:229 - Nothing to prepare: Choose some pistons on the tank first.
09/15/2026 at 07:52:38 PM ERROR logger Model:229 - Nothing to prepare: Choose some pistons on the tank first.
09/15/2026 at 07:52:38 PM ERROR logger Model:229 - Nothing to prepare: Choose some pistons on the tank first.
09/15/2026 at 07:52:38 PM ERROR logger Model:229 - Nothing to prepare: Choose some pistons on the tank first.
09/15/2026 at 07:52:38 PM ERROR logger Model:229 - No pistons selected: Choose some pistons on the tank first.
09/15/2026 at 07:52:38 PM WARNING logger Model:2052 - The curve command was sent, but no piston moved more than 0 mm.
09/15/2026 at 07:52:38 PM ERROR logger Model:229 - Nothing moved: The curve command was sent, but no piston moved more than 0 mm.

The command reached the controller, so this is not a connection problem. Likely causes:

  - the keyswitch on the front of the controller is at PROG, so the ladder is not scanning. Tags can still be read and written in that mode, which is why this looked like it connected. Turn it to RUN.
  - for a curve: no curve is loaded on the controller for the Curve ID you set, so there is nothing to run
  - the stroke is set so small there is nothing to see
09/15/2026 at 07:52:38 PM WARNING logger Model:2277 - Pistons did not all reach the resting position.
09/15/2026 at 07:52:38 PM WARNING logger Model:2052 - The curve command was sent, but no piston moved more than 0 mm.
09/15/2026 at 07:52:38 PM ERROR logger Model:229 - Nothing moved: The curve command was sent, but no piston moved more than 0 mm.

The command reached the controller, so this is not a connection problem. Likely causes:

  - the keyswitch on the front of the controller is at PROG, so the ladder is not scanning. Tags can still be read and written in that mode, which is why this looked like it connected. Turn it to RUN.
  - for a curve: no curve is loaded on the controller for the Curve ID you set, so there is nothing to run
  - the stroke is set so small there is nothing to see
09/15/2026 at 07:52:38 PM ERROR logger Model:229 - Not ready: The pistons must be homed before they can run. Press Start and it will do that first.
09/15/2026 at 07:52:38 PM ERROR logger Model:229 - Not ready: The pistons must be homed before they can run. Press Start and it will do that first.
09/15/2026 at 07:52:38 PM ERROR logger Model:229 - Not ready: The pistons must be homed before they can run. Press Start and it will do that first.
09/15/2026 at 07:52:38 PM ERROR logger Model:229 - Not ready: The pistons must be homed before they can run. Press Start and it will do that first.
09/15/2026 at 07:52:38 PM ERROR logger Model:229 - Nothing to prepare: Choose some pistons on the tank first.
09/15/2026 at 07:52:38 PM WARNING logger Model:2052 - The stroke command was sent, but no piston moved more than 0 mm.
09/15/2026 at 07:52:38 PM ERROR logger Model:229 - Nothing moved: The stroke command was sent, but no piston moved more than 0 mm.

The command reached the controller, so this is not a connection problem. Likely causes:

  - the keyswitch on the front of the controller is at PROG, so the ladder is not scanning. Tags can still be read and written in that mode, which is why this looked like it connected. Turn it to RUN.
  - for a curve: no curve is loaded on the controller for the Curve ID you set, so there is nothing to run
  - the stroke is set so small there is nothing to see
09/15/2026 at 07:52:38 PM WARNING logger Model:2052 - The stroke command was sent, but no piston moved more than 0 mm.
09/15/2026 at 07:52:38 PM ERROR logger Model:229 - Nothing moved: The stroke command was sent, but no piston moved more than 0 mm.

The command reached the controller, so this is not a connection problem. Likely causes:

  - the keyswitch on the front of the controller is at PROG, so the ladder is not scanning. Tags can still be read and written in that mode, which is why this looked like it connected. Turn it to RUN.
  - for a curve: no curve is loaded on the controller for the Curve ID you set, so there is nothing to run
  - the stroke is set so small there is nothing to see
09/15/2026 at 07:52:38 PM WARNING logger Model:2277 - Pistons did not all reach the resting position.
09/15/2026 at 07:52:38 PM ERROR logger Model:229 - No pistons selected: Choose some pistons on the tank first.
09/15/2026 at 07:52:38 PM ERROR logger Model:229 - Not ready: The pistons must be homed before they can run. Press Start and it will do that first.
09/15/2026 at 07:52:38 PM ERROR logger Model:229 - Nothing to prepare: Choose some pistons on the tank first.
09/15/2026 at 07:52:38 PM ERROR logger Model:229 - Not ready: The pistons must be homed before they can run. Press Start and it will do that first.
09/15/2026 at 07:52:38 PM ERROR logger Model:229 - No pistons selected: Choose some pistons on the tank first.
09/15/2026 at 07:52:38 PM ERROR logger Model:229 - Not ready: The pistons must be homed before they can run. Press Start and it will do that first.
09/15/2026 at 07:52:38 PM ERROR logger Model:229 - Nothing to prepare: Choose some pistons on the tank first.
09/15/2026 at 07:52:38 PM ERROR logger Model:229 - Nothing to prepare: Choose some pistons on the tank first.
09/15/2026 at 07:52:38 PM ERROR logger Model:229 - No pistons selected: Choose some pistons on the tank first.
09/15/2026 at 07:52:38 PM ERROR logger Model:229 - No pistons selected: Choose some pistons on the tank first.
09/15/2026 at 07:52:38 PM ERROR logger Model:229 - No pistons selected: Choose some pistons on the tank first.
09/15/2026 at 07:52:38 PM ERROR logger Model:229 - Not ready: The pistons must be homed before they can run. Press Start and it will do that first.
09/15/2026 at 07:52:38 PM ERROR logger Model:229 - Nothing to prepare: Choose some pistons on the tank first.
09/15/2026 at 07:52:38 PM ERROR logger Model:229 - No pistons selected: Choose some pistons on the tank first.
09/15/2026 at 07:52:38 PM ERROR logger Model:229 - No pistons selected: Choose some pistons on the tank first.
09/15/2026 at 07:52:38 PM ERROR logger Model:229 - Nothing to prepare: Choose some pistons on the tank first.
09/15/2026 at 07:52:38 PM ERROR logger Model:229 - Nothing to prepare: Choose some pistons on the tank first.
09/15/2026 at 07:52:38 PM ERROR logger Model:229 - No pistons selected: Choose some pistons on the tank first.
09/15/2026 at 07:52:38 PM ERROR logger Model:229 - Not ready: The pistons must be homed before they can run. Press Start and it will do that first.
09/15/2026 at 07:52:38 PM ERROR logger Model:229 - Nothing to prepare: Choose some pistons on the tank first.
09/15/2026 at 07:52:38 PM ERROR logger Model:229 - Not ready: The pistons must be homed before they can run. Press Start and it will do that first.
09/15/2026 at 07:52:38 PM ERROR logger Model:229 - No pistons selected: Choose some pistons on the tank first.
09/15/2026 at 07:52:38 PM ERROR logger Model:229 - Not ready: The pistons must be homed before they can run. Press Start and it will do that first.
09/15/2026 at 07:52:38 PM ERROR logger Model:229 - Not ready: The pistons must be homed before they can run. Press Start and it will do that first.
09/15/2026 at 07:52:38 PM WARNING logger Model:2052 - The curve command was sent, but no piston moved more than 0 mm.
09/15/2026 at 07:52:38 PM ERROR logger Model:229 - Nothing moved: The curve command was sent, but no piston moved more than 0 mm.

The command reached the controller, so this is not a connection problem. Likely causes:

  - the keyswitch on the front of the controller is at PROG, so the ladder is not scanning. Tags can still be read and written in that mode, which is why this looked like it connected. Turn it to RUN.
  - for a curve: no curve is loaded on the controller for the Curve ID you set, so there is nothing to run
  - the stroke is set so small there is nothing to see
09/15/2026 at 07:52:38 PM WARNING logger Model:2277 - Pistons did not all reach the resting position.
09/15/2026 at 07:52:38 PM ERROR logger Model:229 - No pistons selected: Choose some pistons on the tank first.
09/15/2026 at 07:52:38 PM ERROR logger Model:229 - No pistons selected: Choose some pistons on the tank first.
09/15/2026 at 07:52:38 PM ERROR logger Model:229 - Nothing to prepare: Choose some pistons on the tank first.
09/15/2026 at 07:52:38 PM ERROR logger Model:229 - Nothing to prepare: Choose some pistons on the tank first.
09/15/2026 at 07:52:38 PM ERROR logger Model:229 - No pistons selected: Choose some pistons on the tank first.
09/15/2026 at 07:52:38 PM ERROR logger Model:229 - Not ready: The pistons must be homed before they can run. Press Start and it will do that first.
09/15/2026 at 07:52:38 PM ERROR logger Model:229 - Not ready: The pistons must be homed before they can run. Press Start and it will do that first.
09/15/2026 at 07:52:38 PM ERROR logger Model:229 - Not ready: The pistons must be homed before they can run. Press Start and it will do that first.
09/15/2026 at 07:52:38 PM ERROR logger Model:229 - Nothing to prepare: Choose some pistons on the tank first.
09/15/2026 at 07:52:38 PM WARNING logger Model:2052 - The curve command was sent, but no piston moved more than 0 mm.
09/15/2026 at 07:52:38 PM ERROR logger Model:229 - Nothing moved: The curve command was sent, but no piston moved more than 0 mm.

The command reached the controller, so this is not a connection problem. Likely causes:

  - the keyswitch on the front of the controller is at PROG, so the ladder is not scanning. Tags can still be read and written in that mode, which is why this looked like it connected. Turn it to RUN.
  - for a curve: no curve is loaded on the controller for the Curve ID you set, so there is nothing to run
  - the stroke is set so small there is nothing to see
09/15/2026 at 07:52:38 PM WARNING logger Model:2277 - Pistons did not all reach the resting position.
09/15/2026 at 07:52:38 PM WARNING logger Model:2277 - Pistons did not all reach the resting position.
09/15/2026 at 07:52:38 PM ERROR logger Model:229 - Not ready: The pistons must be homed before they can run. Press Start and it will do that first.
09/15/2026 at 07:52:38 PM ERROR logger Model:229 - Not ready: The pistons must be homed before they can run. Press Start and it will do that first.
09/15/2026 at 07:52:38 PM ERROR logger Model:229 - Not ready: The pistons must be homed before they can run. Press Start and it will do that first.
09/15/2026 at 07:52:38 PM WARNING logger Model:2052 - The curve command was sent, but no piston moved more than 0 mm.
09/15/2026 at 07:52:38 PM ERROR logger Model:229 - Nothing moved: The curve command was sent, but no piston moved more than 0 mm.

The command reached the controller, so this is not a connection problem. Likely causes:

  - the keyswitch on the front of the controller is at PROG, so the ladder is not scanning. Tags can still be read and written in that mode, which is why this looked like it connected. Turn it to RUN.
  - for a curve: no curve is loaded on the controller for the Curve ID you set, so there is nothing to run
  - the stroke is set so small there is nothing to see
09/15/2026 at 07:52:38 PM WARNING logger Model:2052 - The stroke command was sent, but no piston moved more than 0 mm.
09/15/2026 at 07:52:38 PM ERROR logger Model:229 - Nothing moved: The stroke command was sent, but no piston moved more than 0 mm.

The command reached the controller, so this is not a connection problem. Likely causes:

  - the keyswitch on the front of the controller is at PROG, so the ladder is not scanning. Tags can still be read and written in that mode, which is why this looked like it connected. Turn it to RUN.
  - for a curve: no curve is loaded on the controller for the Curve ID you set, so there is nothing to run
  - the stroke is set so small there is nothing to see
09/15/2026 at 07:52:38 PM WARNING logger Model:2052 - The curve command was sent, but no piston moved more than 0 mm.
09/15/2026 at 07:52:38 PM ERROR logger Model:229 - Nothing moved: The curve command was sent, but no piston moved more than 0 mm.

The command reached the controller, so this is not a connection problem. Likely causes:

  - the keyswitch on the front of the controller is at PROG, so the ladder is not scanning. Tags can still be read and written in that mode, which is why this looked like it connected. Turn it to RUN.
  - for a curve: no curve is loaded on the controller for the Curve ID you set, so there is nothing to run
  - the stroke is set so small there is nothing to see
09/15/2026 at 07:52:38 PM ERROR logger Model:229 - Not ready: The pistons must be homed before they can run. Press Start and it will do that first.
09/15/2026 at 07:52:38 PM ERROR logger Model:229 - Not ready: The pistons must be homed before they can run. Press Start and it will do that first.
09/15/2026 at 07:52:38 PM ERROR logger Model:229 - Not ready: The pistons must be homed before they can run. Press Start and it will do that first.
09/15/2026 at 07:52:38 PM ERROR logger Model:229 - Not ready: The pistons must be homed before they can run. Press Start and it will do that first.
09/15/2026 at 07:52:38 PM ERROR logger Model:229 - Not ready: The pistons must be homed before they can run. Press Start and it will do that first.
09/15/2026 at 07:52:38 PM ERROR logger Model:229 - Not ready: The pistons must be homed before they can run. Press Start and it will do that first.
09/15/2026 at 07:52:38 PM WARNING logger Model:2277 - Pistons did not all reach the resting position.
09/15/2026 at 07:52:38 PM ERROR logger Model:229 - Not ready: The pistons must be homed before they can run. Press Start and it will do that first.
09/15/2026 at 07:52:38 PM WARNING logger Model:647 - Ignored Prepare: a stop or resting move is still running.
09/15/2026 at 07:52:38 PM WARNING logger Model:2277 - Pistons did not all reach the resting position.
09/15/2026 at 07:52:38 PM ERROR logger Model:229 - Not ready: The pistons must be homed before they can run. Press Start and it will do that first.
09/15/2026 at 07:52:38 PM ERROR logger Model:229 - Not ready: The pistons must be homed before they can run. Press Start and it will do that first.
09/15/2026 at 07:52:40 PM WARNING logger Model:2277 - Pistons did not all reach the resting position.
09/15/2026 at 07:52:49 PM WARNING logger Model:2277 - Pistons did not all reach the resting position.
09/15/2026 at 07:52:51 PM CRITICAL logger Model:2187 - STOP FAILED: Program:Wave_Control.Run_1: network unplugged; Program:Wave_Control.Run_2: network unplugged; Program:Wave_Control.Run_Curve: network unplugged
09/15/2026 at 07:52:51 PM ERROR logger Model:229 - Stop failed: The machine did not acknowledge the stop command:
Program:Wave_Control.Run_1: network unplugged; Program:Wave_Control.Run_2: network unplugged; Program:Wave_Control.Run_Curve: network unplugged

Use the physical stop and check the connection.
09/15/2026 at 07:52:51 PM ERROR logger Model:229 - Not ready: The pistons must be homed before they can run. Press Start and it will do that first.
09/15/2026 at 07:52:51 PM ERROR logger Model:229 - Check the parameters: Group 1: Position 1 must be at most 370 (got 5,000)
09/15/2026 at 07:52:51 PM WARNING logger Model:650 - Ignored Prepare: None is still running.
09/15/2026 at 07:52:58 PM WARNING logger Model:2052 - The stroke command was sent, but no piston moved more than 0 mm.
09/15/2026 at 07:52:58 PM ERROR logger Model:229 - Nothing moved: The stroke command was sent, but no piston moved more than 0 mm.

The command reached the controller, so this is not a connection problem. Likely causes:

  - the keyswitch on the front of the controller is at PROG, so the ladder is not scanning. Tags can still be read and written in that mode, which is why this looked like it connected. Turn it to RUN.
  - for a curve: no curve is loaded on the controller for the Curve ID you set, so there is nothing to run
  - the stroke is set so small there is nothing to see
09/15/2026 at 07:52:58 PM WARNING logger Model:2052 - The curve command was sent, but no piston moved more than 0 mm.
09/15/2026 at 07:52:58 PM ERROR logger Model:229 - Nothing moved: The curve command was sent, but no piston moved more than 0 mm.

The command reached the controller, so this is not a connection problem. Likely causes:

  - the keyswitch on the front of the controller is at PROG, so the ladder is not scanning. Tags can still be read and written in that mode, which is why this looked like it connected. Turn it to RUN.
  - for a curve: no curve is loaded on the controller for the Curve ID you set, so there is nothing to run
  - the stroke is set so small there is nothing to see
09/15/2026 at 07:52:58 PM ERROR logger Model:229 - Nothing to prepare: Choose some pistons on the tank first.
09/15/2026 at 07:52:58 PM ERROR logger Model:229 - Nothing to prepare: Choose some pistons on the tank first.
09/15/2026 at 07:52:58 PM ERROR logger Model:229 - No pistons selected: Choose some pistons on the tank first.
09/15/2026 at 07:52:58 PM ERROR logger Model:229 - Nothing to prepare: Choose some pistons on the tank first.
09/15/2026 at 07:52:58 PM ERROR logger Model:229 - Nothing to prepare: Choose some pistons on the tank first.
09/15/2026 at 07:52:58 PM ERROR logger Model:229 - Not ready: The pistons must be homed before they can run. Press Start and it will do that first.
09/15/2026 at 07:52:58 PM ERROR logger Model:229 - Nothing to prepare: Choose some pistons on the tank first.
09/15/2026 at 07:52:58 PM ERROR logger Model:229 - Not ready: The pistons must be homed before they can run. Press Start and it will do that first.
09/15/2026 at 07:52:58 PM ERROR logger Model:229 - Not ready: The pistons must be homed before they can run. Press Start and it will do that first.
09/15/2026 at 07:52:58 PM WARNING logger Model:2052 - The curve command was sent, but no piston moved more than 0 mm.
09/15/2026 at 07:52:58 PM ERROR logger Model:229 - Nothing moved: The curve command was sent, but no piston moved more than 0 mm.

The command reached the controller, so this is not a connection problem. Likely causes:

  - the keyswitch on the front of the controller is at PROG, so the ladder is not scanning. Tags can still be read and written in that mode, which is why this looked like it connected. Turn it to RUN.
  - for a curve: no curve is loaded on the controller for the Curve ID you set, so there is nothing to run
  - the stroke is set so small there is nothing to see
09/15/2026 at 07:52:58 PM ERROR logger Model:229 - Not ready: The pistons must be homed before they can run. Press Start and it will do that first.
09/15/2026 at 07:52:58 PM ERROR logger Model:229 - No pistons selected: Choose some pistons on the tank first.
09/15/2026 at 07:52:58 PM ERROR logger Model:229 - Not ready: The pistons must be homed before they can run. Press Start and it will do that first.
09/15/2026 at 07:52:58 PM ERROR logger Model:229 - No pistons selected: Choose some pistons on the tank first.
09/15/2026 at 07:52:58 PM ERROR logger Model:229 - Nothing to prepare: Choose some pistons on the tank first.
09/15/2026 at 07:52:58 PM ERROR logger Model:229 - Not ready: The pistons must be homed before they can run. Press Start and it will do that first.
09/15/2026 at 07:52:58 PM ERROR logger Model:229 - No pistons selected: Choose some pistons on the tank first.
09/15/2026 at 07:52:58 PM ERROR logger Model:229 - Not ready: The pistons must be homed before they can run. Press Start and it will do that first.
09/15/2026 at 07:52:58 PM ERROR logger Model:229 - No pistons selected: Choose some pistons on the tank first.
09/15/2026 at 07:52:58 PM ERROR logger Model:229 - No pistons selected: Choose some pistons on the tank first.
09/15/2026 at 07:52:58 PM ERROR logger Model:229 - Not ready: The pistons must be homed before they can run. Press Start and it will do that first.
09/15/2026 at 07:52:58 PM ERROR logger Model:229 - Not ready: The pistons must be homed before they can run. Press Start and it will do that first.
09/15/2026 at 07:52:58 PM ERROR logger Model:229 - Nothing to prepare: Choose some pistons on the tank first.
09/15/2026 at 07:52:58 PM ERROR logger Model:229 - Not ready: The pistons must be homed before they can run. Press Start and it will do that first.
09/15/2026 at 07:52:58 PM ERROR logger Model:229 - No pistons selected: Choose some pistons on the tank first.
09/15/2026 at 07:52:58 PM ERROR logger Model:229 - No pistons selected: Choose some pistons on the tank first.
09/15/2026 at 07:52:58 PM ERROR logger Model:229 - Nothing to prepare: Choose some pistons on the tank first.
09/15/2026 at 07:52:58 PM WARNING logger Model:2052 - The curve command was sent, but no piston moved more than 0 mm.
09/15/2026 at 07:52:58 PM ERROR logger Model:229 - Nothing moved: The curve command was sent, but no piston moved more than 0 mm.

The command reached the controller, so this is not a connection problem. Likely causes:

  - the keyswitch on the front of the controller is at PROG, so the ladder is not scanning. Tags can still be read and written in that mode, which is why this looked like it connected. Turn it to RUN.
  - for a curve: no curve is loaded on the controller for the Curve ID you set, so there is nothing to run
  - the stroke is set so small there is nothing to see
09/15/2026 at 07:52:58 PM WARNING logger Model:2277 - Pistons did not all reach the resting position.
09/15/2026 at 07:52:58 PM ERROR logger Model:229 - Not ready: The pistons must be homed before they can run. Press Start and it will do that first.
09/15/2026 at 07:52:58 PM ERROR logger Model:229 - Nothing to prepare: Choose some pistons on the tank first.
09/15/2026 at 07:52:58 PM ERROR logger Model:229 - Not ready: The pistons must be homed before they can run. Press Start and it will do that first.
09/15/2026 at 07:52:58 PM ERROR logger Model:229 - Not ready: The pistons must be homed before they can run. Press Start and it will do that first.
09/15/2026 at 07:52:58 PM WARNING logger Model:2052 - The stroke command was sent, but no piston moved more than 0 mm.
09/15/2026 at 07:52:58 PM ERROR logger Model:229 - Nothing moved: The stroke command was sent, but no piston moved more than 0 mm.

The command reached the controller, so this is not a connection problem. Likely causes:

  - the keyswitch on the front of the controller is at PROG, so the ladder is not scanning. Tags can still be read and written in that mode, which is why this looked like it connected. Turn it to RUN.
  - for a curve: no curve is loaded on the controller for the Curve ID you set, so there is nothing to run
  - the stroke is set so small there is nothing to see
09/15/2026 at 07:52:58 PM WARNING logger Model:2052 - The stroke command was sent, but no piston moved more than 0 mm.
09/15/2026 at 07:52:58 PM ERROR logger Model:229 - Nothing moved: The stroke command was sent, but no piston moved more than 0 mm.

The command reached the controller, so this is not a connection problem. Likely causes:

  - the keyswitch on the front of the controller is at PROG, so the ladder is not scanning. Tags can still be read and written in that mode, which is why this looked like it connected. Turn it to RUN.
  - for a curve: no curve is loaded on the controller for the Curve ID you set, so there is nothing to run
  - the stroke is set so small there is nothing to see
09/15/2026 at 07:52:58 PM ERROR logger Model:229 - No pistons selected: Choose some pistons on the tank first.
09/15/2026 at 07:52:58 PM ERROR logger Model:229 - No pistons selected: Choose some pistons on the tank first.
09/15/2026 at 07:52:58 PM WARNING logger Model:2052 - The stroke command was sent, but no piston moved more than 0 mm.
09/15/2026 at 07:52:58 PM ERROR logger Model:229 - Nothing moved: The stroke command was sent, but no piston moved more than 0 mm.

The command reached the controller, so this is not a connection problem. Likely causes:

  - the keyswitch on the front of the controller is at PROG, so the ladder is not scanning. Tags can still be read and written in that mode, which is why this looked like it connected. Turn it to RUN.
  - for a curve: no curve is loaded on the controller for the Curve ID you set, so there is nothing to run
  - the stroke is set so small there is nothing to see
09/15/2026 at 07:52:58 PM WARNING logger Model:2052 - The curve command was sent, but no piston moved more than 0 mm.
09/15/2026 at 07:52:58 PM ERROR logger Model:229 - Nothing moved: The curve command was sent, but no piston moved more than 0 mm.

The command reached the controller, so this is not a connection problem. Likely causes:

  - the keyswitch on the front of the controller is at PROG, so the ladder is not scanning. Tags can still be read and written in that mode, which is why this looked like it connected. Turn it to RUN.
  - for a curve: no curve is loaded on the controller for the Curve ID you set, so there is nothing to run
  - the stroke is set so small there is nothing to see
09/15/2026 at 07:52:58 PM WARNING logger Model:647 - Ignored Run: a stop or resting move is still running.
09/15/2026 at 07:52:58 PM ERROR logger Model:229 - Not ready: The pistons must be homed before they can run. Press Start and it will do that first.
09/15/2026 at 07:52:58 PM ERROR logger Model:229 - Not ready: The pistons must be homed before they can run. Press Start and it will do that first.
09/15/2026 at 07:52:58 PM ERROR logger Model:229 - Nothing to prepare: Choose some pistons on the tank first.
09/15/2026 at 07:52:58 PM ERROR logger Model:229 - Nothing to prepare: Choose some pistons on the tank first.
09/15/2026 at 07:52:58 PM ERROR logger Model:229 - Nothing to prepare: Choose some pistons on the tank first.
09/15/2026 at 07:52:58 PM ERROR logger Model:229 - No pistons selected: Choose some pistons on the tank first.
09/15/2026 at 07:52:58 PM ERROR logger Model:229 - Not ready: The pistons must be homed before they can run. Press Start and it will do that first.
09/15/2026 at 07:52:58 PM ERROR logger Model:229 - Nothing to prepare: Choose some pistons on the tank first.
09/15/2026 at 07:52:58 PM ERROR logger Model:229 - Nothing to prepare: Choose some pistons on the tank first.
09/15/2026 at 07:52:58 PM ERROR logger Model:229 - Not ready: The pistons must be homed before they can run. Press Start and it will do that first.
09/15/2026 at 07:52:58 PM ERROR logger Model:229 - Nothing to prepare: Choose some pistons on the tank first.
09/15/2026 at 07:52:58 PM ERROR logger Model:229 - Not ready: The pistons must be homed before they can run. Press Start and it will do that first.
09/15/2026 at 07:52:58 PM ERROR logger Model:229 - No pistons selected: Choose some pistons on the tank first.
09/15/2026 at 07:52:58 PM ERROR logger Model:229 - Nothing to prepare: Choose some pistons on the tank first.
09/15/2026 at 07:52:58 PM WARNING logger Model:2052 - The curve command was sent, but no piston moved more than 0 mm.
09/15/2026 at 07:52:58 PM ERROR logger Model:229 - Nothing moved: The curve command was sent, but no piston moved more than 0 mm.

The command reached the controller, so this is not a connection problem. Likely causes:

  - the keyswitch on the front of the controller is at PROG, so the ladder is not scanning. Tags can still be read and written in that mode, which is why this looked like it connected. Turn it to RUN.
  - for a curve: no curve is loaded on the controller for the Curve ID you set, so there is nothing to run
  - the stroke is set so small there is nothing to see
09/15/2026 at 07:52:58 PM ERROR logger Model:229 - No pistons selected: Choose some pistons on the tank first.
09/15/2026 at 07:52:58 PM WARNING logger Model:2052 - The stroke command was sent, but no piston moved more than 0 mm.
09/15/2026 at 07:52:58 PM ERROR logger Model:229 - Nothing moved: The stroke command was sent, but no piston moved more than 0 mm.

The command reached the controller, so this is not a connection problem. Likely causes:

  - the keyswitch on the front of the controller is at PROG, so the ladder is not scanning. Tags can still be read and written in that mode, which is why this looked like it connected. Turn it to RUN.
  - for a curve: no curve is loaded on the controller for the Curve ID you set, so there is nothing to run
  - the stroke is set so small there is nothing to see
09/15/2026 at 07:52:58 PM WARNING logger Model:2277 - Pistons did not all reach the resting position.
09/15/2026 at 07:52:58 PM WARNING logger Model:2277 - Pistons did not all reach the resting position.
09/15/2026 at 07:52:58 PM ERROR logger Model:229 - Not ready: The pistons must be homed before they can run. Press Start and it will do that first.
09/15/2026 at 07:52:58 PM WARNING logger Model:2277 - Pistons did not all reach the resting position.
09/15/2026 at 07:52:58 PM WARNING logger Model:2052 - The stroke command was sent, but no piston moved more than 0 mm.
09/15/2026 at 07:52:58 PM ERROR logger Model:229 - Nothing moved: The stroke command was sent, but no piston moved more than 0 mm.

The command reached the controller, so this is not a connection problem. Likely causes:

  - the keyswitch on the front of the controller is at PROG, so the ladder is not scanning. Tags can still be read and written in that mode, which is why this looked like it connected. Turn it to RUN.
  - for a curve: no curve is loaded on the controller for the Curve ID you set, so there is nothing to run
  - the stroke is set so small there is nothing to see
09/15/2026 at 07:52:58 PM WARNING logger Model:2277 - Pistons did not all reach the resting position.
09/15/2026 at 07:52:58 PM ERROR logger Model:229 - Not ready: The pistons must be homed before they can run. Press Start and it will do that first.
09/15/2026 at 07:52:58 PM ERROR logger Model:229 - Not ready: The pistons must be homed before they can run. Press Start and it will do that first.
09/15/2026 at 07:52:58 PM ERROR logger Model:229 - Not ready: The pistons must be homed before they can run. Press Start and it will do that first.
09/15/2026 at 07:52:58 PM ERROR logger Model:229 - Not ready: The pistons must be homed before they can run. Press Start and it will do that first.
09/15/2026 at 07:52:58 PM WARNING logger Model:647 - Ignored Calibrate: a stop or resting move is still running.
09/15/2026 at 07:52:58 PM WARNING logger Model:647 - Ignored Calibrate: a stop or resting move is still running.
09/15/2026 at 07:52:58 PM ERROR logger Model:229 - No pistons selected: Choose some pistons on the tank first.
09/15/2026 at 07:52:58 PM ERROR logger Model:229 - Not ready: The pistons must be homed before they can run. Press Start and it will do that first.
09/15/2026 at 07:52:58 PM WARNING logger Model:2052 - The stroke command was sent, but no piston moved more than 0 mm.
09/15/2026 at 07:52:58 PM ERROR logger Model:229 - Nothing moved: The stroke command was sent, but no piston moved more than 0 mm.

The command reached the controller, so this is not a connection problem. Likely causes:

  - the keyswitch on the front of the controller is at PROG, so the ladder is not scanning. Tags can still be read and written in that mode, which is why this looked like it connected. Turn it to RUN.
  - for a curve: no curve is loaded on the controller for the Curve ID you set, so there is nothing to run
  - the stroke is set so small there is nothing to see
09/15/2026 at 07:52:58 PM ERROR logger Model:229 - Not ready: The pistons must be homed before they can run. Press Start and it will do that first.
09/15/2026 at 07:52:58 PM WARNING logger Model:2052 - The curve command was sent, but no piston moved more than 0 mm.
09/15/2026 at 07:52:58 PM ERROR logger Model:229 - Nothing moved: The curve command was sent, but no piston moved more than 0 mm.

The command reached the controller, so this is not a connection problem. Likely causes:

  - the keyswitch on the front of the controller is at PROG, so the ladder is not scanning. Tags can still be read and written in that mode, which is why this looked like it connected. Turn it to RUN.
  - for a curve: no curve is loaded on the controller for the Curve ID you set, so there is nothing to run
  - the stroke is set so small there is nothing to see
09/15/2026 at 07:52:58 PM ERROR logger Model:229 - Nothing to prepare: Choose some pistons on the tank first.
09/15/2026 at 07:52:58 PM ERROR logger Model:229 - No pistons selected: Choose some pistons on the tank first.
09/15/2026 at 07:52:58 PM ERROR logger Model:229 - No pistons selected: Choose some pistons on the tank first.
09/15/2026 at 07:52:58 PM ERROR logger Model:229 - Not ready: The pistons must be homed before they can run. Press Start and it will do that first.
09/15/2026 at 07:52:58 PM ERROR logger Model:229 - Not ready: The pistons must be homed before they can run. Press Start and it will do that first.
09/15/2026 at 07:52:58 PM ERROR logger Model:229 - Not ready: The pistons must be homed before they can run. Press Start and it will do that first.
09/15/2026 at 07:52:58 PM ERROR logger Model:229 - No pistons selected: Choose some pistons on the tank first.
09/15/2026 at 07:52:58 PM ERROR logger Model:229 - No pistons selected: Choose some pistons on the tank first.
09/15/2026 at 07:52:58 PM ERROR logger Model:229 - Not ready: The pistons must be homed before they can run. Press Start and it will do that first.
09/15/2026 at 07:52:58 PM ERROR logger Model:229 - No pistons selected: Choose some pistons on the tank first.
09/15/2026 at 07:52:58 PM WARNING logger Model:2052 - The stroke command was sent, but no piston moved more than 0 mm.
09/15/2026 at 07:52:58 PM ERROR logger Model:229 - Nothing moved: The stroke command was sent, but no piston moved more than 0 mm.

The command reached the controller, so this is not a connection problem. Likely causes:

  - the keyswitch on the front of the controller is at PROG, so the ladder is not scanning. Tags can still be read and written in that mode, which is why this looked like it connected. Turn it to RUN.
  - for a curve: no curve is loaded on the controller for the Curve ID you set, so there is nothing to run
  - the stroke is set so small there is nothing to see
09/15/2026 at 07:52:58 PM WARNING logger Model:2052 - The curve command was sent, but no piston moved more than 0 mm.
09/15/2026 at 07:52:58 PM ERROR logger Model:229 - Nothing moved: The curve command was sent, but no piston moved more than 0 mm.

The command reached the controller, so this is not a connection problem. Likely causes:

  - the keyswitch on the front of the controller is at PROG, so the ladder is not scanning. Tags can still be read and written in that mode, which is why this looked like it connected. Turn it to RUN.
  - for a curve: no curve is loaded on the controller for the Curve ID you set, so there is nothing to run
  - the stroke is set so small there is nothing to see
09/15/2026 at 07:52:58 PM WARNING logger Model:2277 - Pistons did not all reach the resting position.
09/15/2026 at 07:52:58 PM WARNING logger Model:2052 - The curve command was sent, but no piston moved more than 0 mm.
09/15/2026 at 07:52:58 PM ERROR logger Model:229 - Nothing moved: The curve command was sent, but no piston moved more than 0 mm.

The command reached the controller, so this is not a connection problem. Likely causes:

  - the keyswitch on the front of the controller is at PROG, so the ladder is not scanning. Tags can still be read and written in that mode, which is why this looked like it connected. Turn it to RUN.
  - for a curve: no curve is loaded on the controller for the Curve ID you set, so there is nothing to run
  - the stroke is set so small there is nothing to see
09/15/2026 at 07:52:58 PM WARNING logger Model:2277 - Pistons did not all reach the resting position.
09/15/2026 at 07:52:58 PM WARNING logger Model:2052 - The curve command was sent, but no piston moved more than 0 mm.
09/15/2026 at 07:52:58 PM ERROR logger Model:229 - Nothing moved: The curve command was sent, but no piston moved more than 0 mm.

The command reached the controller, so this is not a connection problem. Likely causes:

  - the keyswitch on the front of the controller is at PROG, so the ladder is not scanning. Tags can still be read and written in that mode, which is why this looked like it connected. Turn it to RUN.
  - for a curve: no curve is loaded on the controller for the Curve ID you set, so there is nothing to run
  - the stroke is set so small there is nothing to see
09/15/2026 at 07:52:58 PM ERROR logger Model:229 - No pistons selected: Choose some pistons on the tank first.
09/15/2026 at 07:52:58 PM ERROR logger Model:229 - Nothing to prepare: Choose some pistons on the tank first.
09/15/2026 at 07:52:58 PM ERROR logger Model:229 - Not ready: The pistons must be homed before they can run. Press Start and it will do that first.
09/15/2026 at 07:52:58 PM ERROR logger Model:229 - Not ready: The pistons must be homed before they can run. Press Start and it will do that first.
09/15/2026 at 07:52:58 PM ERROR logger Model:229 - Nothing to prepare: Choose some pistons on the tank first.
09/15/2026 at 07:52:58 PM ERROR logger Model:229 - Not ready: The pistons must be homed before they can run. Press Start and it will do that first.
09/15/2026 at 07:52:58 PM ERROR logger Model:229 - No pistons selected: Choose some pistons on the tank first.
09/15/2026 at 07:52:58 PM ERROR logger Model:229 - Not ready: The pistons must be homed before they can run. Press Start and it will do that first.
09/15/2026 at 07:52:58 PM ERROR logger Model:229 - Not ready: The pistons must be homed before they can run. Press Start and it will do that first.
09/15/2026 at 07:52:58 PM WARNING logger Model:2052 - The stroke command was sent, but no piston moved more than 0 mm.
09/15/2026 at 07:52:58 PM ERROR logger Model:229 - Nothing moved: The stroke command was sent, but no piston moved more than 0 mm.

The command reached the controller, so this is not a connection problem. Likely causes:

  - the keyswitch on the front of the controller is at PROG, so the ladder is not scanning. Tags can still be read and written in that mode, which is why this looked like it connected. Turn it to RUN.
  - for a curve: no curve is loaded on the controller for the Curve ID you set, so there is nothing to run
  - the stroke is set so small there is nothing to see
09/15/2026 at 07:52:58 PM WARNING logger Model:2277 - Pistons did not all reach the resting position.
09/15/2026 at 07:52:58 PM ERROR logger Model:229 - Not ready: The pistons must be homed before they can run. Press Start and it will do that first.
09/15/2026 at 07:52:58 PM ERROR logger Model:229 - Nothing to prepare: Choose some pistons on the tank first.
09/15/2026 at 07:52:58 PM ERROR logger Model:229 - Nothing to prepare: Choose some pistons on the tank first.
09/15/2026 at 07:52:58 PM ERROR logger Model:229 - Nothing to prepare: Choose some pistons on the tank first.
09/15/2026 at 07:52:58 PM ERROR logger Model:229 - Not ready: The pistons must be homed before they can run. Press Start and it will do that first.
09/15/2026 at 07:52:58 PM ERROR logger Model:229 - Not ready: The pistons must be homed before they can run. Press Start and it will do that first.
09/15/2026 at 07:52:58 PM WARNING logger Model:647 - Ignored Prepare: a stop or resting move is still running.
09/15/2026 at 07:52:58 PM ERROR logger Model:229 - Nothing to prepare: Choose some pistons on the tank first.
09/15/2026 at 07:52:58 PM ERROR logger Model:229 - Not ready: The pistons must be homed before they can run. Press Start and it will do that first.
09/15/2026 at 07:52:58 PM ERROR logger Model:229 - No pistons selected: Choose some pistons on the tank first.
09/15/2026 at 07:52:58 PM ERROR logger Model:229 - Not ready: The pistons must be homed before they can run. Press Start and it will do that first.
09/15/2026 at 07:52:58 PM ERROR logger Model:229 - Not ready: The pistons must be homed before they can run. Press Start and it will do that first.
09/15/2026 at 07:52:58 PM ERROR logger Model:229 - Not ready: The pistons must be homed before they can run. Press Start and it will do that first.
09/15/2026 at 07:52:58 PM WARNING logger Model:647 - Ignored Run: a stop or resting move is still running.
09/15/2026 at 07:52:58 PM WARNING logger Model:2277 - Pistons did not all reach the resting position.
09/15/2026 at 07:52:58 PM ERROR logger Model:229 - Not ready: The pistons must be homed before they can run. Press Start and it will do that first.
09/15/2026 at 07:52:58 PM ERROR logger Model:229 - No pistons selected: Choose some pistons on the tank first.
09/15/2026 at 07:52:58 PM WARNING logger Model:2052 - The curve command was sent, but no piston moved more than 0 mm.
09/15/2026 at 07:52:58 PM ERROR logger Model:229 - Nothing moved: The curve command was sent, but no piston moved more than 0 mm.

The command reached the controller, so this is not a connection problem. Likely causes:

  - the keyswitch on the front of the controller is at PROG, so the ladder is not scanning. Tags can still be read and written in that mode, which is why this looked like it connected. Turn it to RUN.
  - for a curve: no curve is loaded on the controller for the Curve ID you set, so there is nothing to run
  - the stroke is set so small there is nothing to see
09/15/2026 at 07:52:58 PM WARNING logger Model:2277 - Pistons did not all reach the resting position.
09/15/2026 at 07:52:58 PM WARNING logger Model:2277 - Pistons did not all reach the resting position.
09/15/2026 at 07:52:58 PM WARNING logger Model:2052 - The curve command was sent, but no piston moved more than 0 mm.
09/15/2026 at 07:52:58 PM ERROR logger Model:229 - Nothing moved: The curve command was sent, but no piston moved more than 0 mm.

The command reached the controller, so this is not a connection problem. Likely causes:

  - the keyswitch on the front of the controller is at PROG, so the ladder is not scanning. Tags can still be read and written in that mode, which is why this looked like it connected. Turn it to RUN.
  - for a curve: no curve is loaded on the controller for the Curve ID you set, so there is nothing to run
  - the stroke is set so small there is nothing to see
09/15/2026 at 07:52:58 PM WARNING logger Model:2277 - Pistons did not all reach the resting position.
09/15/2026 at 07:52:58 PM WARNING logger Model:647 - Ignored Calibrate: a stop or resting move is still running.
09/15/2026 at 07:52:58 PM ERROR logger Model:229 - Nothing to prepare: Choose some pistons on the tank first.
09/15/2026 at 07:52:58 PM WARNING logger Model:2052 - The curve command was sent, but no piston moved more than 0 mm.
09/15/2026 at 07:52:58 PM ERROR logger Model:229 - Nothing moved: The curve command was sent, but no piston moved more than 0 mm.

The command reached the controller, so this is not a connection problem. Likely causes:

  - the keyswitch on the front of the controller is at PROG, so the ladder is not scanning. Tags can still be read and written in that mode, which is why this looked like it connected. Turn it to RUN.
  - for a curve: no curve is loaded on the controller for the Curve ID you set, so there is nothing to run
  - the stroke is set so small there is nothing to see
09/15/2026 at 07:52:58 PM ERROR logger Model:229 - Nothing to prepare: Choose some pistons on the tank first.
09/15/2026 at 07:52:58 PM ERROR logger Model:229 - No pistons selected: Choose some pistons on the tank first.
09/15/2026 at 07:52:58 PM ERROR logger Model:229 - Not ready: The pistons must be homed before they can run. Press Start and it will do that first.
09/15/2026 at 07:52:58 PM WARNING logger Model:2052 - The stroke command was sent, but no piston moved more than 0 mm.
09/15/2026 at 07:52:58 PM ERROR logger Model:229 - Nothing moved: The stroke command was sent, but no piston moved more than 0 mm.

The command reached the controller, so this is not a connection problem. Likely causes:

  - the keyswitch on the front of the controller is at PROG, so the ladder is not scanning. Tags can still be read and written in that mode, which is why this looked like it connected. Turn it to RUN.
  - for a curve: no curve is loaded on the controller for the Curve ID you set, so there is nothing to run
  - the stroke is set so small there is nothing to see
09/15/2026 at 07:52:58 PM ERROR logger Model:229 - Not ready: The pistons must be homed before they can run. Press Start and it will do that first.
09/15/2026 at 07:52:58 PM WARNING logger Model:2052 - The curve command was sent, but no piston moved more than 0 mm.
09/15/2026 at 07:52:58 PM ERROR logger Model:229 - Nothing moved: The curve command was sent, but no piston moved more than 0 mm.

The command reached the controller, so this is not a connection problem. Likely causes:

  - the keyswitch on the front of the controller is at PROG, so the ladder is not scanning. Tags can still be read and written in that mode, which is why this looked like it connected. Turn it to RUN.
  - for a curve: no curve is loaded on the controller for the Curve ID you set, so there is nothing to run
  - the stroke is set so small there is nothing to see
09/15/2026 at 07:52:58 PM ERROR logger Model:229 - Not ready: The pistons must be homed before they can run. Press Start and it will do that first.
09/15/2026 at 07:52:58 PM WARNING logger Model:2052 - The stroke command was sent, but no piston moved more than 0 mm.
09/15/2026 at 07:52:58 PM ERROR logger Model:229 - Nothing moved: The stroke command was sent, but no piston moved more than 0 mm.

The command reached the controller, so this is not a connection problem. Likely causes:

  - the keyswitch on the front of the controller is at PROG, so the ladder is not scanning. Tags can still be read and written in that mode, which is why this looked like it connected. Turn it to RUN.
  - for a curve: no curve is loaded on the controller for the Curve ID you set, so there is nothing to run
  - the stroke is set so small there is nothing to see
09/15/2026 at 07:52:58 PM ERROR logger Model:229 - No pistons selected: Choose some pistons on the tank first.
09/15/2026 at 07:52:58 PM ERROR logger Model:229 - Not ready: The pistons must be homed before they can run. Press Start and it will do that first.
09/15/2026 at 07:52:58 PM ERROR logger Model:229 - Nothing to prepare: Choose some pistons on the tank first.
09/15/2026 at 07:52:58 PM ERROR logger Model:229 - Not ready: The pistons must be homed before they can run. Press Start and it will do that first.
09/15/2026 at 07:52:58 PM ERROR logger Model:229 - Not ready: The pistons must be homed before they can run. Press Start and it will do that first.
09/15/2026 at 07:52:58 PM ERROR logger Model:229 - No pistons selected: Choose some pistons on the tank first.
09/15/2026 at 07:52:58 PM ERROR logger Model:229 - Not ready: The pistons must be homed before they can run. Press Start and it will do that first.
09/15/2026 at 07:52:58 PM ERROR logger Model:229 - Not ready: The pistons must be homed before they can run. Press Start and it will do that first.
09/15/2026 at 07:52:58 PM WARNING logger Model:2052 - The curve command was sent, but no piston moved more than 0 mm.
09/15/2026 at 07:52:58 PM ERROR logger Model:229 - Nothing moved: The curve command was sent, but no piston moved more than 0 mm.

The command reached the controller, so this is not a connection problem. Likely causes:

  - the keyswitch on the front of the controller is at PROG, so the ladder is not scanning. Tags can still be read and written in that mode, which is why this looked like it connected. Turn it to RUN.
  - for a curve: no curve is loaded on the controller for the Curve ID you set, so there is nothing to run
  - the stroke is set so small there is nothing to see
09/15/2026 at 07:52:58 PM ERROR logger Model:229 - Not ready: The pistons must be homed before they can run. Press Start and it will do that first.
09/15/2026 at 07:52:58 PM ERROR logger Model:229 - Not ready: The pistons must be homed before they can run. Press Start and it will do that first.
09/15/2026 at 07:52:58 PM ERROR logger Model:229 - Nothing to prepare: Choose some pistons on the tank first.
09/15/2026 at 07:52:58 PM ERROR logger Model:229 - Not ready: The pistons must be homed before they can run. Press Start and it will do that first.
09/15/2026 at 07:52:58 PM ERROR logger Model:229 - No pistons selected: Choose some pistons on the tank first.
09/15/2026 at 07:52:58 PM ERROR logger Model:229 - No pistons selected: Choose some pistons on the tank first.
09/15/2026 at 07:52:58 PM ERROR logger Model:229 - Not ready: The pistons must be homed before they can run. Press Start and it will do that first.
09/15/2026 at 07:52:58 PM ERROR logger Model:229 - Not ready: The pistons must be homed before they can run. Press Start and it will do that first.
09/15/2026 at 07:52:58 PM ERROR logger Model:229 - Not ready: The pistons must be homed before they can run. Press Start and it will do that first.
09/15/2026 at 07:52:58 PM ERROR logger Model:229 - No pistons selected: Choose some pistons on the tank first.
09/15/2026 at 07:52:58 PM WARNING logger Model:2052 - The curve command was sent, but no piston moved more than 0 mm.
09/15/2026 at 07:52:58 PM ERROR logger Model:229 - Nothing moved: The curve command was sent, but no piston moved more than 0 mm.

The command reached the controller, so this is not a connection problem. Likely causes:

  - the keyswitch on the front of the controller is at PROG, so the ladder is not scanning. Tags can still be read and written in that mode, which is why this looked like it connected. Turn it to RUN.
  - for a curve: no curve is loaded on the controller for the Curve ID you set, so there is nothing to run
  - the stroke is set so small there is nothing to see
09/15/2026 at 07:52:58 PM ERROR logger Model:229 - Not ready: The pistons must be homed before they can run. Press Start and it will do that first.
09/15/2026 at 07:52:58 PM ERROR logger Model:229 - Nothing to prepare: Choose some pistons on the tank first.
09/15/2026 at 07:52:58 PM ERROR logger Model:229 - No pistons selected: Choose some pistons on the tank first.
09/15/2026 at 07:52:58 PM ERROR logger Model:229 - Not ready: The pistons must be homed before they can run. Press Start and it will do that first.
09/15/2026 at 07:52:58 PM ERROR logger Model:229 - No pistons selected: Choose some pistons on the tank first.
09/15/2026 at 07:52:58 PM ERROR logger Model:229 - Not ready: The pistons must be homed before they can run. Press Start and it will do that first.
09/15/2026 at 07:52:58 PM ERROR logger Model:229 - Not ready: The pistons must be homed before they can run. Press Start and it will do that first.
09/15/2026 at 07:52:58 PM ERROR logger Model:229 - No pistons selected: Choose some pistons on the tank first.
09/15/2026 at 07:52:58 PM ERROR logger Model:229 - Not ready: The pistons must be homed before they can run. Press Start and it will do that first.
09/15/2026 at 07:52:58 PM ERROR logger Model:229 - No pistons selected: Choose some pistons on the tank first.
09/15/2026 at 07:52:58 PM ERROR logger Model:229 - No pistons selected: Choose some pistons on the tank first.
09/15/2026 at 07:52:58 PM ERROR logger Model:229 - No pistons selected: Choose some pistons on the tank first.
09/15/2026 at 07:52:58 PM ERROR logger Model:229 - Not ready: The pistons must be homed before they can run. Press Start and it will do that first.
09/15/2026 at 07:52:58 PM ERROR logger Model:229 - No pistons selected: Choose some pistons on the tank first.
09/15/2026 at 07:52:58 PM ERROR logger Model:229 - Not ready: The pistons must be homed before they can run. Press Start and it will do that first.
09/15/2026 at 07:52:58 PM ERROR logger Model:229 - Nothing to prepare: Choose some pistons on the tank first.
09/15/2026 at 07:52:58 PM ERROR logger Model:229 - Nothing to prepare: Choose some pistons on the tank first.
09/15/2026 at 07:52:58 PM ERROR logger Model:229 - Not ready: The pistons must be homed before they can run. Press Start and it will do that first.
09/15/2026 at 07:52:58 PM ERROR logger Model:229 - Not ready: The pistons must be homed before they can run. Press Start and it will do that first.
09/15/2026 at 07:52:58 PM ERROR logger Model:229 - Nothing to prepare: Choose some pistons on the tank first.
09/15/2026 at 07:52:58 PM ERROR logger Model:229 - Not ready: The pistons must be homed before they can run. Press Start and it will do that first.
09/15/2026 at 07:52:58 PM ERROR logger Model:229 - Nothing to prepare: Choose some pistons on the tank first.
09/15/2026 at 07:52:58 PM ERROR logger Model:229 - Not ready: The pistons must be homed before they can run. Press Start and it will do that first.
09/15/2026 at 07:52:58 PM ERROR logger Model:229 - Nothing to prepare: Choose some pistons on the tank first.
09/15/2026 at 07:52:58 PM ERROR logger Model:229 - Nothing to prepare: Choose some pistons on the tank first.
09/15/2026 at 07:52:58 PM ERROR logger Model:229 - Nothing to prepare: Choose some pistons on the tank first.
09/15/2026 at 07:52:58 PM ERROR logger Model:229 - Nothing to prepare: Choose some pistons on the tank first.
09/15/2026 at 07:52:58 PM ERROR logger Model:229 - Not ready: The pistons must be homed before they can run. Press Start and it will do that first.
09/15/2026 at 07:52:58 PM WARNING logger Model:2052 - The curve command was sent, but no piston moved more than 0 mm.
09/15/2026 at 07:52:58 PM ERROR logger Model:229 - Nothing moved: The curve command was sent, but no piston moved more than 0 mm.

The command reached the controller, so this is not a connection problem. Likely causes:

  - the keyswitch on the front of the controller is at PROG, so the ladder is not scanning. Tags can still be read and written in that mode, which is why this looked like it connected. Turn it to RUN.
  - for a curve: no curve is loaded on the controller for the Curve ID you set, so there is nothing to run
  - the stroke is set so small there is nothing to see
09/15/2026 at 07:52:58 PM WARNING logger Model:2277 - Pistons did not all reach the resting position.
09/15/2026 at 07:52:58 PM ERROR logger Model:229 - Not ready: The pistons must be homed before they can run. Press Start and it will do that first.
09/15/2026 at 07:52:58 PM WARNING logger Model:2052 - The curve command was sent, but no piston moved more than 0 mm.
09/15/2026 at 07:52:58 PM ERROR logger Model:229 - Nothing moved: The curve command was sent, but no piston moved more than 0 mm.

The command reached the controller, so this is not a connection problem. Likely causes:

  - the keyswitch on the front of the controller is at PROG, so the ladder is not scanning. Tags can still be read and written in that mode, which is why this looked like it connected. Turn it to RUN.
  - for a curve: no curve is loaded on the controller for the Curve ID you set, so there is nothing to run
  - the stroke is set so small there is nothing to see
09/15/2026 at 07:52:58 PM WARNING logger Model:647 - Ignored Prepare: a stop or resting move is still running.
09/15/2026 at 07:52:58 PM ERROR logger Model:229 - Not ready: The pistons must be homed before they can run. Press Start and it will do that first.
09/15/2026 at 07:52:58 PM ERROR logger Model:229 - Not ready: The pistons must be homed before they can run. Press Start and it will do that first.
09/15/2026 at 07:52:58 PM ERROR logger Model:229 - No pistons selected: Choose some pistons on the tank first.
09/15/2026 at 07:52:58 PM ERROR logger Model:229 - Not ready: The pistons must be homed before they can run. Press Start and it will do that first.
09/15/2026 at 07:52:58 PM ERROR logger Model:229 - Nothing to prepare: Choose some pistons on the tank first.
09/15/2026 at 07:52:58 PM ERROR logger Model:229 - Nothing to prepare: Choose some pistons on the tank first.
09/15/2026 at 07:52:58 PM ERROR logger Model:229 - Not ready: The pistons must be homed before they can run. Press Start and it will do that first.
09/15/2026 at 07:52:58 PM ERROR logger Model:229 - Nothing to prepare: Choose some pistons on the tank first.
09/15/2026 at 07:52:58 PM ERROR logger Model:229 - No pistons selected: Choose some pistons on the tank first.
09/15/2026 at 07:52:58 PM ERROR logger Model:229 - Nothing to prepare: Choose some pistons on the tank first.
09/15/2026 at 07:52:58 PM ERROR logger Model:229 - No pistons selected: Choose some pistons on the tank first.
09/15/2026 at 07:52:58 PM ERROR logger Model:229 - No pistons selected: Choose some pistons on the tank first.
09/15/2026 at 07:52:58 PM ERROR logger Model:229 - Nothing to prepare: Choose some pistons on the tank first.
09/15/2026 at 07:52:58 PM ERROR logger Model:229 - Not ready: The pistons must be homed before they can run. Press Start and it will do that first.
09/15/2026 at 07:52:58 PM ERROR logger Model:229 - Not ready: The pistons must be homed before they can run. Press Start and it will do that first.
09/15/2026 at 07:52:58 PM ERROR logger Model:229 - No pistons selected: Choose some pistons on the tank first.
09/15/2026 at 07:52:58 PM ERROR logger Model:229 - Not ready: The pistons must be homed before they can run. Press Start and it will do that first.
09/15/2026 at 07:52:58 PM WARNING logger Model:2052 - The curve command was sent, but no piston moved more than 0 mm.
09/15/2026 at 07:52:58 PM ERROR logger Model:229 - Nothing moved: The curve command was sent, but no piston moved more than 0 mm.

The command reached the controller, so this is not a connection problem. Likely causes:

  - the keyswitch on the front of the controller is at PROG, so the ladder is not scanning. Tags can still be read and written in that mode, which is why this looked like it connected. Turn it to RUN.
  - for a curve: no curve is loaded on the controller for the Curve ID you set, so there is nothing to run
  - the stroke is set so small there is nothing to see
09/15/2026 at 07:53:06 PM WARNING logger Model:2277 - Pistons did not all reach the resting position.
09/15/2026 at 07:53:06 PM WARNING logger Model:2277 - Pistons did not all reach the resting position.
09/15/2026 at 07:53:06 PM WARNING logger Model:2277 - Pistons did not all reach the resting position.
09/15/2026 at 07:53:06 PM WARNING logger Model:2277 - Pistons did not all reach the resting position.
09/15/2026 at 07:53:06 PM WARNING logger Model:1103 - Piston(s) 28 have not moved since homing began.
09/15/2026 at 07:53:06 PM ERROR logger Model:1144 - 3 of 4 pistons homed. Piston(s) 28 did not. Timed out after 0 seconds.
09/15/2026 at 07:53:06 PM ERROR logger Model:229 - Some pistons did not home: 3 of 4 pistons homed. Piston(s) 28 did not.

A piston that will not home is usually stuck or faulted mechanically -- it is not something the software can clear.

You can carry on without it: deselect piston(s) 28 on the tank and press Start again. The rest are homed and ready.
09/15/2026 at 07:53:06 PM WARNING logger Model:1103 - Piston(s) 28 have not moved since homing began.
09/15/2026 at 07:53:06 PM ERROR logger Model:1144 - 3 of 4 pistons homed. Piston(s) 28 did not. Timed out after 0 seconds.
09/15/2026 at 07:53:06 PM ERROR logger Model:229 - Some pistons did not home: 3 of 4 pistons homed. Piston(s) 28 did not.

A piston that will not home is usually stuck or faulted mechanically -- it is not something the software can clear.

You can carry on without it: deselect piston(s) 28 on the tank and press Start again. The rest are homed and ready.
09/15/2026 at 07:53:06 PM WARNING logger Model:1103 - Piston(s) 28 have not moved since homing began.
09/15/2026 at 07:53:06 PM ERROR logger Model:1144 - 3 of 4 pistons homed. Piston(s) 28 did not. Timed out after 0 seconds.
09/15/2026 at 07:53:06 PM ERROR logger Model:229 - Some pistons did not home: 3 of 4 pistons homed. Piston(s) 28 did not.

A piston that will not home is usually stuck or faulted mechanically -- it is not something the software can clear.

You can carry on without it: deselect piston(s) 28 on the tank and press Start again. The rest are homed and ready.
09/15/2026 at 07:53:06 PM WARNING logger Model:1103 - Piston(s) 25 have not moved since homing began.
09/15/2026 at 07:53:06 PM ERROR logger Model:1144 - 0 of 1 pistons homed. Piston(s) 25 did not. Timed out after 0 seconds.
09/15/2026 at 07:53:06 PM ERROR logger Model:229 - Some pistons did not home: 0 of 1 pistons homed. Piston(s) 25 did not.

A piston that will not home is usually stuck or faulted mechanically -- it is not something the software can clear.

You can carry on without it: deselect piston(s) 25 on the tank and press Start again. The rest are homed and ready.
09/15/2026 at 07:53:06 PM WARNING logger Model:1103 - Piston(s) 16 have not moved since homing began.
09/15/2026 at 07:53:06 PM ERROR logger Model:1144 - 14 of 15 pistons homed. Piston(s) 16 did not. Timed out after 0 seconds.
09/15/2026 at 07:53:06 PM ERROR logger Model:229 - Some pistons did not home: 14 of 15 pistons homed. Piston(s) 16 did not.

A piston that will not home is usually stuck or faulted mechanically -- it is not something the software can clear.

You can carry on without it: deselect piston(s) 16 on the tank and press Start again. The rest are homed and ready.
09/15/2026 at 07:53:06 PM WARNING logger Model:1103 - Piston(s) 29 have not moved since homing began.
09/15/2026 at 07:53:06 PM ERROR logger Model:1144 - 0 of 3 pistons homed. Piston(s) 28, 29 and 30 did not. Timed out after 0 seconds.
09/15/2026 at 07:53:06 PM ERROR logger Model:229 - Some pistons did not home: 0 of 3 pistons homed. Piston(s) 28, 29 and 30 did not.

A piston that will not home is usually stuck or faulted mechanically -- it is not something the software can clear.

You can carry on without it: deselect piston(s) 28, 29 and 30 on the tank and press Start again. The rest are homed and ready.
09/15/2026 at 07:53:07 PM WARNING logger Model:1103 - Piston(s) 23 have not moved since homing began.
09/15/2026 at 07:53:07 PM ERROR logger Model:1144 - 29 of 30 pistons homed. Piston(s) 23 did not. Timed out after 0 seconds.
09/15/2026 at 07:53:07 PM ERROR logger Model:229 - Some pistons did not home: 29 of 30 pistons homed. Piston(s) 23 did not.

A piston that will not home is usually stuck or faulted mechanically -- it is not something the software can clear.

You can carry on without it: deselect piston(s) 23 on the tank and press Start again. The rest are homed and ready.
09/15/2026 at 07:53:07 PM WARNING logger Model:2514 - Piston 30 covered only 300 mm of its 300 mm stroke over the last 3 seconds. It may be dragging or stuck.
09/15/2026 at 07:53:11 PM WARNING logger Model:2052 - The stroke command was sent, but no piston moved more than 0 mm.
09/15/2026 at 07:53:11 PM ERROR logger Model:229 - Nothing moved: The stroke command was sent, but no piston moved more than 0 mm.

The command reached the controller, so this is not a connection problem. Likely causes:

  - the keyswitch on the front of the controller is at PROG, so the ladder is not scanning. Tags can still be read and written in that mode, which is why this looked like it connected. Turn it to RUN.
  - for a curve: no curve is loaded on the controller for the Curve ID you set, so there is nothing to run
  - the stroke is set so small there is nothing to see
09/15/2026 at 07:53:11 PM WARNING logger PresetProcessor:131 - typo: Line 2: Speed 1 is 'fast', which is not a number; used 500.
09/15/2026 at 07:53:17 PM WARNING logger Model:2052 - The stroke command was sent, but no piston moved more than 0 mm.
09/15/2026 at 07:53:17 PM ERROR logger Model:229 - Nothing moved: The stroke command was sent, but no piston moved more than 0 mm.

The command reached the controller, so this is not a connection problem. Likely causes:

  - the keyswitch on the front of the controller is at PROG, so the ladder is not scanning. Tags can still be read and written in that mode, which is why this looked like it connected. Turn it to RUN.
  - for a curve: no curve is loaded on the controller for the Curve ID you set, so there is nothing to run
  - the stroke is set so small there is nothing to see
09/15/2026 at 07:53:21 PM WARNING logger Model:2277 - Pistons did not all reach the resting position.
09/15/2026 at 07:53:21 PM ERROR logger Model:229 - Live speed change failed: The speed was updated on pistons 30, then stopped at piston 30: the machine is stopping.
09/15/2026 at 07:53:21 PM WARNING logger Model:647 - Ignored Calibrate: a stop or resting move is still running.
09/15/2026 at 07:53:21 PM WARNING logger Model:2582 - Axis 0 reports position 0, which looks like millimetres rather than drive counts. If the controller now publishes millimetres, set POSITION_COUNTS_PER_MM to 1 in app/params.py.
09/15/2026 at 07:53:21 PM WARNING logger Model:2052 - The stroke command was sent, but no piston moved more than 0 mm.
09/15/2026 at 07:53:21 PM ERROR logger Model:229 - Nothing moved: The stroke command was sent, but no piston moved more than 0 mm.

The command reached the controller, so this is not a connection problem. Likely causes:

  - the keyswitch on the front of the controller is at PROG, so the ladder is not scanning. Tags can still be read and written in that mode, which is why this looked like it connected. Turn it to RUN.
  - for a curve: no curve is loaded on the controller for the Curve ID you set, so there is nothing to run
  - the stroke is set so small there is nothing to see
09/15/2026 at 07:53:25 PM ERROR logger Model:662 - Start failed: transient write failure
09/15/2026 at 07:53:25 PM ERROR logger Model:229 - Machine error: transient write failure
09/15/2026 at 07:53:26 PM WARNING logger Model:2514 - Piston 26 covered only 0 mm of its 300 mm stroke over the last 1 seconds. It may be dragging or stuck.
09/15/2026 at 07:53:28 PM WARNING logger Model:2052 - The stroke command was sent, but no piston moved more than 0 mm.
09/15/2026 at 07:53:28 PM ERROR logger Model:229 - Nothing moved: The stroke command was sent, but no piston moved more than 0 mm.

The command reached the controller, so this is not a connection problem. Likely causes:

  - the keyswitch on the front of the controller is at PROG, so the ladder is not scanning. Tags can still be read and written in that mode, which is why this looked like it connected. Turn it to RUN.
  - for a curve: no curve is loaded on the controller for the Curve ID you set, so there is nothing to run
  - the stroke is set so small there is nothing to see
09/15/2026 at 07:53:28 PM WARNING logger Model:650 - Ignored Start: Movement test is still running.
09/15/2026 at 07:53:29 PM WARNING logger Model:2277 - Pistons did not all reach the resting position.
09/15/2026 at 07:53:29 PM WARNING logger Model:1821 - Staging did not complete within 0.2 seconds; running unstaggered.
09/15/2026 at 07:53:29 PM ERROR logger test_error_log:60 - Piston 7 stuck: drive fault 0x40b7
09/15/2026 at 07:53:29 PM ERROR logger test_error_log:73 - Homing failed
Traceback (most recent call last):
  File "C:\Users\ahito\wavemaker-f25\tests\test_error_log.py", line 71, in test_exception_includes_the_traceback
    raise ValueError("bad home offset")
ValueError: bad home offset
09/15/2026 at 07:53:29 PM WARNING logger test_error_log:99 - Position 2 out of range
09/15/2026 at 07:53:29 PM ERROR logger test_error_log:118 - Piston 7 stuck
09/15/2026 at 07:53:29 PM ERROR logger test_error_log:135 - first fault
09/15/2026 at 07:53:29 PM ERROR logger Model:229 - Live speed change failed: The speed was updated on pistons , then stopped at piston 30: offline.
09/15/2026 at 07:53:29 PM ERROR logger Model:229 - Staging failed: Piston 30: restore failed
09/15/2026 at 07:53:29 PM ERROR logger Model:229 - Movement test cleanup failed: Could not clear movement-test run bit: clear failed
09/15/2026 at 07:53:29 PM WARNING logger Model:1821 - Staging did not complete within 0 seconds; running unstaggered.
09/15/2026 at 07:53:29 PM ERROR logger Model:229 - Movement test cleanup failed: Could not restore Program:Wave_Control.Live_Motors.1: selection restore failed
09/15/2026 at 07:53:29 PM ERROR logger Model:229 - Staging failed: Could not clear staging run bit: stop failed
09/15/2026 at 07:53:29 PM CRITICAL logger Model:2187 - STOP FAILED: Program:Wave_Control.Run_1: first stop failed
09/15/2026 at 07:53:29 PM ERROR logger Model:229 - Stop failed: The machine did not acknowledge the stop command:
Program:Wave_Control.Run_1: first stop failed

Use the physical stop and check the connection.
09/15/2026 at 07:53:30 PM WARNING logger Model:647 - Ignored Calibrate: a stop or resting move is still running.
09/15/2026 at 07:53:30 PM WARNING logger Model:2514 - Piston 26 covered only 0 mm of its 300 mm stroke over the last 1 seconds. It may be dragging or stuck.
09/15/2026 at 07:53:32 PM WARNING logger Model:2277 - Pistons did not all reach the resting position.
09/15/2026 at 07:53:35 PM ERROR logger Model:229 - Movement test cleanup failed: Could not clear movement-test run bit: Injected transient write failure 41
09/15/2026 at 07:53:35 PM ERROR logger Model:229 - Movement test cleanup failed: Could not restore Program:Wave_Control.Live_Motors.0: Injected transient write failure 42
09/15/2026 at 07:53:35 PM ERROR logger Model:229 - Movement test cleanup failed: Could not restore Program:Wave_Control.Live_Motors.1: Injected transient write failure 43
09/15/2026 at 07:53:35 PM ERROR logger Model:229 - Movement test cleanup failed: Could not restore Program:Wave_Control.Live_Motors.2: Injected transient write failure 44
09/15/2026 at 07:53:35 PM ERROR logger Model:229 - Movement test cleanup failed: Could not restore Program:Wave_Control.Live_Motors.3: Injected transient write failure 45
09/15/2026 at 07:53:35 PM ERROR logger Model:229 - Movement test cleanup failed: Could not restore Program:Wave_Control.Live_Motors.4: Injected transient write failure 46
09/15/2026 at 07:53:35 PM ERROR logger Model:229 - Movement test cleanup failed: Could not restore Program:Wave_Control.Live_Motors.5: Injected transient write failure 47
09/15/2026 at 07:53:35 PM ERROR logger Model:229 - Movement test cleanup failed: Could not restore Program:Wave_Control.Live_Motors.6: Injected transient write failure 48
09/15/2026 at 07:53:35 PM ERROR logger Model:229 - Movement test cleanup failed: Could not restore Program:Wave_Control.Live_Motors.7: Injected transient write failure 49
09/15/2026 at 07:53:35 PM ERROR logger Model:229 - Movement test cleanup failed: Could not restore Program:Wave_Control.Live_Motors.8: Injected transient write failure 50
09/15/2026 at 07:53:35 PM ERROR logger Model:229 - Movement test cleanup failed: Could not restore Program:Wave_Control.Live_Motors.9: Injected transient write failure 51
09/15/2026 at 07:53:35 PM ERROR logger Model:229 - Movement test cleanup failed: Could not restore Program:Wave_Control.Live_Motors.10: Injected transient write failure 52
09/15/2026 at 07:53:35 PM ERROR logger Model:229 - Movement test cleanup failed: Could not restore Program:Wave_Control.Live_Motors.11: Injected transient write failure 53
09/15/2026 at 07:53:35 PM ERROR logger Model:229 - Movement test cleanup failed: Could not restore Program:Wave_Control.Live_Motors.12: Injected transient write failure 54
09/15/2026 at 07:53:35 PM ERROR logger Model:229 - Movement test cleanup failed: Could not restore Program:Wave_Control.Live_Motors.13: Injected transient write failure 55
09/15/2026 at 07:53:35 PM ERROR logger Model:229 - Movement test cleanup failed: Could not restore Program:Wave_Control.Live_Motors.14: Injected transient write failure 56
09/15/2026 at 07:53:35 PM ERROR logger Model:229 - Movement test cleanup failed: Could not restore Program:Wave_Control.Live_Motors.15: Injected transient write failure 57
09/15/2026 at 07:53:35 PM ERROR logger Model:229 - Movement test cleanup failed: Could not restore Program:Wave_Control.Live_Motors.16: Injected transient write failure 58
09/15/2026 at 07:53:35 PM ERROR logger Model:229 - Movement test cleanup failed: Could not restore Program:Wave_Control.Live_Motors.17: Injected transient write failure 59
09/15/2026 at 07:53:35 PM ERROR logger Model:229 - Movement test cleanup failed: Could not restore Program:Wave_Control.Live_Motors.18: Injected transient write failure 60
09/15/2026 at 07:53:35 PM ERROR logger Model:229 - Movement test cleanup failed: Could not restore Program:Wave_Control.Live_Motors.19: Injected transient write failure 61
09/15/2026 at 07:53:35 PM ERROR logger Model:229 - Movement test cleanup failed: Could not restore Program:Wave_Control.Live_Motors.20: Injected transient write failure 62
09/15/2026 at 07:53:36 PM ERROR logger Model:229 - Movement test cleanup failed: Could not restore Program:Wave_Control.Live_Motors.21: Injected transient write failure 63
09/15/2026 at 07:53:36 PM ERROR logger Model:229 - Movement test cleanup failed: Could not restore Program:Wave_Control.Live_Motors.22: Injected transient write failure 64
09/15/2026 at 07:53:36 PM ERROR logger Model:229 - Movement test cleanup failed: Could not restore Program:Wave_Control.Live_Motors.23: Injected transient write failure 65
09/15/2026 at 07:53:36 PM ERROR logger Model:229 - Movement test cleanup failed: Could not restore Program:Wave_Control.Live_Motors.24: Injected transient write failure 66
09/15/2026 at 07:53:36 PM ERROR logger Model:229 - Movement test cleanup failed: Could not restore Program:Wave_Control.Live_Motors.25: Injected transient write failure 67
09/15/2026 at 07:53:36 PM ERROR logger Model:229 - Movement test cleanup failed: Could not restore Program:Wave_Control.Live_Motors.26: Injected transient write failure 68
09/15/2026 at 07:53:36 PM ERROR logger Model:229 - Movement test cleanup failed: Could not restore Program:Wave_Control.Live_Motors.27: Injected transient write failure 69
09/15/2026 at 07:53:36 PM ERROR logger Model:229 - Movement test cleanup failed: Could not restore Program:Wave_Control.Live_Motors.28: Injected transient write failure 70
09/15/2026 at 07:53:36 PM ERROR logger Model:229 - Movement test cleanup failed: Could not restore Program:Wave_Control.Live_Motors.29: Injected transient write failure 71
09/15/2026 at 07:53:36 PM WARNING logger Model:2277 - Pistons did not all reach the resting position.
09/15/2026 at 07:53:45 PM WARNING logger Model:2277 - Pistons did not all reach the resting position.
09/15/2026 at 07:53:47 PM CRITICAL logger Model:2187 - STOP FAILED: Program:Wave_Control.Run_1: network unplugged; Program:Wave_Control.Run_2: network unplugged; Program:Wave_Control.Run_Curve: network unplugged
09/15/2026 at 07:53:47 PM ERROR logger Model:229 - Stop failed: The machine did not acknowledge the stop command:
Program:Wave_Control.Run_1: network unplugged; Program:Wave_Control.Run_2: network unplugged; Program:Wave_Control.Run_Curve: network unplugged

Use the physical stop and check the connection.
09/15/2026 at 07:53:47 PM ERROR logger Model:229 - Not ready: The pistons must be homed before they can run. Press Start and it will do that first.
09/15/2026 at 07:53:47 PM ERROR logger Model:229 - Check the parameters: Group 1: Position 1 must be at most 370 (got 5,000)
09/15/2026 at 07:53:47 PM WARNING logger Model:650 - Ignored Prepare: None is still running.
09/15/2026 at 07:54:02 PM WARNING logger Model:2277 - Pistons did not all reach the resting position.
09/15/2026 at 07:54:02 PM WARNING logger Model:2277 - Pistons did not all reach the resting position.
09/15/2026 at 07:54:02 PM WARNING logger Model:2277 - Pistons did not all reach the resting position.
09/15/2026 at 07:54:02 PM WARNING logger Model:2277 - Pistons did not all reach the resting position.
09/15/2026 at 07:54:02 PM WARNING logger Model:1103 - Piston(s) 28 have not moved since homing began.
09/15/2026 at 07:54:02 PM ERROR logger Model:1144 - 3 of 4 pistons homed. Piston(s) 28 did not. Timed out after 0 seconds.
09/15/2026 at 07:54:02 PM ERROR logger Model:229 - Some pistons did not home: 3 of 4 pistons homed. Piston(s) 28 did not.

A piston that will not home is usually stuck or faulted mechanically -- it is not something the software can clear.

You can carry on without it: deselect piston(s) 28 on the tank and press Start again. The rest are homed and ready.
09/15/2026 at 07:54:02 PM WARNING logger Model:1103 - Piston(s) 28 have not moved since homing began.
09/15/2026 at 07:54:02 PM ERROR logger Model:1144 - 3 of 4 pistons homed. Piston(s) 28 did not. Timed out after 0 seconds.
09/15/2026 at 07:54:02 PM ERROR logger Model:229 - Some pistons did not home: 3 of 4 pistons homed. Piston(s) 28 did not.

A piston that will not home is usually stuck or faulted mechanically -- it is not something the software can clear.

You can carry on without it: deselect piston(s) 28 on the tank and press Start again. The rest are homed and ready.
09/15/2026 at 07:54:02 PM WARNING logger Model:1103 - Piston(s) 28 have not moved since homing began.
09/15/2026 at 07:54:02 PM ERROR logger Model:1144 - 3 of 4 pistons homed. Piston(s) 28 did not. Timed out after 0 seconds.
09/15/2026 at 07:54:02 PM ERROR logger Model:229 - Some pistons did not home: 3 of 4 pistons homed. Piston(s) 28 did not.

A piston that will not home is usually stuck or faulted mechanically -- it is not something the software can clear.

You can carry on without it: deselect piston(s) 28 on the tank and press Start again. The rest are homed and ready.
09/15/2026 at 07:54:02 PM WARNING logger Model:1103 - Piston(s) 25 have not moved since homing began.
09/15/2026 at 07:54:02 PM ERROR logger Model:1144 - 0 of 1 pistons homed. Piston(s) 25 did not. Timed out after 0 seconds.
09/15/2026 at 07:54:02 PM ERROR logger Model:229 - Some pistons did not home: 0 of 1 pistons homed. Piston(s) 25 did not.

A piston that will not home is usually stuck or faulted mechanically -- it is not something the software can clear.

You can carry on without it: deselect piston(s) 25 on the tank and press Start again. The rest are homed and ready.
09/15/2026 at 07:54:02 PM WARNING logger Model:1103 - Piston(s) 16 have not moved since homing began.
09/15/2026 at 07:54:02 PM ERROR logger Model:1144 - 14 of 15 pistons homed. Piston(s) 16 did not. Timed out after 0 seconds.
09/15/2026 at 07:54:02 PM ERROR logger Model:229 - Some pistons did not home: 14 of 15 pistons homed. Piston(s) 16 did not.

A piston that will not home is usually stuck or faulted mechanically -- it is not something the software can clear.

You can carry on without it: deselect piston(s) 16 on the tank and press Start again. The rest are homed and ready.
09/15/2026 at 07:54:02 PM WARNING logger Model:1103 - Piston(s) 29 have not moved since homing began.
09/15/2026 at 07:54:02 PM ERROR logger Model:1144 - 0 of 3 pistons homed. Piston(s) 28, 29 and 30 did not. Timed out after 0 seconds.
09/15/2026 at 07:54:02 PM ERROR logger Model:229 - Some pistons did not home: 0 of 3 pistons homed. Piston(s) 28, 29 and 30 did not.

A piston that will not home is usually stuck or faulted mechanically -- it is not something the software can clear.

You can carry on without it: deselect piston(s) 28, 29 and 30 on the tank and press Start again. The rest are homed and ready.
09/15/2026 at 07:54:02 PM WARNING logger Model:1103 - Piston(s) 23 have not moved since homing began.
09/15/2026 at 07:54:02 PM ERROR logger Model:1144 - 29 of 30 pistons homed. Piston(s) 23 did not. Timed out after 0 seconds.
09/15/2026 at 07:54:02 PM ERROR logger Model:229 - Some pistons did not home: 29 of 30 pistons homed. Piston(s) 23 did not.

A piston that will not home is usually stuck or faulted mechanically -- it is not something the software can clear.

You can carry on without it: deselect piston(s) 23 on the tank and press Start again. The rest are homed and ready.
09/15/2026 at 07:54:02 PM WARNING logger Model:2514 - Piston 30 covered only 300 mm of its 300 mm stroke over the last 3 seconds. It may be dragging or stuck.
09/15/2026 at 07:54:07 PM WARNING logger Model:2052 - The stroke command was sent, but no piston moved more than 0 mm.
09/15/2026 at 07:54:07 PM ERROR logger Model:229 - Nothing moved: The stroke command was sent, but no piston moved more than 0 mm.

The command reached the controller, so this is not a connection problem. Likely causes:

  - the keyswitch on the front of the controller is at PROG, so the ladder is not scanning. Tags can still be read and written in that mode, which is why this looked like it connected. Turn it to RUN.
  - for a curve: no curve is loaded on the controller for the Curve ID you set, so there is nothing to run
  - the stroke is set so small there is nothing to see
09/15/2026 at 07:54:07 PM WARNING logger PresetProcessor:131 - typo: Line 2: Speed 1 is 'fast', which is not a number; used 500.
09/15/2026 at 07:54:17 PM WARNING logger Model:2052 - The stroke command was sent, but no piston moved more than 0 mm.
09/15/2026 at 07:54:17 PM ERROR logger Model:229 - Nothing moved: The stroke command was sent, but no piston moved more than 0 mm.

The command reached the controller, so this is not a connection problem. Likely causes:

  - the keyswitch on the front of the controller is at PROG, so the ladder is not scanning. Tags can still be read and written in that mode, which is why this looked like it connected. Turn it to RUN.
  - for a curve: no curve is loaded on the controller for the Curve ID you set, so there is nothing to run
  - the stroke is set so small there is nothing to see
09/15/2026 at 07:54:22 PM WARNING logger Model:2514 - Piston 26 covered only 0 mm of its 300 mm stroke over the last 1 seconds. It may be dragging or stuck.
09/15/2026 at 07:54:26 PM WARNING logger Model:2514 - Piston 26 covered only 0 mm of its 300 mm stroke over the last 1 seconds. It may be dragging or stuck.
09/15/2026 at 07:54:31 PM ERROR logger Model:229 - Movement test cleanup failed: Could not clear movement-test run bit: Injected transient write failure 41
09/15/2026 at 07:54:31 PM ERROR logger Model:229 - Movement test cleanup failed: Could not restore Program:Wave_Control.Live_Motors.0: Injected transient write failure 42
09/15/2026 at 07:54:31 PM ERROR logger Model:229 - Movement test cleanup failed: Could not restore Program:Wave_Control.Live_Motors.1: Injected transient write failure 43
09/15/2026 at 07:54:31 PM ERROR logger Model:229 - Movement test cleanup failed: Could not restore Program:Wave_Control.Live_Motors.2: Injected transient write failure 44
09/15/2026 at 07:54:31 PM ERROR logger Model:229 - Movement test cleanup failed: Could not restore Program:Wave_Control.Live_Motors.3: Injected transient write failure 45
09/15/2026 at 07:54:31 PM ERROR logger Model:229 - Movement test cleanup failed: Could not restore Program:Wave_Control.Live_Motors.4: Injected transient write failure 46
09/15/2026 at 07:54:31 PM ERROR logger Model:229 - Movement test cleanup failed: Could not restore Program:Wave_Control.Live_Motors.5: Injected transient write failure 47
09/15/2026 at 07:54:31 PM ERROR logger Model:229 - Movement test cleanup failed: Could not restore Program:Wave_Control.Live_Motors.6: Injected transient write failure 48
09/15/2026 at 07:54:31 PM ERROR logger Model:229 - Movement test cleanup failed: Could not restore Program:Wave_Control.Live_Motors.7: Injected transient write failure 49
09/15/2026 at 07:54:31 PM ERROR logger Model:229 - Movement test cleanup failed: Could not restore Program:Wave_Control.Live_Motors.8: Injected transient write failure 50
09/15/2026 at 07:54:31 PM ERROR logger Model:229 - Movement test cleanup failed: Could not restore Program:Wave_Control.Live_Motors.9: Injected transient write failure 51
09/15/2026 at 07:54:31 PM ERROR logger Model:229 - Movement test cleanup failed: Could not restore Program:Wave_Control.Live_Motors.10: Injected transient write failure 52
09/15/2026 at 07:54:31 PM ERROR logger Model:229 - Movement test cleanup failed: Could not restore Program:Wave_Control.Live_Motors.11: Injected transient write failure 53
09/15/2026 at 07:54:31 PM ERROR logger Model:229 - Movement test cleanup failed: Could not restore Program:Wave_Control.Live_Motors.12: Injected transient write failure 54
09/15/2026 at 07:54:31 PM ERROR logger Model:229 - Movement test cleanup failed: Could not restore Program:Wave_Control.Live_Motors.13: Injected transient write failure 55
09/15/2026 at 07:54:31 PM ERROR logger Model:229 - Movement test cleanup failed: Could not restore Program:Wave_Control.Live_Motors.14: Injected transient write failure 56
09/15/2026 at 07:54:31 PM ERROR logger Model:229 - Movement test cleanup failed: Could not restore Program:Wave_Control.Live_Motors.15: Injected transient write failure 57
09/15/2026 at 07:54:31 PM ERROR logger Model:229 - Movement test cleanup failed: Could not restore Program:Wave_Control.Live_Motors.16: Injected transient write failure 58
09/15/2026 at 07:54:31 PM ERROR logger Model:229 - Movement test cleanup failed: Could not restore Program:Wave_Control.Live_Motors.17: Injected transient write failure 59
09/15/2026 at 07:54:31 PM ERROR logger Model:229 - Movement test cleanup failed: Could not restore Program:Wave_Control.Live_Motors.18: Injected transient write failure 60
09/15/2026 at 07:54:31 PM ERROR logger Model:229 - Movement test cleanup failed: Could not restore Program:Wave_Control.Live_Motors.19: Injected transient write failure 61
09/15/2026 at 07:54:31 PM ERROR logger Model:229 - Movement test cleanup failed: Could not restore Program:Wave_Control.Live_Motors.20: Injected transient write failure 62
09/15/2026 at 07:54:31 PM ERROR logger Model:229 - Movement test cleanup failed: Could not restore Program:Wave_Control.Live_Motors.21: Injected transient write failure 63
09/15/2026 at 07:54:31 PM ERROR logger Model:229 - Movement test cleanup failed: Could not restore Program:Wave_Control.Live_Motors.22: Injected transient write failure 64
09/15/2026 at 07:54:31 PM ERROR logger Model:229 - Movement test cleanup failed: Could not restore Program:Wave_Control.Live_Motors.23: Injected transient write failure 65
09/15/2026 at 07:54:31 PM ERROR logger Model:229 - Movement test cleanup failed: Could not restore Program:Wave_Control.Live_Motors.24: Injected transient write failure 66
09/15/2026 at 07:54:31 PM ERROR logger Model:229 - Movement test cleanup failed: Could not restore Program:Wave_Control.Live_Motors.25: Injected transient write failure 67
09/15/2026 at 07:54:31 PM ERROR logger Model:229 - Movement test cleanup failed: Could not restore Program:Wave_Control.Live_Motors.26: Injected transient write failure 68
09/15/2026 at 07:54:31 PM ERROR logger Model:229 - Movement test cleanup failed: Could not restore Program:Wave_Control.Live_Motors.27: Injected transient write failure 69
09/15/2026 at 07:54:31 PM ERROR logger Model:229 - Movement test cleanup failed: Could not restore Program:Wave_Control.Live_Motors.28: Injected transient write failure 70
09/15/2026 at 07:54:31 PM ERROR logger Model:229 - Movement test cleanup failed: Could not restore Program:Wave_Control.Live_Motors.29: Injected transient write failure 71
09/15/2026 at 07:54:34 PM WARNING logger Model:2277 - Pistons did not all reach the resting position.
09/15/2026 at 07:54:49 PM WARNING logger Model:2277 - Pistons did not all reach the resting position.
09/15/2026 at 07:54:49 PM WARNING logger Model:647 - Ignored Calibrate: a stop or resting move is still running.
09/15/2026 at 07:54:49 PM ERROR logger Model:229 - Not ready: The pistons must be homed before they can run. Press Start and it will do that first.
09/15/2026 at 07:54:49 PM WARNING logger Model:647 - Ignored Run: a stop or resting move is still running.
09/15/2026 at 07:54:49 PM ERROR logger Model:229 - Not ready: The pistons must be homed before they can run. Press Start and it will do that first.
09/15/2026 at 07:54:49 PM WARNING logger Model:647 - Ignored Run: a stop or resting move is still running.
09/15/2026 at 07:54:49 PM ERROR logger Model:229 - Not ready: The pistons must be homed before they can run. Press Start and it will do that first.
09/15/2026 at 07:54:49 PM WARNING logger Model:647 - Ignored Run: a stop or resting move is still running.
09/15/2026 at 07:54:49 PM WARNING logger Model:2514 - Piston 30 covered only 0 mm of its 350 mm stroke over the last 3 seconds. It may be dragging or stuck.
09/15/2026 at 07:54:49 PM WARNING logger Model:2514 - Piston 29 covered only 0 mm of its 350 mm stroke over the last 3 seconds. It may be dragging or stuck.
09/15/2026 at 07:54:49 PM WARNING logger Model:2514 - Piston 28 covered only 0 mm of its 350 mm stroke over the last 3 seconds. It may be dragging or stuck.
09/15/2026 at 07:54:49 PM WARNING logger Model:2514 - Piston 27 covered only 0 mm of its 350 mm stroke over the last 3 seconds. It may be dragging or stuck.
09/15/2026 at 07:54:49 PM WARNING logger Model:2514 - Piston 26 covered only 0 mm of its 350 mm stroke over the last 3 seconds. It may be dragging or stuck.
09/15/2026 at 07:54:49 PM WARNING logger Model:2514 - Piston 25 covered only 0 mm of its 350 mm stroke over the last 3 seconds. It may be dragging or stuck.
09/15/2026 at 07:54:49 PM WARNING logger Model:2514 - Piston 24 covered only 0 mm of its 350 mm stroke over the last 3 seconds. It may be dragging or stuck.
09/15/2026 at 07:54:49 PM WARNING logger Model:2514 - Piston 23 covered only 0 mm of its 350 mm stroke over the last 3 seconds. It may be dragging or stuck.
09/15/2026 at 07:54:49 PM WARNING logger Model:2514 - Piston 22 covered only 0 mm of its 350 mm stroke over the last 3 seconds. It may be dragging or stuck.
09/15/2026 at 07:54:49 PM WARNING logger Model:2514 - Piston 21 covered only 0 mm of its 350 mm stroke over the last 3 seconds. It may be dragging or stuck.
09/15/2026 at 07:54:49 PM WARNING logger Model:2514 - Piston 20 covered only 0 mm of its 350 mm stroke over the last 3 seconds. It may be dragging or stuck.
09/15/2026 at 07:54:49 PM WARNING logger Model:2514 - Piston 19 covered only 0 mm of its 350 mm stroke over the last 3 seconds. It may be dragging or stuck.
09/15/2026 at 07:54:49 PM WARNING logger Model:2514 - Piston 18 covered only 0 mm of its 350 mm stroke over the last 3 seconds. It may be dragging or stuck.
09/15/2026 at 07:54:49 PM WARNING logger Model:2514 - Piston 17 covered only 0 mm of its 350 mm stroke over the last 3 seconds. It may be dragging or stuck.
09/15/2026 at 07:54:49 PM WARNING logger Model:2514 - Piston 16 covered only 0 mm of its 350 mm stroke over the last 3 seconds. It may be dragging or stuck.
09/15/2026 at 07:54:49 PM WARNING logger Model:2514 - Piston 15 covered only 0 mm of its 350 mm stroke over the last 3 seconds. It may be dragging or stuck.
09/15/2026 at 07:54:49 PM WARNING logger Model:2514 - Piston 14 covered only 0 mm of its 350 mm stroke over the last 3 seconds. It may be dragging or stuck.
09/15/2026 at 07:54:49 PM WARNING logger Model:2514 - Piston 13 covered only 0 mm of its 350 mm stroke over the last 3 seconds. It may be dragging or stuck.
09/15/2026 at 07:54:49 PM WARNING logger Model:2514 - Piston 12 covered only 0 mm of its 350 mm stroke over the last 3 seconds. It may be dragging or stuck.
09/15/2026 at 07:54:49 PM WARNING logger Model:2514 - Piston 11 covered only 0 mm of its 350 mm stroke over the last 3 seconds. It may be dragging or stuck.
09/15/2026 at 07:54:49 PM WARNING logger Model:2514 - Piston 10 covered only 0 mm of its 350 mm stroke over the last 3 seconds. It may be dragging or stuck.
09/15/2026 at 07:54:49 PM WARNING logger Model:2514 - Piston 9 covered only 0 mm of its 350 mm stroke over the last 3 seconds. It may be dragging or stuck.
09/15/2026 at 07:54:49 PM WARNING logger Model:2514 - Piston 8 covered only 0 mm of its 350 mm stroke over the last 3 seconds. It may be dragging or stuck.
09/15/2026 at 07:54:49 PM WARNING logger Model:2514 - Piston 7 covered only 0 mm of its 350 mm stroke over the last 3 seconds. It may be dragging or stuck.
09/15/2026 at 07:54:49 PM WARNING logger Model:2514 - Piston 6 covered only 0 mm of its 350 mm stroke over the last 3 seconds. It may be dragging or stuck.
09/15/2026 at 07:54:49 PM WARNING logger Model:2514 - Piston 5 covered only 0 mm of its 350 mm stroke over the last 3 seconds. It may be dragging or stuck.
09/15/2026 at 07:54:49 PM WARNING logger Model:2514 - Piston 4 covered only 0 mm of its 350 mm stroke over the last 3 seconds. It may be dragging or stuck.
09/15/2026 at 07:54:49 PM WARNING logger Model:2514 - Piston 3 covered only 0 mm of its 350 mm stroke over the last 3 seconds. It may be dragging or stuck.
09/15/2026 at 07:54:49 PM WARNING logger Model:2514 - Piston 2 covered only 0 mm of its 350 mm stroke over the last 3 seconds. It may be dragging or stuck.
09/15/2026 at 07:54:49 PM WARNING logger Model:2514 - Piston 1 covered only 0 mm of its 350 mm stroke over the last 3 seconds. It may be dragging or stuck.
09/15/2026 at 07:54:52 PM ERROR logger Model:229 - Nothing to prepare: Choose some pistons on the tank first.
09/15/2026 at 07:54:52 PM ERROR logger Model:229 - Not ready: The pistons must be homed before they can run. Press Start and it will do that first.
09/15/2026 at 07:54:52 PM ERROR logger Model:229 - No pistons selected: Choose some pistons on the tank first.
09/15/2026 at 07:54:52 PM ERROR logger Model:229 - No pistons selected: Choose some pistons on the tank first.
09/15/2026 at 07:54:52 PM ERROR logger Model:229 - Not ready: The pistons must be homed before they can run. Press Start and it will do that first.
09/15/2026 at 07:54:52 PM ERROR logger Model:229 - No pistons selected: Choose some pistons on the tank first.
09/15/2026 at 07:54:52 PM WARNING logger Model:2052 - The curve command was sent, but no piston moved more than 0 mm.
09/15/2026 at 07:54:52 PM ERROR logger Model:229 - Nothing moved: The curve command was sent, but no piston moved more than 0 mm.

The command reached the controller, so this is not a connection problem. Likely causes:

  - the keyswitch on the front of the controller is at PROG, so the ladder is not scanning. Tags can still be read and written in that mode, which is why this looked like it connected. Turn it to RUN.
  - for a curve: no curve is loaded on the controller for the Curve ID you set, so there is nothing to run
  - the stroke is set so small there is nothing to see
09/15/2026 at 07:54:52 PM WARNING logger Model:2277 - Pistons did not all reach the resting position.
09/15/2026 at 07:54:52 PM ERROR logger Model:229 - Not ready: The pistons must be homed before they can run. Press Start and it will do that first.
09/15/2026 at 07:54:52 PM ERROR logger Model:229 - Nothing to prepare: Choose some pistons on the tank first.
09/15/2026 at 07:54:52 PM ERROR logger Model:229 - Nothing to prepare: Choose some pistons on the tank first.
09/15/2026 at 07:54:52 PM ERROR logger Model:229 - Nothing to prepare: Choose some pistons on the tank first.
09/15/2026 at 07:54:52 PM ERROR logger Model:229 - No pistons selected: Choose some pistons on the tank first.
09/15/2026 at 07:54:52 PM ERROR logger Model:229 - Not ready: The pistons must be homed before they can run. Press Start and it will do that first.
09/15/2026 at 07:54:52 PM ERROR logger Model:229 - Not ready: The pistons must be homed before they can run. Press Start and it will do that first.
09/15/2026 at 07:54:52 PM ERROR logger Model:229 - Nothing to prepare: Choose some pistons on the tank first.
09/15/2026 at 07:54:52 PM ERROR logger Model:229 - Not ready: The pistons must be homed before they can run. Press Start and it will do that first.
09/15/2026 at 07:54:52 PM ERROR logger Model:229 - No pistons selected: Choose some pistons on the tank first.
09/15/2026 at 07:54:52 PM WARNING logger Model:2052 - The curve command was sent, but no piston moved more than 0 mm.
09/15/2026 at 07:54:52 PM ERROR logger Model:229 - Nothing moved: The curve command was sent, but no piston moved more than 0 mm.

The command reached the controller, so this is not a connection problem. Likely causes:

  - the keyswitch on the front of the controller is at PROG, so the ladder is not scanning. Tags can still be read and written in that mode, which is why this looked like it connected. Turn it to RUN.
  - for a curve: no curve is loaded on the controller for the Curve ID you set, so there is nothing to run
  - the stroke is set so small there is nothing to see
09/15/2026 at 07:54:52 PM ERROR logger Model:229 - Nothing to prepare: Choose some pistons on the tank first.
09/15/2026 at 07:54:52 PM ERROR logger Model:229 - No pistons selected: Choose some pistons on the tank first.
09/15/2026 at 07:54:52 PM ERROR logger Model:229 - Not ready: The pistons must be homed before they can run. Press Start and it will do that first.
09/15/2026 at 07:54:52 PM ERROR logger Model:229 - No pistons selected: Choose some pistons on the tank first.
09/15/2026 at 07:54:52 PM ERROR logger Model:229 - Not ready: The pistons must be homed before they can run. Press Start and it will do that first.
09/15/2026 at 07:54:52 PM WARNING logger Model:2052 - The stroke command was sent, but no piston moved more than 0 mm.
09/15/2026 at 07:54:52 PM ERROR logger Model:229 - Nothing moved: The stroke command was sent, but no piston moved more than 0 mm.

The command reached the controller, so this is not a connection problem. Likely causes:

  - the keyswitch on the front of the controller is at PROG, so the ladder is not scanning. Tags can still be read and written in that mode, which is why this looked like it connected. Turn it to RUN.
  - for a curve: no curve is loaded on the controller for the Curve ID you set, so there is nothing to run
  - the stroke is set so small there is nothing to see
09/15/2026 at 07:54:52 PM ERROR logger Model:229 - Not ready: The pistons must be homed before they can run. Press Start and it will do that first.
09/15/2026 at 07:54:52 PM WARNING logger Model:2052 - The curve command was sent, but no piston moved more than 0 mm.
09/15/2026 at 07:54:52 PM ERROR logger Model:229 - Nothing moved: The curve command was sent, but no piston moved more than 0 mm.

The command reached the controller, so this is not a connection problem. Likely causes:

  - the keyswitch on the front of the controller is at PROG, so the ladder is not scanning. Tags can still be read and written in that mode, which is why this looked like it connected. Turn it to RUN.
  - for a curve: no curve is loaded on the controller for the Curve ID you set, so there is nothing to run
  - the stroke is set so small there is nothing to see
09/15/2026 at 07:54:52 PM ERROR logger Model:229 - Not ready: The pistons must be homed before they can run. Press Start and it will do that first.
09/15/2026 at 07:54:52 PM ERROR logger Model:229 - Not ready: The pistons must be homed before they can run. Press Start and it will do that first.
09/15/2026 at 07:54:52 PM ERROR logger Model:229 - Not ready: The pistons must be homed before they can run. Press Start and it will do that first.
09/15/2026 at 07:54:52 PM WARNING logger Model:2052 - The stroke command was sent, but no piston moved more than 0 mm.
09/15/2026 at 07:54:52 PM ERROR logger Model:229 - Nothing moved: The stroke command was sent, but no piston moved more than 0 mm.

The command reached the controller, so this is not a connection problem. Likely causes:

  - the keyswitch on the front of the controller is at PROG, so the ladder is not scanning. Tags can still be read and written in that mode, which is why this looked like it connected. Turn it to RUN.
  - for a curve: no curve is loaded on the controller for the Curve ID you set, so there is nothing to run
  - the stroke is set so small there is nothing to see
09/15/2026 at 07:54:52 PM WARNING logger Model:2052 - The stroke command was sent, but no piston moved more than 0 mm.
09/15/2026 at 07:54:52 PM ERROR logger Model:229 - Nothing moved: The stroke command was sent, but no piston moved more than 0 mm.

The command reached the controller, so this is not a connection problem. Likely causes:

  - the keyswitch on the front of the controller is at PROG, so the ladder is not scanning. Tags can still be read and written in that mode, which is why this looked like it connected. Turn it to RUN.
  - for a curve: no curve is loaded on the controller for the Curve ID you set, so there is nothing to run
  - the stroke is set so small there is nothing to see
09/15/2026 at 07:54:52 PM WARNING logger Model:2052 - The curve command was sent, but no piston moved more than 0 mm.
09/15/2026 at 07:54:52 PM ERROR logger Model:229 - Nothing moved: The curve command was sent, but no piston moved more than 0 mm.

The command reached the controller, so this is not a connection problem. Likely causes:

  - the keyswitch on the front of the controller is at PROG, so the ladder is not scanning. Tags can still be read and written in that mode, which is why this looked like it connected. Turn it to RUN.
  - for a curve: no curve is loaded on the controller for the Curve ID you set, so there is nothing to run
  - the stroke is set so small there is nothing to see
09/15/2026 at 07:54:52 PM WARNING logger Model:2052 - The stroke command was sent, but no piston moved more than 0 mm.
09/15/2026 at 07:54:52 PM ERROR logger Model:229 - Nothing moved: The stroke command was sent, but no piston moved more than 0 mm.

The command reached the controller, so this is not a connection problem. Likely causes:

  - the keyswitch on the front of the controller is at PROG, so the ladder is not scanning. Tags can still be read and written in that mode, which is why this looked like it connected. Turn it to RUN.
  - for a curve: no curve is loaded on the controller for the Curve ID you set, so there is nothing to run
  - the stroke is set so small there is nothing to see
09/15/2026 at 07:54:52 PM WARNING logger Model:2052 - The stroke command was sent, but no piston moved more than 0 mm.
09/15/2026 at 07:54:52 PM ERROR logger Model:229 - Nothing moved: The stroke command was sent, but no piston moved more than 0 mm.

The command reached the controller, so this is not a connection problem. Likely causes:

  - the keyswitch on the front of the controller is at PROG, so the ladder is not scanning. Tags can still be read and written in that mode, which is why this looked like it connected. Turn it to RUN.
  - for a curve: no curve is loaded on the controller for the Curve ID you set, so there is nothing to run
  - the stroke is set so small there is nothing to see
09/15/2026 at 07:54:52 PM ERROR logger Model:229 - Not ready: The pistons must be homed before they can run. Press Start and it will do that first.
09/15/2026 at 07:54:52 PM ERROR logger Model:229 - Not ready: The pistons must be homed before they can run. Press Start and it will do that first.
09/15/2026 at 07:54:52 PM ERROR logger Model:229 - Nothing to prepare: Choose some pistons on the tank first.
09/15/2026 at 07:54:52 PM WARNING logger Model:2277 - Pistons did not all reach the resting position.
09/15/2026 at 07:54:52 PM WARNING logger Model:2277 - Pistons did not all reach the resting position.
09/15/2026 at 07:54:52 PM ERROR logger Model:229 - Not ready: The pistons must be homed before they can run. Press Start and it will do that first.
09/15/2026 at 07:54:52 PM ERROR logger Model:229 - Not ready: The pistons must be homed before they can run. Press Start and it will do that first.
09/15/2026 at 07:54:52 PM ERROR logger Model:229 - Nothing to prepare: Choose some pistons on the tank first.
09/15/2026 at 07:54:52 PM ERROR logger Model:229 - No pistons selected: Choose some pistons on the tank first.
09/15/2026 at 07:54:52 PM ERROR logger Model:229 - No pistons selected: Choose some pistons on the tank first.
09/15/2026 at 07:54:52 PM ERROR logger Model:229 - Nothing to prepare: Choose some pistons on the tank first.
09/15/2026 at 07:54:52 PM WARNING logger Model:647 - Ignored Prepare: a stop or resting move is still running.
09/15/2026 at 07:54:52 PM ERROR logger Model:229 - Nothing to prepare: Choose some pistons on the tank first.
09/15/2026 at 07:54:52 PM ERROR logger Model:229 - No pistons selected: Choose some pistons on the tank first.
09/15/2026 at 07:54:52 PM WARNING logger Model:2052 - The curve command was sent, but no piston moved more than 0 mm.
09/15/2026 at 07:54:52 PM ERROR logger Model:229 - Nothing moved: The curve command was sent, but no piston moved more than 0 mm.

The command reached the controller, so this is not a connection problem. Likely causes:

  - the keyswitch on the front of the controller is at PROG, so the ladder is not scanning. Tags can still be read and written in that mode, which is why this looked like it connected. Turn it to RUN.
  - for a curve: no curve is loaded on the controller for the Curve ID you set, so there is nothing to run
  - the stroke is set so small there is nothing to see
09/15/2026 at 07:54:52 PM ERROR logger Model:229 - Not ready: The pistons must be homed before they can run. Press Start and it will do that first.
09/15/2026 at 07:54:52 PM WARNING logger Model:2052 - The curve command was sent, but no piston moved more than 0 mm.
09/15/2026 at 07:54:52 PM ERROR logger Model:229 - Nothing moved: The curve command was sent, but no piston moved more than 0 mm.

The command reached the controller, so this is not a connection problem. Likely causes:

  - the keyswitch on the front of the controller is at PROG, so the ladder is not scanning. Tags can still be read and written in that mode, which is why this looked like it connected. Turn it to RUN.
  - for a curve: no curve is loaded on the controller for the Curve ID you set, so there is nothing to run
  - the stroke is set so small there is nothing to see
09/15/2026 at 07:54:52 PM ERROR logger Model:229 - Not ready: The pistons must be homed before they can run. Press Start and it will do that first.
09/15/2026 at 07:54:52 PM ERROR logger Model:229 - Nothing to prepare: Choose some pistons on the tank first.
09/15/2026 at 07:54:52 PM ERROR logger Model:229 - No pistons selected: Choose some pistons on the tank first.
09/15/2026 at 07:54:52 PM ERROR logger Model:229 - Nothing to prepare: Choose some pistons on the tank first.
09/15/2026 at 07:54:52 PM ERROR logger Model:229 - Nothing to prepare: Choose some pistons on the tank first.
09/15/2026 at 07:54:52 PM ERROR logger Model:229 - Nothing to prepare: Choose some pistons on the tank first.
09/15/2026 at 07:54:52 PM ERROR logger Model:229 - Not ready: The pistons must be homed before they can run. Press Start and it will do that first.
09/15/2026 at 07:54:52 PM ERROR logger Model:229 - Nothing to prepare: Choose some pistons on the tank first.
09/15/2026 at 07:54:52 PM ERROR logger Model:229 - Not ready: The pistons must be homed before they can run. Press Start and it will do that first.
09/15/2026 at 07:54:52 PM ERROR logger Model:229 - Nothing to prepare: Choose some pistons on the tank first.
09/15/2026 at 07:54:52 PM ERROR logger Model:229 - Nothing to prepare: Choose some pistons on the tank first.
09/15/2026 at 07:54:52 PM ERROR logger Model:229 - Not ready: The pistons must be homed before they can run. Press Start and it will do that first.
09/15/2026 at 07:54:52 PM ERROR logger Model:229 - Not ready: The pistons must be homed before they can run. Press Start and it will do that first.
09/15/2026 at 07:54:52 PM ERROR logger Model:229 - No pistons selected: Choose some pistons on the tank first.
09/15/2026 at 07:54:52 PM ERROR logger Model:229 - Not ready: The pistons must be homed before they can run. Press Start and it will do that first.
09/15/2026 at 07:54:52 PM WARNING logger Model:2052 - The stroke command was sent, but no piston moved more than 0 mm.
09/15/2026 at 07:54:52 PM ERROR logger Model:229 - Nothing moved: The stroke command was sent, but no piston moved more than 0 mm.

The command reached the controller, so this is not a connection problem. Likely causes:

  - the keyswitch on the front of the controller is at PROG, so the ladder is not scanning. Tags can still be read and written in that mode, which is why this looked like it connected. Turn it to RUN.
  - for a curve: no curve is loaded on the controller for the Curve ID you set, so there is nothing to run
  - the stroke is set so small there is nothing to see
09/15/2026 at 07:54:52 PM WARNING logger Model:2277 - Pistons did not all reach the resting position.
09/15/2026 at 07:54:52 PM ERROR logger Model:229 - Not ready: The pistons must be homed before they can run. Press Start and it will do that first.
09/15/2026 at 07:54:52 PM WARNING logger Model:2277 - Pistons did not all reach the resting position.
09/15/2026 at 07:54:52 PM WARNING logger Model:2277 - Pistons did not all reach the resting position.
09/15/2026 at 07:54:52 PM WARNING logger Model:2052 - The curve command was sent, but no piston moved more than 0 mm.
09/15/2026 at 07:54:52 PM ERROR logger Model:229 - Nothing moved: The curve command was sent, but no piston moved more than 0 mm.

The command reached the controller, so this is not a connection problem. Likely causes:

  - the keyswitch on the front of the controller is at PROG, so the ladder is not scanning. Tags can still be read and written in that mode, which is why this looked like it connected. Turn it to RUN.
  - for a curve: no curve is loaded on the controller for the Curve ID you set, so there is nothing to run
  - the stroke is set so small there is nothing to see
09/15/2026 at 07:54:52 PM WARNING logger Model:2277 - Pistons did not all reach the resting position.
09/15/2026 at 07:54:52 PM WARNING logger Model:2052 - The stroke command was sent, but no piston moved more than 0 mm.
09/15/2026 at 07:54:52 PM ERROR logger Model:229 - Nothing moved: The stroke command was sent, but no piston moved more than 0 mm.

The command reached the controller, so this is not a connection problem. Likely causes:

  - the keyswitch on the front of the controller is at PROG, so the ladder is not scanning. Tags can still be read and written in that mode, which is why this looked like it connected. Turn it to RUN.
  - for a curve: no curve is loaded on the controller for the Curve ID you set, so there is nothing to run
  - the stroke is set so small there is nothing to see
09/15/2026 at 07:54:52 PM WARNING logger Model:2052 - The curve command was sent, but no piston moved more than 0 mm.
09/15/2026 at 07:54:52 PM ERROR logger Model:229 - Nothing moved: The curve command was sent, but no piston moved more than 0 mm.

The command reached the controller, so this is not a connection problem. Likely causes:

  - the keyswitch on the front of the controller is at PROG, so the ladder is not scanning. Tags can still be read and written in that mode, which is why this looked like it connected. Turn it to RUN.
  - for a curve: no curve is loaded on the controller for the Curve ID you set, so there is nothing to run
  - the stroke is set so small there is nothing to see
09/15/2026 at 07:54:52 PM ERROR logger Model:229 - Not ready: The pistons must be homed before they can run. Press Start and it will do that first.
09/15/2026 at 07:54:52 PM ERROR logger Model:229 - No pistons selected: Choose some pistons on the tank first.
09/15/2026 at 07:54:52 PM ERROR logger Model:229 - Not ready: The pistons must be homed before they can run. Press Start and it will do that first.
09/15/2026 at 07:54:52 PM ERROR logger Model:229 - No pistons selected: Choose some pistons on the tank first.
09/15/2026 at 07:54:52 PM ERROR logger Model:229 - Not ready: The pistons must be homed before they can run. Press Start and it will do that first.
09/15/2026 at 07:54:52 PM ERROR logger Model:229 - Not ready: The pistons must be homed before they can run. Press Start and it will do that first.
09/15/2026 at 07:54:52 PM ERROR logger Model:229 - Not ready: The pistons must be homed before they can run. Press Start and it will do that first.
09/15/2026 at 07:54:52 PM ERROR logger Model:229 - Nothing to prepare: Choose some pistons on the tank first.
09/15/2026 at 07:54:52 PM WARNING logger Model:2052 - The curve command was sent, but no piston moved more than 0 mm.
09/15/2026 at 07:54:52 PM ERROR logger Model:229 - Nothing moved: The curve command was sent, but no piston moved more than 0 mm.

The command reached the controller, so this is not a connection problem. Likely causes:

  - the keyswitch on the front of the controller is at PROG, so the ladder is not scanning. Tags can still be read and written in that mode, which is why this looked like it connected. Turn it to RUN.
  - for a curve: no curve is loaded on the controller for the Curve ID you set, so there is nothing to run
  - the stroke is set so small there is nothing to see
09/15/2026 at 07:54:52 PM WARNING logger Model:2052 - The curve command was sent, but no piston moved more than 0 mm.
09/15/2026 at 07:54:52 PM ERROR logger Model:229 - Nothing moved: The curve command was sent, but no piston moved more than 0 mm.

The command reached the controller, so this is not a connection problem. Likely causes:

  - the keyswitch on the front of the controller is at PROG, so the ladder is not scanning. Tags can still be read and written in that mode, which is why this looked like it connected. Turn it to RUN.
  - for a curve: no curve is loaded on the controller for the Curve ID you set, so there is nothing to run
  - the stroke is set so small there is nothing to see
09/15/2026 at 07:54:52 PM WARNING logger Model:2052 - The curve command was sent, but no piston moved more than 0 mm.
09/15/2026 at 07:54:52 PM ERROR logger Model:229 - Nothing moved: The curve command was sent, but no piston moved more than 0 mm.

The command reached the controller, so this is not a connection problem. Likely causes:

  - the keyswitch on the front of the controller is at PROG, so the ladder is not scanning. Tags can still be read and written in that mode, which is why this looked like it connected. Turn it to RUN.
  - for a curve: no curve is loaded on the controller for the Curve ID you set, so there is nothing to run
  - the stroke is set so small there is nothing to see
09/15/2026 at 07:54:52 PM WARNING logger Model:647 - Ignored Run: a stop or resting move is still running.
09/15/2026 at 07:54:52 PM ERROR logger Model:229 - Nothing to prepare: Choose some pistons on the tank first.
09/15/2026 at 07:54:52 PM WARNING logger Model:2052 - The curve command was sent, but no piston moved more than 0 mm.
09/15/2026 at 07:54:52 PM ERROR logger Model:229 - Nothing moved: The curve command was sent, but no piston moved more than 0 mm.

The command reached the controller, so this is not a connection problem. Likely causes:

  - the keyswitch on the front of the controller is at PROG, so the ladder is not scanning. Tags can still be read and written in that mode, which is why this looked like it connected. Turn it to RUN.
  - for a curve: no curve is loaded on the controller for the Curve ID you set, so there is nothing to run
  - the stroke is set so small there is nothing to see
09/15/2026 at 07:54:52 PM ERROR logger Model:229 - Nothing to prepare: Choose some pistons on the tank first.
09/15/2026 at 07:54:52 PM ERROR logger Model:229 - Nothing to prepare: Choose some pistons on the tank first.
09/15/2026 at 07:54:52 PM ERROR logger Model:229 - No pistons selected: Choose some pistons on the tank first.
09/15/2026 at 07:54:52 PM ERROR logger Model:229 - Nothing to prepare: Choose some pistons on the tank first.
09/15/2026 at 07:54:52 PM ERROR logger Model:229 - Nothing to prepare: Choose some pistons on the tank first.
09/15/2026 at 07:54:52 PM ERROR logger Model:229 - Not ready: The pistons must be homed before they can run. Press Start and it will do that first.
09/15/2026 at 07:54:52 PM WARNING logger Model:647 - Ignored Prepare: a stop or resting move is still running.
09/15/2026 at 07:54:52 PM WARNING logger Model:647 - Ignored Run: a stop or resting move is still running.
09/15/2026 at 07:54:52 PM WARNING logger Model:647 - Ignored Calibrate: a stop or resting move is still running.
09/15/2026 at 07:54:52 PM WARNING logger Model:647 - Ignored Prepare: a stop or resting move is still running.
09/15/2026 at 07:54:52 PM WARNING logger Model:647 - Ignored Calibrate: a stop or resting move is still running.
09/15/2026 at 07:54:52 PM WARNING logger Model:647 - Ignored Prepare: a stop or resting move is still running.
09/15/2026 at 07:54:52 PM WARNING logger Model:647 - Ignored Prepare: a stop or resting move is still running.
09/15/2026 at 07:54:52 PM WARNING logger Model:647 - Ignored Prepare: a stop or resting move is still running.
09/15/2026 at 07:54:52 PM ERROR logger Model:229 - Not ready: The pistons must be homed before they can run. Press Start and it will do that first.
09/15/2026 at 07:54:52 PM ERROR logger Model:229 - Not ready: The pistons must be homed before they can run. Press Start and it will do that first.
09/15/2026 at 07:54:52 PM ERROR logger Model:229 - Nothing to prepare: Choose some pistons on the tank first.
09/15/2026 at 07:54:52 PM ERROR logger Model:229 - Not ready: The pistons must be homed before they can run. Press Start and it will do that first.
09/15/2026 at 07:54:52 PM ERROR logger Model:229 - Not ready: The pistons must be homed before they can run. Press Start and it will do that first.
09/15/2026 at 07:54:52 PM WARNING logger Model:2277 - Pistons did not all reach the resting position.
09/15/2026 at 07:54:52 PM WARNING logger Model:2277 - Pistons did not all reach the resting position.
09/15/2026 at 07:54:52 PM WARNING logger Model:2277 - Pistons did not all reach the resting position.
09/15/2026 at 07:54:52 PM ERROR logger Model:229 - Not ready: The pistons must be homed before they can run. Press Start and it will do that first.
09/15/2026 at 07:54:52 PM WARNING logger Model:2277 - Pistons did not all reach the resting position.
09/15/2026 at 07:54:52 PM WARNING logger Model:2052 - The curve command was sent, but no piston moved more than 0 mm.
09/15/2026 at 07:54:52 PM ERROR logger Model:229 - Nothing moved: The curve command was sent, but no piston moved more than 0 mm.

The command reached the controller, so this is not a connection problem. Likely causes:

  - the keyswitch on the front of the controller is at PROG, so the ladder is not scanning. Tags can still be read and written in that mode, which is why this looked like it connected. Turn it to RUN.
  - for a curve: no curve is loaded on the controller for the Curve ID you set, so there is nothing to run
  - the stroke is set so small there is nothing to see
09/15/2026 at 07:54:52 PM WARNING logger Model:2277 - Pistons did not all reach the resting position.
09/15/2026 at 07:54:52 PM WARNING logger Model:2277 - Pistons did not all reach the resting position.
09/15/2026 at 07:54:52 PM WARNING logger Model:2277 - Pistons did not all reach the resting position.
09/15/2026 at 07:54:52 PM WARNING logger Model:2052 - The curve command was sent, but no piston moved more than 0 mm.
09/15/2026 at 07:54:52 PM ERROR logger Model:229 - Nothing moved: The curve command was sent, but no piston moved more than 0 mm.

The command reached the controller, so this is not a connection problem. Likely causes:

  - the keyswitch on the front of the controller is at PROG, so the ladder is not scanning. Tags can still be read and written in that mode, which is why this looked like it connected. Turn it to RUN.
  - for a curve: no curve is loaded on the controller for the Curve ID you set, so there is nothing to run
  - the stroke is set so small there is nothing to see
09/15/2026 at 07:54:52 PM WARNING logger Model:2277 - Pistons did not all reach the resting position.
09/15/2026 at 07:54:52 PM WARNING logger Model:2277 - Pistons did not all reach the resting position.
09/15/2026 at 07:54:52 PM ERROR logger Model:229 - Not ready: The pistons must be homed before they can run. Press Start and it will do that first.
09/15/2026 at 07:54:52 PM WARNING logger Model:647 - Ignored Calibrate: a stop or resting move is still running.
09/15/2026 at 07:54:52 PM WARNING logger Model:2277 - Pistons did not all reach the resting position.
09/15/2026 at 07:54:52 PM WARNING logger Model:2277 - Pistons did not all reach the resting position.
09/15/2026 at 07:54:52 PM ERROR logger Model:229 - Not ready: The pistons must be homed before they can run. Press Start and it will do that first.
09/15/2026 at 07:54:52 PM ERROR logger Model:229 - Nothing to prepare: Choose some pistons on the tank first.
09/15/2026 at 07:54:52 PM ERROR logger Model:229 - No pistons selected: Choose some pistons on the tank first.
09/15/2026 at 07:54:52 PM ERROR logger Model:229 - No pistons selected: Choose some pistons on the tank first.
09/15/2026 at 07:54:52 PM ERROR logger Model:229 - Not ready: The pistons must be homed before they can run. Press Start and it will do that first.
09/15/2026 at 07:54:52 PM ERROR logger Model:229 - Not ready: The pistons must be homed before they can run. Press Start and it will do that first.
09/15/2026 at 07:54:52 PM ERROR logger Model:229 - No pistons selected: Choose some pistons on the tank first.
09/15/2026 at 07:54:52 PM WARNING logger Model:2052 - The stroke command was sent, but no piston moved more than 0 mm.
09/15/2026 at 07:54:52 PM ERROR logger Model:229 - Nothing moved: The stroke command was sent, but no piston moved more than 0 mm.

The command reached the controller, so this is not a connection problem. Likely causes:

  - the keyswitch on the front of the controller is at PROG, so the ladder is not scanning. Tags can still be read and written in that mode, which is why this looked like it connected. Turn it to RUN.
  - for a curve: no curve is loaded on the controller for the Curve ID you set, so there is nothing to run
  - the stroke is set so small there is nothing to see
09/15/2026 at 07:54:52 PM ERROR logger Model:229 - No pistons selected: Choose some pistons on the tank first.
09/15/2026 at 07:54:52 PM ERROR logger Model:229 - Nothing to prepare: Choose some pistons on the tank first.
09/15/2026 at 07:54:52 PM ERROR logger Model:229 - Not ready: The pistons must be homed before they can run. Press Start and it will do that first.
09/15/2026 at 07:54:52 PM ERROR logger Model:229 - Nothing to prepare: Choose some pistons on the tank first.
09/15/2026 at 07:54:52 PM ERROR logger Model:229 - Not ready: The pistons must be homed before they can run. Press Start and it will do that first.
09/15/2026 at 07:54:52 PM ERROR logger Model:229 - Nothing to prepare: Choose some pistons on the tank first.
09/15/2026 at 07:54:52 PM ERROR logger Model:229 - No pistons selected: Choose some pistons on the tank first.
09/15/2026 at 07:54:52 PM WARNING logger Model:2052 - The curve command was sent, but no piston moved more than 0 mm.
09/15/2026 at 07:54:52 PM ERROR logger Model:229 - Nothing moved: The curve command was sent, but no piston moved more than 0 mm.

The command reached the controller, so this is not a connection problem. Likely causes:

  - the keyswitch on the front of the controller is at PROG, so the ladder is not scanning. Tags can still be read and written in that mode, which is why this looked like it connected. Turn it to RUN.
  - for a curve: no curve is loaded on the controller for the Curve ID you set, so there is nothing to run
  - the stroke is set so small there is nothing to see
09/15/2026 at 07:54:52 PM WARNING logger Model:2277 - Pistons did not all reach the resting position.
09/15/2026 at 07:54:52 PM WARNING logger Model:2277 - Pistons did not all reach the resting position.
09/15/2026 at 07:54:52 PM WARNING logger Model:2052 - The stroke command was sent, but no piston moved more than 0 mm.
09/15/2026 at 07:54:52 PM ERROR logger Model:229 - Nothing moved: The stroke command was sent, but no piston moved more than 0 mm.

The command reached the controller, so this is not a connection problem. Likely causes:

  - the keyswitch on the front of the controller is at PROG, so the ladder is not scanning. Tags can still be read and written in that mode, which is why this looked like it connected. Turn it to RUN.
  - for a curve: no curve is loaded on the controller for the Curve ID you set, so there is nothing to run
  - the stroke is set so small there is nothing to see
09/15/2026 at 07:54:52 PM WARNING logger Model:1821 - Staging did not complete within 0.0 seconds; running unstaggered.
09/15/2026 at 07:54:52 PM ERROR logger Model:229 - Nothing to prepare: Choose some pistons on the tank first.
09/15/2026 at 07:54:52 PM ERROR logger Model:229 - Not ready: The pistons must be homed before they can run. Press Start and it will do that first.
09/15/2026 at 07:54:52 PM ERROR logger Model:229 - No pistons selected: Choose some pistons on the tank first.
09/15/2026 at 07:54:52 PM WARNING logger Model:2277 - Pistons did not all reach the resting position.
09/15/2026 at 07:54:52 PM ERROR logger Model:229 - Not ready: The pistons must be homed before they can run. Press Start and it will do that first.
09/15/2026 at 07:54:52 PM ERROR logger Model:229 - Nothing to prepare: Choose some pistons on the tank first.
09/15/2026 at 07:54:52 PM ERROR logger Model:229 - Not ready: The pistons must be homed before they can run. Press Start and it will do that first.
09/15/2026 at 07:54:52 PM ERROR logger Model:229 - Not ready: The pistons must be homed before they can run. Press Start and it will do that first.
09/15/2026 at 07:54:52 PM ERROR logger Model:229 - Not ready: The pistons must be homed before they can run. Press Start and it will do that first.
09/15/2026 at 07:54:52 PM ERROR logger Model:229 - Not ready: The pistons must be homed before they can run. Press Start and it will do that first.
09/15/2026 at 07:54:52 PM WARNING logger Model:2052 - The curve command was sent, but no piston moved more than 0 mm.
09/15/2026 at 07:54:52 PM ERROR logger Model:229 - Nothing moved: The curve command was sent, but no piston moved more than 0 mm.

The command reached the controller, so this is not a connection problem. Likely causes:

  - the keyswitch on the front of the controller is at PROG, so the ladder is not scanning. Tags can still be read and written in that mode, which is why this looked like it connected. Turn it to RUN.
  - for a curve: no curve is loaded on the controller for the Curve ID you set, so there is nothing to run
  - the stroke is set so small there is nothing to see
09/15/2026 at 07:54:52 PM ERROR logger Model:229 - Not ready: The pistons must be homed before they can run. Press Start and it will do that first.
09/15/2026 at 07:54:52 PM WARNING logger Model:2052 - The curve command was sent, but no piston moved more than 0 mm.
09/15/2026 at 07:54:52 PM ERROR logger Model:229 - Nothing moved: The curve command was sent, but no piston moved more than 0 mm.

The command reached the controller, so this is not a connection problem. Likely causes:

  - the keyswitch on the front of the controller is at PROG, so the ladder is not scanning. Tags can still be read and written in that mode, which is why this looked like it connected. Turn it to RUN.
  - for a curve: no curve is loaded on the controller for the Curve ID you set, so there is nothing to run
  - the stroke is set so small there is nothing to see
09/15/2026 at 07:54:52 PM ERROR logger Model:229 - Not ready: The pistons must be homed before they can run. Press Start and it will do that first.
09/15/2026 at 07:54:52 PM ERROR logger Model:229 - Nothing to prepare: Choose some pistons on the tank first.
09/15/2026 at 07:54:52 PM ERROR logger Model:229 - No pistons selected: Choose some pistons on the tank first.
09/15/2026 at 07:54:52 PM ERROR logger Model:229 - No pistons selected: Choose some pistons on the tank first.
09/15/2026 at 07:54:52 PM ERROR logger Model:229 - No pistons selected: Choose some pistons on the tank first.
09/15/2026 at 07:54:52 PM ERROR logger Model:229 - Not ready: The pistons must be homed before they can run. Press Start and it will do that first.
09/15/2026 at 07:54:52 PM ERROR logger Model:229 - Not ready: The pistons must be homed before they can run. Press Start and it will do that first.
09/15/2026 at 07:54:52 PM WARNING logger Model:2052 - The stroke command was sent, but no piston moved more than 0 mm.
09/15/2026 at 07:54:52 PM ERROR logger Model:229 - Nothing moved: The stroke command was sent, but no piston moved more than 0 mm.

The command reached the controller, so this is not a connection problem. Likely causes:

  - the keyswitch on the front of the controller is at PROG, so the ladder is not scanning. Tags can still be read and written in that mode, which is why this looked like it connected. Turn it to RUN.
  - for a curve: no curve is loaded on the controller for the Curve ID you set, so there is nothing to run
  - the stroke is set so small there is nothing to see
09/15/2026 at 07:54:52 PM WARNING logger Model:2052 - The stroke command was sent, but no piston moved more than 0 mm.
09/15/2026 at 07:54:52 PM ERROR logger Model:229 - Nothing moved: The stroke command was sent, but no piston moved more than 0 mm.

The command reached the controller, so this is not a connection problem. Likely causes:

  - the keyswitch on the front of the controller is at PROG, so the ladder is not scanning. Tags can still be read and written in that mode, which is why this looked like it connected. Turn it to RUN.
  - for a curve: no curve is loaded on the controller for the Curve ID you set, so there is nothing to run
  - the stroke is set so small there is nothing to see
09/15/2026 at 07:54:53 PM WARNING logger Model:2052 - The stroke command was sent, but no piston moved more than 0 mm.
09/15/2026 at 07:54:53 PM ERROR logger Model:229 - Nothing moved: The stroke command was sent, but no piston moved more than 0 mm.

The command reached the controller, so this is not a connection problem. Likely causes:

  - the keyswitch on the front of the controller is at PROG, so the ladder is not scanning. Tags can still be read and written in that mode, which is why this looked like it connected. Turn it to RUN.
  - for a curve: no curve is loaded on the controller for the Curve ID you set, so there is nothing to run
  - the stroke is set so small there is nothing to see
09/15/2026 at 07:54:53 PM ERROR logger Model:229 - Nothing to prepare: Choose some pistons on the tank first.
09/15/2026 at 07:54:53 PM ERROR logger Model:229 - Nothing to prepare: Choose some pistons on the tank first.
09/15/2026 at 07:54:53 PM ERROR logger Model:229 - Nothing to prepare: Choose some pistons on the tank first.
09/15/2026 at 07:54:53 PM ERROR logger Model:229 - Nothing to prepare: Choose some pistons on the tank first.
09/15/2026 at 07:54:53 PM ERROR logger Model:229 - Nothing to prepare: Choose some pistons on the tank first.
09/15/2026 at 07:54:53 PM ERROR logger Model:229 - No pistons selected: Choose some pistons on the tank first.
09/15/2026 at 07:54:53 PM WARNING logger Model:2052 - The curve command was sent, but no piston moved more than 0 mm.
09/15/2026 at 07:54:53 PM ERROR logger Model:229 - Nothing moved: The curve command was sent, but no piston moved more than 0 mm.

The command reached the controller, so this is not a connection problem. Likely causes:

  - the keyswitch on the front of the controller is at PROG, so the ladder is not scanning. Tags can still be read and written in that mode, which is why this looked like it connected. Turn it to RUN.
  - for a curve: no curve is loaded on the controller for the Curve ID you set, so there is nothing to run
  - the stroke is set so small there is nothing to see
09/15/2026 at 07:54:53 PM WARNING logger Model:2277 - Pistons did not all reach the resting position.
09/15/2026 at 07:54:53 PM WARNING logger Model:2052 - The curve command was sent, but no piston moved more than 0 mm.
09/15/2026 at 07:54:53 PM ERROR logger Model:229 - Nothing moved: The curve command was sent, but no piston moved more than 0 mm.

The command reached the controller, so this is not a connection problem. Likely causes:

  - the keyswitch on the front of the controller is at PROG, so the ladder is not scanning. Tags can still be read and written in that mode, which is why this looked like it connected. Turn it to RUN.
  - for a curve: no curve is loaded on the controller for the Curve ID you set, so there is nothing to run
  - the stroke is set so small there is nothing to see
09/15/2026 at 07:54:53 PM ERROR logger Model:229 - Not ready: The pistons must be homed before they can run. Press Start and it will do that first.
09/15/2026 at 07:54:53 PM ERROR logger Model:229 - Not ready: The pistons must be homed before they can run. Press Start and it will do that first.
09/15/2026 at 07:54:53 PM ERROR logger Model:229 - Not ready: The pistons must be homed before they can run. Press Start and it will do that first.
09/15/2026 at 07:54:53 PM ERROR logger Model:229 - Not ready: The pistons must be homed before they can run. Press Start and it will do that first.
09/15/2026 at 07:54:53 PM ERROR logger Model:229 - Nothing to prepare: Choose some pistons on the tank first.
09/15/2026 at 07:54:53 PM WARNING logger Model:2052 - The stroke command was sent, but no piston moved more than 0 mm.
09/15/2026 at 07:54:53 PM ERROR logger Model:229 - Nothing moved: The stroke command was sent, but no piston moved more than 0 mm.

The command reached the controller, so this is not a connection problem. Likely causes:

  - the keyswitch on the front of the controller is at PROG, so the ladder is not scanning. Tags can still be read and written in that mode, which is why this looked like it connected. Turn it to RUN.
  - for a curve: no curve is loaded on the controller for the Curve ID you set, so there is nothing to run
  - the stroke is set so small there is nothing to see
09/15/2026 at 07:54:53 PM WARNING logger Model:2052 - The stroke command was sent, but no piston moved more than 0 mm.
09/15/2026 at 07:54:53 PM ERROR logger Model:229 - Nothing moved: The stroke command was sent, but no piston moved more than 0 mm.

The command reached the controller, so this is not a connection problem. Likely causes:

  - the keyswitch on the front of the controller is at PROG, so the ladder is not scanning. Tags can still be read and written in that mode, which is why this looked like it connected. Turn it to RUN.
  - for a curve: no curve is loaded on the controller for the Curve ID you set, so there is nothing to run
  - the stroke is set so small there is nothing to see
09/15/2026 at 07:54:53 PM WARNING logger Model:2277 - Pistons did not all reach the resting position.
09/15/2026 at 07:54:53 PM ERROR logger Model:229 - No pistons selected: Choose some pistons on the tank first.
09/15/2026 at 07:54:53 PM ERROR logger Model:229 - Not ready: The pistons must be homed before they can run. Press Start and it will do that first.
09/15/2026 at 07:54:53 PM ERROR logger Model:229 - Nothing to prepare: Choose some pistons on the tank first.
09/15/2026 at 07:54:53 PM ERROR logger Model:229 - Not ready: The pistons must be homed before they can run. Press Start and it will do that first.
09/15/2026 at 07:54:53 PM ERROR logger Model:229 - No pistons selected: Choose some pistons on the tank first.
09/15/2026 at 07:54:53 PM ERROR logger Model:229 - Not ready: The pistons must be homed before they can run. Press Start and it will do that first.
09/15/2026 at 07:54:53 PM ERROR logger Model:229 - Nothing to prepare: Choose some pistons on the tank first.
09/15/2026 at 07:54:53 PM ERROR logger Model:229 - Nothing to prepare: Choose some pistons on the tank first.
09/15/2026 at 07:54:53 PM ERROR logger Model:229 - No pistons selected: Choose some pistons on the tank first.
09/15/2026 at 07:54:53 PM ERROR logger Model:229 - No pistons selected: Choose some pistons on the tank first.
09/15/2026 at 07:54:53 PM ERROR logger Model:229 - No pistons selected: Choose some pistons on the tank first.
09/15/2026 at 07:54:53 PM ERROR logger Model:229 - Not ready: The pistons must be homed before they can run. Press Start and it will do that first.
09/15/2026 at 07:54:53 PM ERROR logger Model:229 - Nothing to prepare: Choose some pistons on the tank first.
09/15/2026 at 07:54:53 PM ERROR logger Model:229 - No pistons selected: Choose some pistons on the tank first.
09/15/2026 at 07:54:53 PM ERROR logger Model:229 - No pistons selected: Choose some pistons on the tank first.
09/15/2026 at 07:54:53 PM ERROR logger Model:229 - Nothing to prepare: Choose some pistons on the tank first.
09/15/2026 at 07:54:53 PM ERROR logger Model:229 - Nothing to prepare: Choose some pistons on the tank first.
09/15/2026 at 07:54:53 PM ERROR logger Model:229 - No pistons selected: Choose some pistons on the tank first.
09/15/2026 at 07:54:53 PM ERROR logger Model:229 - Not ready: The pistons must be homed before they can run. Press Start and it will do that first.
09/15/2026 at 07:54:53 PM ERROR logger Model:229 - Nothing to prepare: Choose some pistons on the tank first.
09/15/2026 at 07:54:53 PM ERROR logger Model:229 - Not ready: The pistons must be homed before they can run. Press Start and it will do that first.
09/15/2026 at 07:54:53 PM ERROR logger Model:229 - No pistons selected: Choose some pistons on the tank first.
09/15/2026 at 07:54:53 PM ERROR logger Model:229 - Not ready: The pistons must be homed before they can run. Press Start and it will do that first.
09/15/2026 at 07:54:53 PM ERROR logger Model:229 - Not ready: The pistons must be homed before they can run. Press Start and it will do that first.
09/15/2026 at 07:54:53 PM WARNING logger Model:2052 - The curve command was sent, but no piston moved more than 0 mm.
09/15/2026 at 07:54:53 PM ERROR logger Model:229 - Nothing moved: The curve command was sent, but no piston moved more than 0 mm.

The command reached the controller, so this is not a connection problem. Likely causes:

  - the keyswitch on the front of the controller is at PROG, so the ladder is not scanning. Tags can still be read and written in that mode, which is why this looked like it connected. Turn it to RUN.
  - for a curve: no curve is loaded on the controller for the Curve ID you set, so there is nothing to run
  - the stroke is set so small there is nothing to see
09/15/2026 at 07:54:53 PM WARNING logger Model:2277 - Pistons did not all reach the resting position.
09/15/2026 at 07:54:53 PM ERROR logger Model:229 - No pistons selected: Choose some pistons on the tank first.
09/15/2026 at 07:54:53 PM ERROR logger Model:229 - No pistons selected: Choose some pistons on the tank first.
09/15/2026 at 07:54:53 PM ERROR logger Model:229 - Nothing to prepare: Choose some pistons on the tank first.
09/15/2026 at 07:54:53 PM ERROR logger Model:229 - Nothing to prepare: Choose some pistons on the tank first.
09/15/2026 at 07:54:53 PM ERROR logger Model:229 - No pistons selected: Choose some pistons on the tank first.
09/15/2026 at 07:54:53 PM ERROR logger Model:229 - Not ready: The pistons must be homed before they can run. Press Start and it will do that first.
09/15/2026 at 07:54:53 PM ERROR logger Model:229 - Not ready: The pistons must be homed before they can run. Press Start and it will do that first.
09/15/2026 at 07:54:53 PM ERROR logger Model:229 - Not ready: The pistons must be homed before they can run. Press Start and it will do that first.
09/15/2026 at 07:54:53 PM ERROR logger Model:229 - Nothing to prepare: Choose some pistons on the tank first.
09/15/2026 at 07:54:53 PM WARNING logger Model:2052 - The curve command was sent, but no piston moved more than 0 mm.
09/15/2026 at 07:54:53 PM ERROR logger Model:229 - Nothing moved: The curve command was sent, but no piston moved more than 0 mm.

The command reached the controller, so this is not a connection problem. Likely causes:

  - the keyswitch on the front of the controller is at PROG, so the ladder is not scanning. Tags can still be read and written in that mode, which is why this looked like it connected. Turn it to RUN.
  - for a curve: no curve is loaded on the controller for the Curve ID you set, so there is nothing to run
  - the stroke is set so small there is nothing to see
09/15/2026 at 07:54:53 PM WARNING logger Model:2277 - Pistons did not all reach the resting position.
09/15/2026 at 07:54:53 PM WARNING logger Model:2277 - Pistons did not all reach the resting position.
09/15/2026 at 07:54:53 PM ERROR logger Model:229 - Not ready: The pistons must be homed before they can run. Press Start and it will do that first.
09/15/2026 at 07:54:53 PM ERROR logger Model:229 - Not ready: The pistons must be homed before they can run. Press Start and it will do that first.
09/15/2026 at 07:54:53 PM ERROR logger Model:229 - Not ready: The pistons must be homed before they can run. Press Start and it will do that first.
09/15/2026 at 07:54:53 PM WARNING logger Model:2052 - The curve command was sent, but no piston moved more than 0 mm.
09/15/2026 at 07:54:53 PM ERROR logger Model:229 - Nothing moved: The curve command was sent, but no piston moved more than 0 mm.

The command reached the controller, so this is not a connection problem. Likely causes:

  - the keyswitch on the front of the controller is at PROG, so the ladder is not scanning. Tags can still be read and written in that mode, which is why this looked like it connected. Turn it to RUN.
  - for a curve: no curve is loaded on the controller for the Curve ID you set, so there is nothing to run
  - the stroke is set so small there is nothing to see
09/15/2026 at 07:54:53 PM WARNING logger Model:2052 - The stroke command was sent, but no piston moved more than 0 mm.
09/15/2026 at 07:54:53 PM ERROR logger Model:229 - Nothing moved: The stroke command was sent, but no piston moved more than 0 mm.

The command reached the controller, so this is not a connection problem. Likely causes:

  - the keyswitch on the front of the controller is at PROG, so the ladder is not scanning. Tags can still be read and written in that mode, which is why this looked like it connected. Turn it to RUN.
  - for a curve: no curve is loaded on the controller for the Curve ID you set, so there is nothing to run
  - the stroke is set so small there is nothing to see
09/15/2026 at 07:54:53 PM WARNING logger Model:2052 - The curve command was sent, but no piston moved more than 0 mm.
09/15/2026 at 07:54:53 PM ERROR logger Model:229 - Nothing moved: The curve command was sent, but no piston moved more than 0 mm.

The command reached the controller, so this is not a connection problem. Likely causes:

  - the keyswitch on the front of the controller is at PROG, so the ladder is not scanning. Tags can still be read and written in that mode, which is why this looked like it connected. Turn it to RUN.
  - for a curve: no curve is loaded on the controller for the Curve ID you set, so there is nothing to run
  - the stroke is set so small there is nothing to see
09/15/2026 at 07:54:53 PM ERROR logger Model:229 - Not ready: The pistons must be homed before they can run. Press Start and it will do that first.
09/15/2026 at 07:54:53 PM ERROR logger Model:229 - Not ready: The pistons must be homed before they can run. Press Start and it will do that first.
09/15/2026 at 07:54:53 PM ERROR logger Model:229 - Not ready: The pistons must be homed before they can run. Press Start and it will do that first.
09/15/2026 at 07:54:53 PM ERROR logger Model:229 - Not ready: The pistons must be homed before they can run. Press Start and it will do that first.
09/15/2026 at 07:54:53 PM ERROR logger Model:229 - Not ready: The pistons must be homed before they can run. Press Start and it will do that first.
09/15/2026 at 07:54:53 PM ERROR logger Model:229 - Not ready: The pistons must be homed before they can run. Press Start and it will do that first.
09/15/2026 at 07:54:54 PM WARNING logger Model:2277 - Pistons did not all reach the resting position.
09/15/2026 at 07:54:54 PM ERROR logger Model:229 - Not ready: The pistons must be homed before they can run. Press Start and it will do that first.
09/15/2026 at 07:54:54 PM WARNING logger Model:647 - Ignored Prepare: a stop or resting move is still running.
09/15/2026 at 07:54:54 PM WARNING logger Model:2277 - Pistons did not all reach the resting position.
09/15/2026 at 07:54:54 PM ERROR logger Model:229 - Not ready: The pistons must be homed before they can run. Press Start and it will do that first.
09/15/2026 at 07:54:54 PM ERROR logger Model:229 - Not ready: The pistons must be homed before they can run. Press Start and it will do that first.
09/15/2026 at 07:55:05 PM WARNING logger Model:2052 - The stroke command was sent, but no piston moved more than 0 mm.
09/15/2026 at 07:55:05 PM ERROR logger Model:229 - Nothing moved: The stroke command was sent, but no piston moved more than 0 mm.

The command reached the controller, so this is not a connection problem. Likely causes:

  - the keyswitch on the front of the controller is at PROG, so the ladder is not scanning. Tags can still be read and written in that mode, which is why this looked like it connected. Turn it to RUN.
  - for a curve: no curve is loaded on the controller for the Curve ID you set, so there is nothing to run
  - the stroke is set so small there is nothing to see
09/15/2026 at 07:55:09 PM WARNING logger Model:2277 - Pistons did not all reach the resting position.
09/15/2026 at 07:55:09 PM ERROR logger Model:229 - Live speed change failed: The speed was updated on pistons 30, then stopped at piston 30: the machine is stopping.
09/15/2026 at 07:55:09 PM WARNING logger Model:647 - Ignored Calibrate: a stop or resting move is still running.
09/15/2026 at 07:55:09 PM WARNING logger Model:2582 - Axis 0 reports position 0, which looks like millimetres rather than drive counts. If the controller now publishes millimetres, set POSITION_COUNTS_PER_MM to 1 in app/params.py.
09/15/2026 at 07:55:13 PM ERROR logger Model:662 - Start failed: transient write failure
09/15/2026 at 07:55:13 PM ERROR logger Model:229 - Machine error: transient write failure
09/15/2026 at 07:55:14 PM WARNING logger Model:2052 - The stroke command was sent, but no piston moved more than 0 mm.
09/15/2026 at 07:55:14 PM ERROR logger Model:229 - Nothing moved: The stroke command was sent, but no piston moved more than 0 mm.

The command reached the controller, so this is not a connection problem. Likely causes:

  - the keyswitch on the front of the controller is at PROG, so the ladder is not scanning. Tags can still be read and written in that mode, which is why this looked like it connected. Turn it to RUN.
  - for a curve: no curve is loaded on the controller for the Curve ID you set, so there is nothing to run
  - the stroke is set so small there is nothing to see
09/15/2026 at 07:55:14 PM WARNING logger Model:2052 - The curve command was sent, but no piston moved more than 0 mm.
09/15/2026 at 07:55:14 PM ERROR logger Model:229 - Nothing moved: The curve command was sent, but no piston moved more than 0 mm.

The command reached the controller, so this is not a connection problem. Likely causes:

  - the keyswitch on the front of the controller is at PROG, so the ladder is not scanning. Tags can still be read and written in that mode, which is why this looked like it connected. Turn it to RUN.
  - for a curve: no curve is loaded on the controller for the Curve ID you set, so there is nothing to run
  - the stroke is set so small there is nothing to see
09/15/2026 at 07:55:14 PM ERROR logger Model:229 - Nothing to prepare: Choose some pistons on the tank first.
09/15/2026 at 07:55:14 PM ERROR logger Model:229 - Nothing to prepare: Choose some pistons on the tank first.
09/15/2026 at 07:55:14 PM ERROR logger Model:229 - No pistons selected: Choose some pistons on the tank first.
09/15/2026 at 07:55:14 PM ERROR logger Model:229 - Nothing to prepare: Choose some pistons on the tank first.
09/15/2026 at 07:55:14 PM ERROR logger Model:229 - Nothing to prepare: Choose some pistons on the tank first.
09/15/2026 at 07:55:14 PM ERROR logger Model:229 - Not ready: The pistons must be homed before they can run. Press Start and it will do that first.
09/15/2026 at 07:55:14 PM ERROR logger Model:229 - Nothing to prepare: Choose some pistons on the tank first.
09/15/2026 at 07:55:14 PM ERROR logger Model:229 - Not ready: The pistons must be homed before they can run. Press Start and it will do that first.
09/15/2026 at 07:55:14 PM ERROR logger Model:229 - Not ready: The pistons must be homed before they can run. Press Start and it will do that first.
09/15/2026 at 07:55:14 PM WARNING logger Model:2052 - The curve command was sent, but no piston moved more than 0 mm.
09/15/2026 at 07:55:14 PM ERROR logger Model:229 - Nothing moved: The curve command was sent, but no piston moved more than 0 mm.

The command reached the controller, so this is not a connection problem. Likely causes:

  - the keyswitch on the front of the controller is at PROG, so the ladder is not scanning. Tags can still be read and written in that mode, which is why this looked like it connected. Turn it to RUN.
  - for a curve: no curve is loaded on the controller for the Curve ID you set, so there is nothing to run
  - the stroke is set so small there is nothing to see
09/15/2026 at 07:55:14 PM ERROR logger Model:229 - Not ready: The pistons must be homed before they can run. Press Start and it will do that first.
09/15/2026 at 07:55:14 PM ERROR logger Model:229 - No pistons selected: Choose some pistons on the tank first.
09/15/2026 at 07:55:14 PM ERROR logger Model:229 - Not ready: The pistons must be homed before they can run. Press Start and it will do that first.
09/15/2026 at 07:55:14 PM ERROR logger Model:229 - No pistons selected: Choose some pistons on the tank first.
09/15/2026 at 07:55:14 PM ERROR logger Model:229 - Nothing to prepare: Choose some pistons on the tank first.
09/15/2026 at 07:55:14 PM ERROR logger Model:229 - Not ready: The pistons must be homed before they can run. Press Start and it will do that first.
09/15/2026 at 07:55:14 PM ERROR logger Model:229 - No pistons selected: Choose some pistons on the tank first.
09/15/2026 at 07:55:14 PM ERROR logger Model:229 - Not ready: The pistons must be homed before they can run. Press Start and it will do that first.
09/15/2026 at 07:55:14 PM ERROR logger Model:229 - No pistons selected: Choose some pistons on the tank first.
09/15/2026 at 07:55:14 PM ERROR logger Model:229 - No pistons selected: Choose some pistons on the tank first.
09/15/2026 at 07:55:14 PM ERROR logger Model:229 - Not ready: The pistons must be homed before they can run. Press Start and it will do that first.
09/15/2026 at 07:55:14 PM ERROR logger Model:229 - Not ready: The pistons must be homed before they can run. Press Start and it will do that first.
09/15/2026 at 07:55:14 PM ERROR logger Model:229 - Nothing to prepare: Choose some pistons on the tank first.
09/15/2026 at 07:55:14 PM ERROR logger Model:229 - Not ready: The pistons must be homed before they can run. Press Start and it will do that first.
09/15/2026 at 07:55:14 PM ERROR logger Model:229 - No pistons selected: Choose some pistons on the tank first.
09/15/2026 at 07:55:14 PM ERROR logger Model:229 - No pistons selected: Choose some pistons on the tank first.
09/15/2026 at 07:55:14 PM ERROR logger Model:229 - Nothing to prepare: Choose some pistons on the tank first.
09/15/2026 at 07:55:14 PM WARNING logger Model:2052 - The curve command was sent, but no piston moved more than 0 mm.
09/15/2026 at 07:55:14 PM ERROR logger Model:229 - Nothing moved: The curve command was sent, but no piston moved more than 0 mm.

The command reached the controller, so this is not a connection problem. Likely causes:

  - the keyswitch on the front of the controller is at PROG, so the ladder is not scanning. Tags can still be read and written in that mode, which is why this looked like it connected. Turn it to RUN.
  - for a curve: no curve is loaded on the controller for the Curve ID you set, so there is nothing to run
  - the stroke is set so small there is nothing to see
09/15/2026 at 07:55:14 PM WARNING logger Model:2277 - Pistons did not all reach the resting position.
09/15/2026 at 07:55:14 PM ERROR logger Model:229 - Not ready: The pistons must be homed before they can run. Press Start and it will do that first.
09/15/2026 at 07:55:14 PM ERROR logger Model:229 - Nothing to prepare: Choose some pistons on the tank first.
09/15/2026 at 07:55:14 PM ERROR logger Model:229 - Not ready: The pistons must be homed before they can run. Press Start and it will do that first.
09/15/2026 at 07:55:14 PM ERROR logger Model:229 - Not ready: The pistons must be homed before they can run. Press Start and it will do that first.
09/15/2026 at 07:55:14 PM WARNING logger Model:2052 - The stroke command was sent, but no piston moved more than 0 mm.
09/15/2026 at 07:55:14 PM ERROR logger Model:229 - Nothing moved: The stroke command was sent, but no piston moved more than 0 mm.

The command reached the controller, so this is not a connection problem. Likely causes:

  - the keyswitch on the front of the controller is at PROG, so the ladder is not scanning. Tags can still be read and written in that mode, which is why this looked like it connected. Turn it to RUN.
  - for a curve: no curve is loaded on the controller for the Curve ID you set, so there is nothing to run
  - the stroke is set so small there is nothing to see
09/15/2026 at 07:55:14 PM WARNING logger Model:2052 - The stroke command was sent, but no piston moved more than 0 mm.
09/15/2026 at 07:55:14 PM ERROR logger Model:229 - Nothing moved: The stroke command was sent, but no piston moved more than 0 mm.

The command reached the controller, so this is not a connection problem. Likely causes:

  - the keyswitch on the front of the controller is at PROG, so the ladder is not scanning. Tags can still be read and written in that mode, which is why this looked like it connected. Turn it to RUN.
  - for a curve: no curve is loaded on the controller for the Curve ID you set, so there is nothing to run
  - the stroke is set so small there is nothing to see
09/15/2026 at 07:55:14 PM ERROR logger Model:229 - No pistons selected: Choose some pistons on the tank first.
09/15/2026 at 07:55:14 PM ERROR logger Model:229 - No pistons selected: Choose some pistons on the tank first.
09/15/2026 at 07:55:14 PM WARNING logger Model:2052 - The stroke command was sent, but no piston moved more than 0 mm.
09/15/2026 at 07:55:14 PM ERROR logger Model:229 - Nothing moved: The stroke command was sent, but no piston moved more than 0 mm.

The command reached the controller, so this is not a connection problem. Likely causes:

  - the keyswitch on the front of the controller is at PROG, so the ladder is not scanning. Tags can still be read and written in that mode, which is why this looked like it connected. Turn it to RUN.
  - for a curve: no curve is loaded on the controller for the Curve ID you set, so there is nothing to run
  - the stroke is set so small there is nothing to see
09/15/2026 at 07:55:14 PM WARNING logger Model:2052 - The curve command was sent, but no piston moved more than 0 mm.
09/15/2026 at 07:55:14 PM ERROR logger Model:229 - Nothing moved: The curve command was sent, but no piston moved more than 0 mm.

The command reached the controller, so this is not a connection problem. Likely causes:

  - the keyswitch on the front of the controller is at PROG, so the ladder is not scanning. Tags can still be read and written in that mode, which is why this looked like it connected. Turn it to RUN.
  - for a curve: no curve is loaded on the controller for the Curve ID you set, so there is nothing to run
  - the stroke is set so small there is nothing to see
09/15/2026 at 07:55:14 PM WARNING logger Model:647 - Ignored Run: a stop or resting move is still running.
09/15/2026 at 07:55:14 PM ERROR logger Model:229 - Not ready: The pistons must be homed before they can run. Press Start and it will do that first.
09/15/2026 at 07:55:14 PM ERROR logger Model:229 - Not ready: The pistons must be homed before they can run. Press Start and it will do that first.
09/15/2026 at 07:55:14 PM ERROR logger Model:229 - Nothing to prepare: Choose some pistons on the tank first.
09/15/2026 at 07:55:14 PM ERROR logger Model:229 - Nothing to prepare: Choose some pistons on the tank first.
09/15/2026 at 07:55:14 PM ERROR logger Model:229 - Nothing to prepare: Choose some pistons on the tank first.
09/15/2026 at 07:55:14 PM ERROR logger Model:229 - No pistons selected: Choose some pistons on the tank first.
09/15/2026 at 07:55:14 PM ERROR logger Model:229 - Not ready: The pistons must be homed before they can run. Press Start and it will do that first.
09/15/2026 at 07:55:14 PM ERROR logger Model:229 - Nothing to prepare: Choose some pistons on the tank first.
09/15/2026 at 07:55:14 PM ERROR logger Model:229 - Nothing to prepare: Choose some pistons on the tank first.
09/15/2026 at 07:55:14 PM ERROR logger Model:229 - Not ready: The pistons must be homed before they can run. Press Start and it will do that first.
09/15/2026 at 07:55:14 PM ERROR logger Model:229 - Nothing to prepare: Choose some pistons on the tank first.
09/15/2026 at 07:55:14 PM ERROR logger Model:229 - Not ready: The pistons must be homed before they can run. Press Start and it will do that first.
09/15/2026 at 07:55:14 PM ERROR logger Model:229 - No pistons selected: Choose some pistons on the tank first.
09/15/2026 at 07:55:14 PM ERROR logger Model:229 - Nothing to prepare: Choose some pistons on the tank first.
09/15/2026 at 07:55:14 PM WARNING logger Model:2052 - The curve command was sent, but no piston moved more than 0 mm.
09/15/2026 at 07:55:14 PM ERROR logger Model:229 - Nothing moved: The curve command was sent, but no piston moved more than 0 mm.

The command reached the controller, so this is not a connection problem. Likely causes:

  - the keyswitch on the front of the controller is at PROG, so the ladder is not scanning. Tags can still be read and written in that mode, which is why this looked like it connected. Turn it to RUN.
  - for a curve: no curve is loaded on the controller for the Curve ID you set, so there is nothing to run
  - the stroke is set so small there is nothing to see
09/15/2026 at 07:55:14 PM ERROR logger Model:229 - No pistons selected: Choose some pistons on the tank first.
09/15/2026 at 07:55:14 PM WARNING logger Model:2052 - The stroke command was sent, but no piston moved more than 0 mm.
09/15/2026 at 07:55:14 PM ERROR logger Model:229 - Nothing moved: The stroke command was sent, but no piston moved more than 0 mm.

The command reached the controller, so this is not a connection problem. Likely causes:

  - the keyswitch on the front of the controller is at PROG, so the ladder is not scanning. Tags can still be read and written in that mode, which is why this looked like it connected. Turn it to RUN.
  - for a curve: no curve is loaded on the controller for the Curve ID you set, so there is nothing to run
  - the stroke is set so small there is nothing to see
09/15/2026 at 07:55:14 PM WARNING logger Model:2277 - Pistons did not all reach the resting position.
09/15/2026 at 07:55:14 PM WARNING logger Model:2277 - Pistons did not all reach the resting position.
09/15/2026 at 07:55:14 PM ERROR logger Model:229 - Not ready: The pistons must be homed before they can run. Press Start and it will do that first.
09/15/2026 at 07:55:14 PM WARNING logger Model:2277 - Pistons did not all reach the resting position.
09/15/2026 at 07:55:14 PM WARNING logger Model:2052 - The stroke command was sent, but no piston moved more than 0 mm.
09/15/2026 at 07:55:14 PM ERROR logger Model:229 - Nothing moved: The stroke command was sent, but no piston moved more than 0 mm.

The command reached the controller, so this is not a connection problem. Likely causes:

  - the keyswitch on the front of the controller is at PROG, so the ladder is not scanning. Tags can still be read and written in that mode, which is why this looked like it connected. Turn it to RUN.
  - for a curve: no curve is loaded on the controller for the Curve ID you set, so there is nothing to run
  - the stroke is set so small there is nothing to see
09/15/2026 at 07:55:14 PM WARNING logger Model:2277 - Pistons did not all reach the resting position.
09/15/2026 at 07:55:14 PM ERROR logger Model:229 - Not ready: The pistons must be homed before they can run. Press Start and it will do that first.
09/15/2026 at 07:55:14 PM ERROR logger Model:229 - Not ready: The pistons must be homed before they can run. Press Start and it will do that first.
09/15/2026 at 07:55:14 PM ERROR logger Model:229 - Not ready: The pistons must be homed before they can run. Press Start and it will do that first.
09/15/2026 at 07:55:14 PM ERROR logger Model:229 - Not ready: The pistons must be homed before they can run. Press Start and it will do that first.
09/15/2026 at 07:55:14 PM WARNING logger Model:647 - Ignored Calibrate: a stop or resting move is still running.
09/15/2026 at 07:55:14 PM WARNING logger Model:647 - Ignored Calibrate: a stop or resting move is still running.
09/15/2026 at 07:55:14 PM ERROR logger Model:229 - No pistons selected: Choose some pistons on the tank first.
09/15/2026 at 07:55:14 PM ERROR logger Model:229 - Not ready: The pistons must be homed before they can run. Press Start and it will do that first.
09/15/2026 at 07:55:14 PM WARNING logger Model:2052 - The stroke command was sent, but no piston moved more than 0 mm.
09/15/2026 at 07:55:14 PM ERROR logger Model:229 - Nothing moved: The stroke command was sent, but no piston moved more than 0 mm.

The command reached the controller, so this is not a connection problem. Likely causes:

  - the keyswitch on the front of the controller is at PROG, so the ladder is not scanning. Tags can still be read and written in that mode, which is why this looked like it connected. Turn it to RUN.
  - for a curve: no curve is loaded on the controller for the Curve ID you set, so there is nothing to run
  - the stroke is set so small there is nothing to see
09/15/2026 at 07:55:14 PM ERROR logger Model:229 - Not ready: The pistons must be homed before they can run. Press Start and it will do that first.
09/15/2026 at 07:55:14 PM WARNING logger Model:2052 - The curve command was sent, but no piston moved more than 0 mm.
09/15/2026 at 07:55:14 PM ERROR logger Model:229 - Nothing moved: The curve command was sent, but no piston moved more than 0 mm.

The command reached the controller, so this is not a connection problem. Likely causes:

  - the keyswitch on the front of the controller is at PROG, so the ladder is not scanning. Tags can still be read and written in that mode, which is why this looked like it connected. Turn it to RUN.
  - for a curve: no curve is loaded on the controller for the Curve ID you set, so there is nothing to run
  - the stroke is set so small there is nothing to see
09/15/2026 at 07:55:14 PM ERROR logger Model:229 - Nothing to prepare: Choose some pistons on the tank first.
09/15/2026 at 07:55:14 PM ERROR logger Model:229 - No pistons selected: Choose some pistons on the tank first.
09/15/2026 at 07:55:14 PM ERROR logger Model:229 - No pistons selected: Choose some pistons on the tank first.
09/15/2026 at 07:55:14 PM ERROR logger Model:229 - Not ready: The pistons must be homed before they can run. Press Start and it will do that first.
09/15/2026 at 07:55:14 PM ERROR logger Model:229 - Not ready: The pistons must be homed before they can run. Press Start and it will do that first.
09/15/2026 at 07:55:14 PM ERROR logger Model:229 - Not ready: The pistons must be homed before they can run. Press Start and it will do that first.
09/15/2026 at 07:55:14 PM ERROR logger Model:229 - No pistons selected: Choose some pistons on the tank first.
09/15/2026 at 07:55:14 PM ERROR logger Model:229 - No pistons selected: Choose some pistons on the tank first.
09/15/2026 at 07:55:14 PM ERROR logger Model:229 - Not ready: The pistons must be homed before they can run. Press Start and it will do that first.
09/15/2026 at 07:55:14 PM ERROR logger Model:229 - No pistons selected: Choose some pistons on the tank first.
09/15/2026 at 07:55:14 PM WARNING logger Model:2052 - The stroke command was sent, but no piston moved more than 0 mm.
09/15/2026 at 07:55:14 PM ERROR logger Model:229 - Nothing moved: The stroke command was sent, but no piston moved more than 0 mm.

The command reached the controller, so this is not a connection problem. Likely causes:

  - the keyswitch on the front of the controller is at PROG, so the ladder is not scanning. Tags can still be read and written in that mode, which is why this looked like it connected. Turn it to RUN.
  - for a curve: no curve is loaded on the controller for the Curve ID you set, so there is nothing to run
  - the stroke is set so small there is nothing to see
09/15/2026 at 07:55:14 PM WARNING logger Model:2052 - The curve command was sent, but no piston moved more than 0 mm.
09/15/2026 at 07:55:14 PM ERROR logger Model:229 - Nothing moved: The curve command was sent, but no piston moved more than 0 mm.

The command reached the controller, so this is not a connection problem. Likely causes:

  - the keyswitch on the front of the controller is at PROG, so the ladder is not scanning. Tags can still be read and written in that mode, which is why this looked like it connected. Turn it to RUN.
  - for a curve: no curve is loaded on the controller for the Curve ID you set, so there is nothing to run
  - the stroke is set so small there is nothing to see
09/15/2026 at 07:55:14 PM WARNING logger Model:2277 - Pistons did not all reach the resting position.
09/15/2026 at 07:55:14 PM WARNING logger Model:2052 - The curve command was sent, but no piston moved more than 0 mm.
09/15/2026 at 07:55:14 PM ERROR logger Model:229 - Nothing moved: The curve command was sent, but no piston moved more than 0 mm.

The command reached the controller, so this is not a connection problem. Likely causes:

  - the keyswitch on the front of the controller is at PROG, so the ladder is not scanning. Tags can still be read and written in that mode, which is why this looked like it connected. Turn it to RUN.
  - for a curve: no curve is loaded on the controller for the Curve ID you set, so there is nothing to run
  - the stroke is set so small there is nothing to see
09/15/2026 at 07:55:14 PM WARNING logger Model:2277 - Pistons did not all reach the resting position.
09/15/2026 at 07:55:14 PM WARNING logger Model:2052 - The curve command was sent, but no piston moved more than 0 mm.
09/15/2026 at 07:55:14 PM ERROR logger Model:229 - Nothing moved: The curve command was sent, but no piston moved more than 0 mm.

The command reached the controller, so this is not a connection problem. Likely causes:

  - the keyswitch on the front of the controller is at PROG, so the ladder is not scanning. Tags can still be read and written in that mode, which is why this looked like it connected. Turn it to RUN.
  - for a curve: no curve is loaded on the controller for the Curve ID you set, so there is nothing to run
  - the stroke is set so small there is nothing to see
09/15/2026 at 07:55:14 PM ERROR logger Model:229 - No pistons selected: Choose some pistons on the tank first.
09/15/2026 at 07:55:14 PM ERROR logger Model:229 - Nothing to prepare: Choose some pistons on the tank first.
09/15/2026 at 07:55:14 PM ERROR logger Model:229 - Not ready: The pistons must be homed before they can run. Press Start and it will do that first.
09/15/2026 at 07:55:14 PM ERROR logger Model:229 - Not ready: The pistons must be homed before they can run. Press Start and it will do that first.
09/15/2026 at 07:55:14 PM ERROR logger Model:229 - Nothing to prepare: Choose some pistons on the tank first.
09/15/2026 at 07:55:14 PM ERROR logger Model:229 - Not ready: The pistons must be homed before they can run. Press Start and it will do that first.
09/15/2026 at 07:55:14 PM ERROR logger Model:229 - No pistons selected: Choose some pistons on the tank first.
09/15/2026 at 07:55:14 PM ERROR logger Model:229 - Not ready: The pistons must be homed before they can run. Press Start and it will do that first.
09/15/2026 at 07:55:14 PM ERROR logger Model:229 - Not ready: The pistons must be homed before they can run. Press Start and it will do that first.
09/15/2026 at 07:55:14 PM WARNING logger Model:2052 - The stroke command was sent, but no piston moved more than 0 mm.
09/15/2026 at 07:55:14 PM ERROR logger Model:229 - Nothing moved: The stroke command was sent, but no piston moved more than 0 mm.

The command reached the controller, so this is not a connection problem. Likely causes:

  - the keyswitch on the front of the controller is at PROG, so the ladder is not scanning. Tags can still be read and written in that mode, which is why this looked like it connected. Turn it to RUN.
  - for a curve: no curve is loaded on the controller for the Curve ID you set, so there is nothing to run
  - the stroke is set so small there is nothing to see
09/15/2026 at 07:55:14 PM WARNING logger Model:2277 - Pistons did not all reach the resting position.
09/15/2026 at 07:55:14 PM ERROR logger Model:229 - Not ready: The pistons must be homed before they can run. Press Start and it will do that first.
09/15/2026 at 07:55:14 PM ERROR logger Model:229 - Nothing to prepare: Choose some pistons on the tank first.
09/15/2026 at 07:55:14 PM ERROR logger Model:229 - Nothing to prepare: Choose some pistons on the tank first.
09/15/2026 at 07:55:14 PM ERROR logger Model:229 - Nothing to prepare: Choose some pistons on the tank first.
09/15/2026 at 07:55:14 PM ERROR logger Model:229 - Not ready: The pistons must be homed before they can run. Press Start and it will do that first.
09/15/2026 at 07:55:14 PM ERROR logger Model:229 - Not ready: The pistons must be homed before they can run. Press Start and it will do that first.
09/15/2026 at 07:55:14 PM WARNING logger Model:647 - Ignored Prepare: a stop or resting move is still running.
09/15/2026 at 07:55:14 PM ERROR logger Model:229 - Nothing to prepare: Choose some pistons on the tank first.
09/15/2026 at 07:55:14 PM ERROR logger Model:229 - Not ready: The pistons must be homed before they can run. Press Start and it will do that first.
09/15/2026 at 07:55:14 PM ERROR logger Model:229 - No pistons selected: Choose some pistons on the tank first.
09/15/2026 at 07:55:14 PM ERROR logger Model:229 - Not ready: The pistons must be homed before they can run. Press Start and it will do that first.
09/15/2026 at 07:55:14 PM ERROR logger Model:229 - Not ready: The pistons must be homed before they can run. Press Start and it will do that first.
09/15/2026 at 07:55:14 PM ERROR logger Model:229 - Not ready: The pistons must be homed before they can run. Press Start and it will do that first.
09/15/2026 at 07:55:14 PM WARNING logger Model:647 - Ignored Run: a stop or resting move is still running.
09/15/2026 at 07:55:14 PM WARNING logger Model:2277 - Pistons did not all reach the resting position.
09/15/2026 at 07:55:14 PM ERROR logger Model:229 - Not ready: The pistons must be homed before they can run. Press Start and it will do that first.
09/15/2026 at 07:55:14 PM ERROR logger Model:229 - No pistons selected: Choose some pistons on the tank first.
09/15/2026 at 07:55:14 PM WARNING logger Model:2052 - The curve command was sent, but no piston moved more than 0 mm.
09/15/2026 at 07:55:14 PM ERROR logger Model:229 - Nothing moved: The curve command was sent, but no piston moved more than 0 mm.

The command reached the controller, so this is not a connection problem. Likely causes:

  - the keyswitch on the front of the controller is at PROG, so the ladder is not scanning. Tags can still be read and written in that mode, which is why this looked like it connected. Turn it to RUN.
  - for a curve: no curve is loaded on the controller for the Curve ID you set, so there is nothing to run
  - the stroke is set so small there is nothing to see
09/15/2026 at 07:55:14 PM WARNING logger Model:2277 - Pistons did not all reach the resting position.
09/15/2026 at 07:55:14 PM WARNING logger Model:2277 - Pistons did not all reach the resting position.
09/15/2026 at 07:55:14 PM WARNING logger Model:2052 - The curve command was sent, but no piston moved more than 0 mm.
09/15/2026 at 07:55:14 PM ERROR logger Model:229 - Nothing moved: The curve command was sent, but no piston moved more than 0 mm.

The command reached the controller, so this is not a connection problem. Likely causes:

  - the keyswitch on the front of the controller is at PROG, so the ladder is not scanning. Tags can still be read and written in that mode, which is why this looked like it connected. Turn it to RUN.
  - for a curve: no curve is loaded on the controller for the Curve ID you set, so there is nothing to run
  - the stroke is set so small there is nothing to see
09/15/2026 at 07:55:14 PM WARNING logger Model:2277 - Pistons did not all reach the resting position.
09/15/2026 at 07:55:14 PM WARNING logger Model:647 - Ignored Calibrate: a stop or resting move is still running.
09/15/2026 at 07:55:14 PM ERROR logger Model:229 - Nothing to prepare: Choose some pistons on the tank first.
09/15/2026 at 07:55:14 PM WARNING logger Model:2052 - The curve command was sent, but no piston moved more than 0 mm.
09/15/2026 at 07:55:14 PM ERROR logger Model:229 - Nothing moved: The curve command was sent, but no piston moved more than 0 mm.

The command reached the controller, so this is not a connection problem. Likely causes:

  - the keyswitch on the front of the controller is at PROG, so the ladder is not scanning. Tags can still be read and written in that mode, which is why this looked like it connected. Turn it to RUN.
  - for a curve: no curve is loaded on the controller for the Curve ID you set, so there is nothing to run
  - the stroke is set so small there is nothing to see
09/15/2026 at 07:55:14 PM ERROR logger Model:229 - Nothing to prepare: Choose some pistons on the tank first.
09/15/2026 at 07:55:14 PM ERROR logger Model:229 - No pistons selected: Choose some pistons on the tank first.
09/15/2026 at 07:55:14 PM ERROR logger Model:229 - Not ready: The pistons must be homed before they can run. Press Start and it will do that first.
09/15/2026 at 07:55:14 PM WARNING logger Model:2052 - The stroke command was sent, but no piston moved more than 0 mm.
09/15/2026 at 07:55:14 PM ERROR logger Model:229 - Nothing moved: The stroke command was sent, but no piston moved more than 0 mm.

The command reached the controller, so this is not a connection problem. Likely causes:

  - the keyswitch on the front of the controller is at PROG, so the ladder is not scanning. Tags can still be read and written in that mode, which is why this looked like it connected. Turn it to RUN.
  - for a curve: no curve is loaded on the controller for the Curve ID you set, so there is nothing to run
  - the stroke is set so small there is nothing to see
09/15/2026 at 07:55:14 PM ERROR logger Model:229 - Not ready: The pistons must be homed before they can run. Press Start and it will do that first.
09/15/2026 at 07:55:14 PM WARNING logger Model:2052 - The curve command was sent, but no piston moved more than 0 mm.
09/15/2026 at 07:55:14 PM ERROR logger Model:229 - Nothing moved: The curve command was sent, but no piston moved more than 0 mm.

The command reached the controller, so this is not a connection problem. Likely causes:

  - the keyswitch on the front of the controller is at PROG, so the ladder is not scanning. Tags can still be read and written in that mode, which is why this looked like it connected. Turn it to RUN.
  - for a curve: no curve is loaded on the controller for the Curve ID you set, so there is nothing to run
  - the stroke is set so small there is nothing to see
09/15/2026 at 07:55:14 PM ERROR logger Model:229 - Not ready: The pistons must be homed before they can run. Press Start and it will do that first.
09/15/2026 at 07:55:14 PM WARNING logger Model:2052 - The stroke command was sent, but no piston moved more than 0 mm.
09/15/2026 at 07:55:14 PM ERROR logger Model:229 - Nothing moved: The stroke command was sent, but no piston moved more than 0 mm.

The command reached the controller, so this is not a connection problem. Likely causes:

  - the keyswitch on the front of the controller is at PROG, so the ladder is not scanning. Tags can still be read and written in that mode, which is why this looked like it connected. Turn it to RUN.
  - for a curve: no curve is loaded on the controller for the Curve ID you set, so there is nothing to run
  - the stroke is set so small there is nothing to see
09/15/2026 at 07:55:14 PM ERROR logger Model:229 - No pistons selected: Choose some pistons on the tank first.
09/15/2026 at 07:55:14 PM ERROR logger Model:229 - Not ready: The pistons must be homed before they can run. Press Start and it will do that first.
09/15/2026 at 07:55:14 PM ERROR logger Model:229 - Nothing to prepare: Choose some pistons on the tank first.
09/15/2026 at 07:55:14 PM ERROR logger Model:229 - Not ready: The pistons must be homed before they can run. Press Start and it will do that first.
09/15/2026 at 07:55:14 PM ERROR logger Model:229 - Not ready: The pistons must be homed before they can run. Press Start and it will do that first.
09/15/2026 at 07:55:14 PM ERROR logger Model:229 - No pistons selected: Choose some pistons on the tank first.
09/15/2026 at 07:55:14 PM ERROR logger Model:229 - Not ready: The pistons must be homed before they can run. Press Start and it will do that first.
09/15/2026 at 07:55:14 PM ERROR logger Model:229 - Not ready: The pistons must be homed before they can run. Press Start and it will do that first.
09/15/2026 at 07:55:14 PM WARNING logger Model:2052 - The curve command was sent, but no piston moved more than 0 mm.
09/15/2026 at 07:55:14 PM ERROR logger Model:229 - Nothing moved: The curve command was sent, but no piston moved more than 0 mm.

The command reached the controller, so this is not a connection problem. Likely causes:

  - the keyswitch on the front of the controller is at PROG, so the ladder is not scanning. Tags can still be read and written in that mode, which is why this looked like it connected. Turn it to RUN.
  - for a curve: no curve is loaded on the controller for the Curve ID you set, so there is nothing to run
  - the stroke is set so small there is nothing to see
09/15/2026 at 07:55:14 PM ERROR logger Model:229 - Not ready: The pistons must be homed before they can run. Press Start and it will do that first.
09/15/2026 at 07:55:14 PM ERROR logger Model:229 - Not ready: The pistons must be homed before they can run. Press Start and it will do that first.
09/15/2026 at 07:55:14 PM ERROR logger Model:229 - Nothing to prepare: Choose some pistons on the tank first.
09/15/2026 at 07:55:14 PM ERROR logger Model:229 - Not ready: The pistons must be homed before they can run. Press Start and it will do that first.
09/15/2026 at 07:55:14 PM ERROR logger Model:229 - No pistons selected: Choose some pistons on the tank first.
09/15/2026 at 07:55:14 PM ERROR logger Model:229 - No pistons selected: Choose some pistons on the tank first.
09/15/2026 at 07:55:14 PM ERROR logger Model:229 - Not ready: The pistons must be homed before they can run. Press Start and it will do that first.
09/15/2026 at 07:55:14 PM ERROR logger Model:229 - Not ready: The pistons must be homed before they can run. Press Start and it will do that first.
09/15/2026 at 07:55:14 PM ERROR logger Model:229 - Not ready: The pistons must be homed before they can run. Press Start and it will do that first.
09/15/2026 at 07:55:14 PM ERROR logger Model:229 - No pistons selected: Choose some pistons on the tank first.
09/15/2026 at 07:55:14 PM WARNING logger Model:2052 - The curve command was sent, but no piston moved more than 0 mm.
09/15/2026 at 07:55:14 PM ERROR logger Model:229 - Nothing moved: The curve command was sent, but no piston moved more than 0 mm.

The command reached the controller, so this is not a connection problem. Likely causes:

  - the keyswitch on the front of the controller is at PROG, so the ladder is not scanning. Tags can still be read and written in that mode, which is why this looked like it connected. Turn it to RUN.
  - for a curve: no curve is loaded on the controller for the Curve ID you set, so there is nothing to run
  - the stroke is set so small there is nothing to see
09/15/2026 at 07:55:14 PM ERROR logger Model:229 - Not ready: The pistons must be homed before they can run. Press Start and it will do that first.
09/15/2026 at 07:55:14 PM ERROR logger Model:229 - Nothing to prepare: Choose some pistons on the tank first.
09/15/2026 at 07:55:14 PM ERROR logger Model:229 - No pistons selected: Choose some pistons on the tank first.
09/15/2026 at 07:55:14 PM ERROR logger Model:229 - Not ready: The pistons must be homed before they can run. Press Start and it will do that first.
09/15/2026 at 07:55:14 PM ERROR logger Model:229 - No pistons selected: Choose some pistons on the tank first.
09/15/2026 at 07:55:14 PM ERROR logger Model:229 - Not ready: The pistons must be homed before they can run. Press Start and it will do that first.
09/15/2026 at 07:55:14 PM ERROR logger Model:229 - Not ready: The pistons must be homed before they can run. Press Start and it will do that first.
09/15/2026 at 07:55:14 PM ERROR logger Model:229 - No pistons selected: Choose some pistons on the tank first.
09/15/2026 at 07:55:14 PM ERROR logger Model:229 - Not ready: The pistons must be homed before they can run. Press Start and it will do that first.
09/15/2026 at 07:55:14 PM ERROR logger Model:229 - No pistons selected: Choose some pistons on the tank first.
09/15/2026 at 07:55:14 PM ERROR logger Model:229 - No pistons selected: Choose some pistons on the tank first.
09/15/2026 at 07:55:14 PM ERROR logger Model:229 - No pistons selected: Choose some pistons on the tank first.
09/15/2026 at 07:55:14 PM ERROR logger Model:229 - Not ready: The pistons must be homed before they can run. Press Start and it will do that first.
09/15/2026 at 07:55:14 PM ERROR logger Model:229 - No pistons selected: Choose some pistons on the tank first.
09/15/2026 at 07:55:14 PM ERROR logger Model:229 - Not ready: The pistons must be homed before they can run. Press Start and it will do that first.
09/15/2026 at 07:55:14 PM ERROR logger Model:229 - Nothing to prepare: Choose some pistons on the tank first.
09/15/2026 at 07:55:14 PM ERROR logger Model:229 - Nothing to prepare: Choose some pistons on the tank first.
09/15/2026 at 07:55:14 PM ERROR logger Model:229 - Not ready: The pistons must be homed before they can run. Press Start and it will do that first.
09/15/2026 at 07:55:14 PM ERROR logger Model:229 - Not ready: The pistons must be homed before they can run. Press Start and it will do that first.
09/15/2026 at 07:55:14 PM ERROR logger Model:229 - Nothing to prepare: Choose some pistons on the tank first.
09/15/2026 at 07:55:14 PM ERROR logger Model:229 - Not ready: The pistons must be homed before they can run. Press Start and it will do that first.
09/15/2026 at 07:55:14 PM ERROR logger Model:229 - Nothing to prepare: Choose some pistons on the tank first.
09/15/2026 at 07:55:14 PM ERROR logger Model:229 - Not ready: The pistons must be homed before they can run. Press Start and it will do that first.
09/15/2026 at 07:55:14 PM ERROR logger Model:229 - Nothing to prepare: Choose some pistons on the tank first.
09/15/2026 at 07:55:14 PM ERROR logger Model:229 - Nothing to prepare: Choose some pistons on the tank first.
09/15/2026 at 07:55:14 PM ERROR logger Model:229 - Nothing to prepare: Choose some pistons on the tank first.
09/15/2026 at 07:55:14 PM ERROR logger Model:229 - Nothing to prepare: Choose some pistons on the tank first.
09/15/2026 at 07:55:14 PM ERROR logger Model:229 - Not ready: The pistons must be homed before they can run. Press Start and it will do that first.
09/15/2026 at 07:55:14 PM WARNING logger Model:2052 - The curve command was sent, but no piston moved more than 0 mm.
09/15/2026 at 07:55:14 PM ERROR logger Model:229 - Nothing moved: The curve command was sent, but no piston moved more than 0 mm.

The command reached the controller, so this is not a connection problem. Likely causes:

  - the keyswitch on the front of the controller is at PROG, so the ladder is not scanning. Tags can still be read and written in that mode, which is why this looked like it connected. Turn it to RUN.
  - for a curve: no curve is loaded on the controller for the Curve ID you set, so there is nothing to run
  - the stroke is set so small there is nothing to see
09/15/2026 at 07:55:14 PM WARNING logger Model:2277 - Pistons did not all reach the resting position.
09/15/2026 at 07:55:14 PM ERROR logger Model:229 - Not ready: The pistons must be homed before they can run. Press Start and it will do that first.
09/15/2026 at 07:55:14 PM WARNING logger Model:2052 - The curve command was sent, but no piston moved more than 0 mm.
09/15/2026 at 07:55:14 PM ERROR logger Model:229 - Nothing moved: The curve command was sent, but no piston moved more than 0 mm.

The command reached the controller, so this is not a connection problem. Likely causes:

  - the keyswitch on the front of the controller is at PROG, so the ladder is not scanning. Tags can still be read and written in that mode, which is why this looked like it connected. Turn it to RUN.
  - for a curve: no curve is loaded on the controller for the Curve ID you set, so there is nothing to run
  - the stroke is set so small there is nothing to see
09/15/2026 at 07:55:14 PM WARNING logger Model:647 - Ignored Prepare: a stop or resting move is still running.
09/15/2026 at 07:55:14 PM ERROR logger Model:229 - Not ready: The pistons must be homed before they can run. Press Start and it will do that first.
09/15/2026 at 07:55:14 PM ERROR logger Model:229 - Not ready: The pistons must be homed before they can run. Press Start and it will do that first.
09/15/2026 at 07:55:14 PM ERROR logger Model:229 - No pistons selected: Choose some pistons on the tank first.
09/15/2026 at 07:55:14 PM ERROR logger Model:229 - Not ready: The pistons must be homed before they can run. Press Start and it will do that first.
09/15/2026 at 07:55:14 PM ERROR logger Model:229 - Nothing to prepare: Choose some pistons on the tank first.
09/15/2026 at 07:55:14 PM ERROR logger Model:229 - Nothing to prepare: Choose some pistons on the tank first.
09/15/2026 at 07:55:14 PM ERROR logger Model:229 - Not ready: The pistons must be homed before they can run. Press Start and it will do that first.
09/15/2026 at 07:55:14 PM ERROR logger Model:229 - Nothing to prepare: Choose some pistons on the tank first.
09/15/2026 at 07:55:14 PM ERROR logger Model:229 - No pistons selected: Choose some pistons on the tank first.
09/15/2026 at 07:55:14 PM ERROR logger Model:229 - Nothing to prepare: Choose some pistons on the tank first.
09/15/2026 at 07:55:14 PM ERROR logger Model:229 - No pistons selected: Choose some pistons on the tank first.
09/15/2026 at 07:55:14 PM ERROR logger Model:229 - No pistons selected: Choose some pistons on the tank first.
09/15/2026 at 07:55:14 PM ERROR logger Model:229 - Nothing to prepare: Choose some pistons on the tank first.
09/15/2026 at 07:55:14 PM ERROR logger Model:229 - Not ready: The pistons must be homed before they can run. Press Start and it will do that first.
09/15/2026 at 07:55:14 PM ERROR logger Model:229 - Not ready: The pistons must be homed before they can run. Press Start and it will do that first.
09/15/2026 at 07:55:14 PM ERROR logger Model:229 - No pistons selected: Choose some pistons on the tank first.
09/15/2026 at 07:55:14 PM ERROR logger Model:229 - Not ready: The pistons must be homed before they can run. Press Start and it will do that first.
09/15/2026 at 07:55:14 PM WARNING logger Model:2052 - The curve command was sent, but no piston moved more than 0 mm.
09/15/2026 at 07:55:14 PM ERROR logger Model:229 - Nothing moved: The curve command was sent, but no piston moved more than 0 mm.

The command reached the controller, so this is not a connection problem. Likely causes:

  - the keyswitch on the front of the controller is at PROG, so the ladder is not scanning. Tags can still be read and written in that mode, which is why this looked like it connected. Turn it to RUN.
  - for a curve: no curve is loaded on the controller for the Curve ID you set, so there is nothing to run
  - the stroke is set so small there is nothing to see
09/15/2026 at 07:55:16 PM WARNING logger Model:2052 - The stroke command was sent, but no piston moved more than 0 mm.
09/15/2026 at 07:55:16 PM ERROR logger Model:229 - Nothing moved: The stroke command was sent, but no piston moved more than 0 mm.

The command reached the controller, so this is not a connection problem. Likely causes:

  - the keyswitch on the front of the controller is at PROG, so the ladder is not scanning. Tags can still be read and written in that mode, which is why this looked like it connected. Turn it to RUN.
  - for a curve: no curve is loaded on the controller for the Curve ID you set, so there is nothing to run
  - the stroke is set so small there is nothing to see
09/15/2026 at 07:55:16 PM WARNING logger Model:650 - Ignored Start: Movement test is still running.
09/15/2026 at 07:55:17 PM WARNING logger Model:2277 - Pistons did not all reach the resting position.
09/15/2026 at 07:55:17 PM WARNING logger Model:1821 - Staging did not complete within 0.2 seconds; running unstaggered.
09/15/2026 at 07:55:17 PM ERROR logger test_error_log:60 - Piston 7 stuck: drive fault 0x40b7
09/15/2026 at 07:55:17 PM ERROR logger test_error_log:73 - Homing failed
Traceback (most recent call last):
  File "C:\Users\ahito\wavemaker-f25\tests\test_error_log.py", line 71, in test_exception_includes_the_traceback
    raise ValueError("bad home offset")
ValueError: bad home offset
09/15/2026 at 07:55:17 PM WARNING logger test_error_log:99 - Position 2 out of range
09/15/2026 at 07:55:17 PM ERROR logger test_error_log:118 - Piston 7 stuck
09/15/2026 at 07:55:17 PM ERROR logger test_error_log:135 - first fault
09/15/2026 at 07:55:17 PM ERROR logger Model:229 - Live speed change failed: The speed was updated on pistons , then stopped at piston 30: offline.
09/15/2026 at 07:55:17 PM ERROR logger Model:229 - Staging failed: Piston 30: restore failed
09/15/2026 at 07:55:18 PM ERROR logger Model:229 - Movement test cleanup failed: Could not clear movement-test run bit: clear failed
09/15/2026 at 07:55:18 PM WARNING logger Model:1821 - Staging did not complete within 0 seconds; running unstaggered.
09/15/2026 at 07:55:18 PM ERROR logger Model:229 - Movement test cleanup failed: Could not restore Program:Wave_Control.Live_Motors.1: selection restore failed
09/15/2026 at 07:55:18 PM ERROR logger Model:229 - Staging failed: Could not clear staging run bit: stop failed
09/15/2026 at 07:55:18 PM CRITICAL logger Model:2187 - STOP FAILED: Program:Wave_Control.Run_1: first stop failed
09/15/2026 at 07:55:18 PM ERROR logger Model:229 - Stop failed: The machine did not acknowledge the stop command:
Program:Wave_Control.Run_1: first stop failed

Use the physical stop and check the connection.
09/15/2026 at 07:55:18 PM WARNING logger Model:647 - Ignored Calibrate: a stop or resting move is still running.
09/15/2026 at 07:55:20 PM WARNING logger Model:2277 - Pistons did not all reach the resting position.
09/15/2026 at 07:55:24 PM WARNING logger Model:2277 - Pistons did not all reach the resting position.
09/15/2026 at 07:55:30 PM WARNING logger Model:2277 - Pistons did not all reach the resting position.
09/15/2026 at 07:55:33 PM WARNING logger Model:2277 - Pistons did not all reach the resting position.
09/15/2026 at 07:55:35 PM CRITICAL logger Model:2187 - STOP FAILED: Program:Wave_Control.Run_1: network unplugged; Program:Wave_Control.Run_2: network unplugged; Program:Wave_Control.Run_Curve: network unplugged
09/15/2026 at 07:55:35 PM ERROR logger Model:229 - Stop failed: The machine did not acknowledge the stop command:
Program:Wave_Control.Run_1: network unplugged; Program:Wave_Control.Run_2: network unplugged; Program:Wave_Control.Run_Curve: network unplugged

Use the physical stop and check the connection.
09/15/2026 at 07:55:35 PM ERROR logger Model:229 - Not ready: The pistons must be homed before they can run. Press Start and it will do that first.
09/15/2026 at 07:55:35 PM ERROR logger Model:229 - Check the parameters: Group 1: Position 1 must be at most 370 (got 5,000)
09/15/2026 at 07:55:35 PM WARNING logger Model:650 - Ignored Prepare: None is still running.
09/15/2026 at 07:55:41 PM WARNING logger Model:2052 - The stroke command was sent, but no piston moved more than 0 mm.
09/15/2026 at 07:55:41 PM ERROR logger Model:229 - Nothing moved: The stroke command was sent, but no piston moved more than 0 mm.

The command reached the controller, so this is not a connection problem. Likely causes:

  - the keyswitch on the front of the controller is at PROG, so the ladder is not scanning. Tags can still be read and written in that mode, which is why this looked like it connected. Turn it to RUN.
  - for a curve: no curve is loaded on the controller for the Curve ID you set, so there is nothing to run
  - the stroke is set so small there is nothing to see
09/15/2026 at 07:55:44 PM WARNING logger Model:2277 - Pistons did not all reach the resting position.
09/15/2026 at 07:55:44 PM ERROR logger Model:229 - Live speed change failed: The speed was updated on pistons 30, then stopped at piston 30: the machine is stopping.
09/15/2026 at 07:55:45 PM WARNING logger Model:647 - Ignored Calibrate: a stop or resting move is still running.
09/15/2026 at 07:55:45 PM WARNING logger Model:2582 - Axis 0 reports position 0, which looks like millimetres rather than drive counts. If the controller now publishes millimetres, set POSITION_COUNTS_PER_MM to 1 in app/params.py.
09/15/2026 at 07:55:45 PM WARNING logger Model:2277 - Pistons did not all reach the resting position.
09/15/2026 at 07:55:45 PM WARNING logger Model:647 - Ignored Calibrate: a stop or resting move is still running.
09/15/2026 at 07:55:45 PM ERROR logger Model:229 - Not ready: The pistons must be homed before they can run. Press Start and it will do that first.
09/15/2026 at 07:55:45 PM WARNING logger Model:647 - Ignored Run: a stop or resting move is still running.
09/15/2026 at 07:55:45 PM ERROR logger Model:229 - Not ready: The pistons must be homed before they can run. Press Start and it will do that first.
09/15/2026 at 07:55:45 PM WARNING logger Model:647 - Ignored Run: a stop or resting move is still running.
09/15/2026 at 07:55:45 PM ERROR logger Model:229 - Not ready: The pistons must be homed before they can run. Press Start and it will do that first.
09/15/2026 at 07:55:45 PM WARNING logger Model:647 - Ignored Run: a stop or resting move is still running.
09/15/2026 at 07:55:45 PM WARNING logger Model:2514 - Piston 30 covered only 0 mm of its 350 mm stroke over the last 3 seconds. It may be dragging or stuck.
09/15/2026 at 07:55:45 PM WARNING logger Model:2514 - Piston 29 covered only 0 mm of its 350 mm stroke over the last 3 seconds. It may be dragging or stuck.
09/15/2026 at 07:55:45 PM WARNING logger Model:2514 - Piston 28 covered only 0 mm of its 350 mm stroke over the last 3 seconds. It may be dragging or stuck.
09/15/2026 at 07:55:45 PM WARNING logger Model:2514 - Piston 27 covered only 0 mm of its 350 mm stroke over the last 3 seconds. It may be dragging or stuck.
09/15/2026 at 07:55:45 PM WARNING logger Model:2514 - Piston 26 covered only 0 mm of its 350 mm stroke over the last 3 seconds. It may be dragging or stuck.
09/15/2026 at 07:55:45 PM WARNING logger Model:2514 - Piston 25 covered only 0 mm of its 350 mm stroke over the last 3 seconds. It may be dragging or stuck.
09/15/2026 at 07:55:45 PM WARNING logger Model:2514 - Piston 24 covered only 0 mm of its 350 mm stroke over the last 3 seconds. It may be dragging or stuck.
09/15/2026 at 07:55:45 PM WARNING logger Model:2514 - Piston 23 covered only 0 mm of its 350 mm stroke over the last 3 seconds. It may be dragging or stuck.
09/15/2026 at 07:55:45 PM WARNING logger Model:2514 - Piston 22 covered only 0 mm of its 350 mm stroke over the last 3 seconds. It may be dragging or stuck.
09/15/2026 at 07:55:45 PM WARNING logger Model:2514 - Piston 21 covered only 0 mm of its 350 mm stroke over the last 3 seconds. It may be dragging or stuck.
09/15/2026 at 07:55:45 PM WARNING logger Model:2514 - Piston 20 covered only 0 mm of its 350 mm stroke over the last 3 seconds. It may be dragging or stuck.
09/15/2026 at 07:55:45 PM WARNING logger Model:2514 - Piston 19 covered only 0 mm of its 350 mm stroke over the last 3 seconds. It may be dragging or stuck.
09/15/2026 at 07:55:45 PM WARNING logger Model:2514 - Piston 18 covered only 0 mm of its 350 mm stroke over the last 3 seconds. It may be dragging or stuck.
09/15/2026 at 07:55:45 PM WARNING logger Model:2514 - Piston 17 covered only 0 mm of its 350 mm stroke over the last 3 seconds. It may be dragging or stuck.
09/15/2026 at 07:55:45 PM WARNING logger Model:2514 - Piston 16 covered only 0 mm of its 350 mm stroke over the last 3 seconds. It may be dragging or stuck.
09/15/2026 at 07:55:45 PM WARNING logger Model:2514 - Piston 15 covered only 0 mm of its 350 mm stroke over the last 3 seconds. It may be dragging or stuck.
09/15/2026 at 07:55:45 PM WARNING logger Model:2514 - Piston 14 covered only 0 mm of its 350 mm stroke over the last 3 seconds. It may be dragging or stuck.
09/15/2026 at 07:55:45 PM WARNING logger Model:2514 - Piston 13 covered only 0 mm of its 350 mm stroke over the last 3 seconds. It may be dragging or stuck.
09/15/2026 at 07:55:45 PM WARNING logger Model:2514 - Piston 12 covered only 0 mm of its 350 mm stroke over the last 3 seconds. It may be dragging or stuck.
09/15/2026 at 07:55:45 PM WARNING logger Model:2514 - Piston 11 covered only 0 mm of its 350 mm stroke over the last 3 seconds. It may be dragging or stuck.
09/15/2026 at 07:55:45 PM WARNING logger Model:2514 - Piston 10 covered only 0 mm of its 350 mm stroke over the last 3 seconds. It may be dragging or stuck.
09/15/2026 at 07:55:45 PM WARNING logger Model:2514 - Piston 9 covered only 0 mm of its 350 mm stroke over the last 3 seconds. It may be dragging or stuck.
09/15/2026 at 07:55:45 PM WARNING logger Model:2514 - Piston 8 covered only 0 mm of its 350 mm stroke over the last 3 seconds. It may be dragging or stuck.
09/15/2026 at 07:55:45 PM WARNING logger Model:2514 - Piston 7 covered only 0 mm of its 350 mm stroke over the last 3 seconds. It may be dragging or stuck.
09/15/2026 at 07:55:45 PM WARNING logger Model:2514 - Piston 6 covered only 0 mm of its 350 mm stroke over the last 3 seconds. It may be dragging or stuck.
09/15/2026 at 07:55:45 PM WARNING logger Model:2514 - Piston 5 covered only 0 mm of its 350 mm stroke over the last 3 seconds. It may be dragging or stuck.
09/15/2026 at 07:55:45 PM WARNING logger Model:2514 - Piston 4 covered only 0 mm of its 350 mm stroke over the last 3 seconds. It may be dragging or stuck.
09/15/2026 at 07:55:45 PM WARNING logger Model:2514 - Piston 3 covered only 0 mm of its 350 mm stroke over the last 3 seconds. It may be dragging or stuck.
09/15/2026 at 07:55:45 PM WARNING logger Model:2514 - Piston 2 covered only 0 mm of its 350 mm stroke over the last 3 seconds. It may be dragging or stuck.
09/15/2026 at 07:55:45 PM WARNING logger Model:2514 - Piston 1 covered only 0 mm of its 350 mm stroke over the last 3 seconds. It may be dragging or stuck.
09/15/2026 at 07:55:48 PM ERROR logger Model:229 - Nothing to prepare: Choose some pistons on the tank first.
09/15/2026 at 07:55:48 PM ERROR logger Model:229 - Not ready: The pistons must be homed before they can run. Press Start and it will do that first.
09/15/2026 at 07:55:48 PM ERROR logger Model:229 - No pistons selected: Choose some pistons on the tank first.
09/15/2026 at 07:55:48 PM ERROR logger Model:229 - No pistons selected: Choose some pistons on the tank first.
09/15/2026 at 07:55:48 PM ERROR logger Model:229 - Not ready: The pistons must be homed before they can run. Press Start and it will do that first.
09/15/2026 at 07:55:48 PM ERROR logger Model:229 - No pistons selected: Choose some pistons on the tank first.
09/15/2026 at 07:55:48 PM WARNING logger Model:2052 - The curve command was sent, but no piston moved more than 0 mm.
09/15/2026 at 07:55:48 PM ERROR logger Model:229 - Nothing moved: The curve command was sent, but no piston moved more than 0 mm.

The command reached the controller, so this is not a connection problem. Likely causes:

  - the keyswitch on the front of the controller is at PROG, so the ladder is not scanning. Tags can still be read and written in that mode, which is why this looked like it connected. Turn it to RUN.
  - for a curve: no curve is loaded on the controller for the Curve ID you set, so there is nothing to run
  - the stroke is set so small there is nothing to see
09/15/2026 at 07:55:48 PM WARNING logger Model:2277 - Pistons did not all reach the resting position.
09/15/2026 at 07:55:48 PM ERROR logger Model:229 - Not ready: The pistons must be homed before they can run. Press Start and it will do that first.
09/15/2026 at 07:55:48 PM ERROR logger Model:229 - Nothing to prepare: Choose some pistons on the tank first.
09/15/2026 at 07:55:48 PM ERROR logger Model:229 - Nothing to prepare: Choose some pistons on the tank first.
09/15/2026 at 07:55:48 PM ERROR logger Model:229 - Nothing to prepare: Choose some pistons on the tank first.
09/15/2026 at 07:55:48 PM ERROR logger Model:229 - No pistons selected: Choose some pistons on the tank first.
09/15/2026 at 07:55:48 PM ERROR logger Model:229 - Not ready: The pistons must be homed before they can run. Press Start and it will do that first.
09/15/2026 at 07:55:48 PM ERROR logger Model:229 - Not ready: The pistons must be homed before they can run. Press Start and it will do that first.
09/15/2026 at 07:55:48 PM ERROR logger Model:229 - Nothing to prepare: Choose some pistons on the tank first.
09/15/2026 at 07:55:48 PM ERROR logger Model:229 - Not ready: The pistons must be homed before they can run. Press Start and it will do that first.
09/15/2026 at 07:55:48 PM ERROR logger Model:229 - No pistons selected: Choose some pistons on the tank first.
09/15/2026 at 07:55:48 PM WARNING logger Model:2052 - The curve command was sent, but no piston moved more than 0 mm.
09/15/2026 at 07:55:48 PM ERROR logger Model:229 - Nothing moved: The curve command was sent, but no piston moved more than 0 mm.

The command reached the controller, so this is not a connection problem. Likely causes:

  - the keyswitch on the front of the controller is at PROG, so the ladder is not scanning. Tags can still be read and written in that mode, which is why this looked like it connected. Turn it to RUN.
  - for a curve: no curve is loaded on the controller for the Curve ID you set, so there is nothing to run
  - the stroke is set so small there is nothing to see
09/15/2026 at 07:55:48 PM ERROR logger Model:229 - Nothing to prepare: Choose some pistons on the tank first.
09/15/2026 at 07:55:48 PM ERROR logger Model:229 - No pistons selected: Choose some pistons on the tank first.
09/15/2026 at 07:55:48 PM ERROR logger Model:229 - Not ready: The pistons must be homed before they can run. Press Start and it will do that first.
09/15/2026 at 07:55:48 PM ERROR logger Model:229 - No pistons selected: Choose some pistons on the tank first.
09/15/2026 at 07:55:48 PM ERROR logger Model:229 - Not ready: The pistons must be homed before they can run. Press Start and it will do that first.
09/15/2026 at 07:55:48 PM WARNING logger Model:2052 - The stroke command was sent, but no piston moved more than 0 mm.
09/15/2026 at 07:55:48 PM ERROR logger Model:229 - Nothing moved: The stroke command was sent, but no piston moved more than 0 mm.

The command reached the controller, so this is not a connection problem. Likely causes:

  - the keyswitch on the front of the controller is at PROG, so the ladder is not scanning. Tags can still be read and written in that mode, which is why this looked like it connected. Turn it to RUN.
  - for a curve: no curve is loaded on the controller for the Curve ID you set, so there is nothing to run
  - the stroke is set so small there is nothing to see
09/15/2026 at 07:55:48 PM ERROR logger Model:229 - Not ready: The pistons must be homed before they can run. Press Start and it will do that first.
09/15/2026 at 07:55:48 PM WARNING logger Model:2052 - The curve command was sent, but no piston moved more than 0 mm.
09/15/2026 at 07:55:48 PM ERROR logger Model:229 - Nothing moved: The curve command was sent, but no piston moved more than 0 mm.

The command reached the controller, so this is not a connection problem. Likely causes:

  - the keyswitch on the front of the controller is at PROG, so the ladder is not scanning. Tags can still be read and written in that mode, which is why this looked like it connected. Turn it to RUN.
  - for a curve: no curve is loaded on the controller for the Curve ID you set, so there is nothing to run
  - the stroke is set so small there is nothing to see
09/15/2026 at 07:55:48 PM ERROR logger Model:229 - Not ready: The pistons must be homed before they can run. Press Start and it will do that first.
09/15/2026 at 07:55:48 PM ERROR logger Model:229 - Not ready: The pistons must be homed before they can run. Press Start and it will do that first.
09/15/2026 at 07:55:48 PM ERROR logger Model:229 - Not ready: The pistons must be homed before they can run. Press Start and it will do that first.
09/15/2026 at 07:55:48 PM WARNING logger Model:2052 - The stroke command was sent, but no piston moved more than 0 mm.
09/15/2026 at 07:55:48 PM ERROR logger Model:229 - Nothing moved: The stroke command was sent, but no piston moved more than 0 mm.

The command reached the controller, so this is not a connection problem. Likely causes:

  - the keyswitch on the front of the controller is at PROG, so the ladder is not scanning. Tags can still be read and written in that mode, which is why this looked like it connected. Turn it to RUN.
  - for a curve: no curve is loaded on the controller for the Curve ID you set, so there is nothing to run
  - the stroke is set so small there is nothing to see
09/15/2026 at 07:55:48 PM WARNING logger Model:2052 - The stroke command was sent, but no piston moved more than 0 mm.
09/15/2026 at 07:55:48 PM ERROR logger Model:229 - Nothing moved: The stroke command was sent, but no piston moved more than 0 mm.

The command reached the controller, so this is not a connection problem. Likely causes:

  - the keyswitch on the front of the controller is at PROG, so the ladder is not scanning. Tags can still be read and written in that mode, which is why this looked like it connected. Turn it to RUN.
  - for a curve: no curve is loaded on the controller for the Curve ID you set, so there is nothing to run
  - the stroke is set so small there is nothing to see
09/15/2026 at 07:55:48 PM WARNING logger Model:2052 - The curve command was sent, but no piston moved more than 0 mm.
09/15/2026 at 07:55:48 PM ERROR logger Model:229 - Nothing moved: The curve command was sent, but no piston moved more than 0 mm.

The command reached the controller, so this is not a connection problem. Likely causes:

  - the keyswitch on the front of the controller is at PROG, so the ladder is not scanning. Tags can still be read and written in that mode, which is why this looked like it connected. Turn it to RUN.
  - for a curve: no curve is loaded on the controller for the Curve ID you set, so there is nothing to run
  - the stroke is set so small there is nothing to see
09/15/2026 at 07:55:48 PM WARNING logger Model:2052 - The stroke command was sent, but no piston moved more than 0 mm.
09/15/2026 at 07:55:48 PM ERROR logger Model:229 - Nothing moved: The stroke command was sent, but no piston moved more than 0 mm.

The command reached the controller, so this is not a connection problem. Likely causes:

  - the keyswitch on the front of the controller is at PROG, so the ladder is not scanning. Tags can still be read and written in that mode, which is why this looked like it connected. Turn it to RUN.
  - for a curve: no curve is loaded on the controller for the Curve ID you set, so there is nothing to run
  - the stroke is set so small there is nothing to see
09/15/2026 at 07:55:48 PM WARNING logger Model:2052 - The stroke command was sent, but no piston moved more than 0 mm.
09/15/2026 at 07:55:48 PM ERROR logger Model:229 - Nothing moved: The stroke command was sent, but no piston moved more than 0 mm.

The command reached the controller, so this is not a connection problem. Likely causes:

  - the keyswitch on the front of the controller is at PROG, so the ladder is not scanning. Tags can still be read and written in that mode, which is why this looked like it connected. Turn it to RUN.
  - for a curve: no curve is loaded on the controller for the Curve ID you set, so there is nothing to run
  - the stroke is set so small there is nothing to see
09/15/2026 at 07:55:48 PM ERROR logger Model:229 - Not ready: The pistons must be homed before they can run. Press Start and it will do that first.
09/15/2026 at 07:55:48 PM ERROR logger Model:229 - Not ready: The pistons must be homed before they can run. Press Start and it will do that first.
09/15/2026 at 07:55:48 PM ERROR logger Model:229 - Nothing to prepare: Choose some pistons on the tank first.
09/15/2026 at 07:55:48 PM WARNING logger Model:2277 - Pistons did not all reach the resting position.
09/15/2026 at 07:55:48 PM WARNING logger Model:2277 - Pistons did not all reach the resting position.
09/15/2026 at 07:55:48 PM ERROR logger Model:229 - Not ready: The pistons must be homed before they can run. Press Start and it will do that first.
09/15/2026 at 07:55:48 PM ERROR logger Model:229 - Not ready: The pistons must be homed before they can run. Press Start and it will do that first.
09/15/2026 at 07:55:48 PM ERROR logger Model:229 - Nothing to prepare: Choose some pistons on the tank first.
09/15/2026 at 07:55:48 PM ERROR logger Model:229 - No pistons selected: Choose some pistons on the tank first.
09/15/2026 at 07:55:48 PM ERROR logger Model:229 - No pistons selected: Choose some pistons on the tank first.
09/15/2026 at 07:55:48 PM ERROR logger Model:229 - Nothing to prepare: Choose some pistons on the tank first.
09/15/2026 at 07:55:48 PM WARNING logger Model:647 - Ignored Prepare: a stop or resting move is still running.
09/15/2026 at 07:55:48 PM ERROR logger Model:229 - Nothing to prepare: Choose some pistons on the tank first.
09/15/2026 at 07:55:48 PM ERROR logger Model:229 - No pistons selected: Choose some pistons on the tank first.
09/15/2026 at 07:55:48 PM WARNING logger Model:2052 - The curve command was sent, but no piston moved more than 0 mm.
09/15/2026 at 07:55:48 PM ERROR logger Model:229 - Nothing moved: The curve command was sent, but no piston moved more than 0 mm.

The command reached the controller, so this is not a connection problem. Likely causes:

  - the keyswitch on the front of the controller is at PROG, so the ladder is not scanning. Tags can still be read and written in that mode, which is why this looked like it connected. Turn it to RUN.
  - for a curve: no curve is loaded on the controller for the Curve ID you set, so there is nothing to run
  - the stroke is set so small there is nothing to see
09/15/2026 at 07:55:48 PM ERROR logger Model:229 - Not ready: The pistons must be homed before they can run. Press Start and it will do that first.
09/15/2026 at 07:55:48 PM WARNING logger Model:2052 - The curve command was sent, but no piston moved more than 0 mm.
09/15/2026 at 07:55:48 PM ERROR logger Model:229 - Nothing moved: The curve command was sent, but no piston moved more than 0 mm.

The command reached the controller, so this is not a connection problem. Likely causes:

  - the keyswitch on the front of the controller is at PROG, so the ladder is not scanning. Tags can still be read and written in that mode, which is why this looked like it connected. Turn it to RUN.
  - for a curve: no curve is loaded on the controller for the Curve ID you set, so there is nothing to run
  - the stroke is set so small there is nothing to see
09/15/2026 at 07:55:48 PM ERROR logger Model:229 - Not ready: The pistons must be homed before they can run. Press Start and it will do that first.
09/15/2026 at 07:55:48 PM ERROR logger Model:229 - Nothing to prepare: Choose some pistons on the tank first.
09/15/2026 at 07:55:48 PM ERROR logger Model:229 - No pistons selected: Choose some pistons on the tank first.
09/15/2026 at 07:55:48 PM ERROR logger Model:229 - Nothing to prepare: Choose some pistons on the tank first.
09/15/2026 at 07:55:48 PM ERROR logger Model:229 - Nothing to prepare: Choose some pistons on the tank first.
09/15/2026 at 07:55:48 PM ERROR logger Model:229 - Nothing to prepare: Choose some pistons on the tank first.
09/15/2026 at 07:55:48 PM ERROR logger Model:229 - Not ready: The pistons must be homed before they can run. Press Start and it will do that first.
09/15/2026 at 07:55:48 PM ERROR logger Model:229 - Nothing to prepare: Choose some pistons on the tank first.
09/15/2026 at 07:55:48 PM ERROR logger Model:229 - Not ready: The pistons must be homed before they can run. Press Start and it will do that first.
09/15/2026 at 07:55:48 PM ERROR logger Model:229 - Nothing to prepare: Choose some pistons on the tank first.
09/15/2026 at 07:55:48 PM ERROR logger Model:229 - Nothing to prepare: Choose some pistons on the tank first.
09/15/2026 at 07:55:48 PM ERROR logger Model:229 - Not ready: The pistons must be homed before they can run. Press Start and it will do that first.
09/15/2026 at 07:55:48 PM ERROR logger Model:229 - Not ready: The pistons must be homed before they can run. Press Start and it will do that first.
09/15/2026 at 07:55:48 PM ERROR logger Model:229 - No pistons selected: Choose some pistons on the tank first.
09/15/2026 at 07:55:48 PM ERROR logger Model:229 - Not ready: The pistons must be homed before they can run. Press Start and it will do that first.
09/15/2026 at 07:55:48 PM WARNING logger Model:2052 - The stroke command was sent, but no piston moved more than 0 mm.
09/15/2026 at 07:55:48 PM ERROR logger Model:229 - Nothing moved: The stroke command was sent, but no piston moved more than 0 mm.

The command reached the controller, so this is not a connection problem. Likely causes:

  - the keyswitch on the front of the controller is at PROG, so the ladder is not scanning. Tags can still be read and written in that mode, which is why this looked like it connected. Turn it to RUN.
  - for a curve: no curve is loaded on the controller for the Curve ID you set, so there is nothing to run
  - the stroke is set so small there is nothing to see
09/15/2026 at 07:55:48 PM WARNING logger Model:2277 - Pistons did not all reach the resting position.
09/15/2026 at 07:55:48 PM ERROR logger Model:229 - Not ready: The pistons must be homed before they can run. Press Start and it will do that first.
09/15/2026 at 07:55:48 PM ERROR logger Model:662 - Start failed: transient write failure
09/15/2026 at 07:55:48 PM ERROR logger Model:229 - Machine error: transient write failure
09/15/2026 at 07:55:48 PM WARNING logger Model:2277 - Pistons did not all reach the resting position.
09/15/2026 at 07:55:48 PM WARNING logger Model:2277 - Pistons did not all reach the resting position.
09/15/2026 at 07:55:48 PM WARNING logger Model:2052 - The curve command was sent, but no piston moved more than 0 mm.
09/15/2026 at 07:55:48 PM ERROR logger Model:229 - Nothing moved: The curve command was sent, but no piston moved more than 0 mm.

The command reached the controller, so this is not a connection problem. Likely causes:

  - the keyswitch on the front of the controller is at PROG, so the ladder is not scanning. Tags can still be read and written in that mode, which is why this looked like it connected. Turn it to RUN.
  - for a curve: no curve is loaded on the controller for the Curve ID you set, so there is nothing to run
  - the stroke is set so small there is nothing to see
09/15/2026 at 07:55:48 PM WARNING logger Model:2277 - Pistons did not all reach the resting position.
09/15/2026 at 07:55:48 PM WARNING logger Model:2052 - The stroke command was sent, but no piston moved more than 0 mm.
09/15/2026 at 07:55:48 PM ERROR logger Model:229 - Nothing moved: The stroke command was sent, but no piston moved more than 0 mm.

The command reached the controller, so this is not a connection problem. Likely causes:

  - the keyswitch on the front of the controller is at PROG, so the ladder is not scanning. Tags can still be read and written in that mode, which is why this looked like it connected. Turn it to RUN.
  - for a curve: no curve is loaded on the controller for the Curve ID you set, so there is nothing to run
  - the stroke is set so small there is nothing to see
09/15/2026 at 07:55:48 PM WARNING logger Model:2052 - The curve command was sent, but no piston moved more than 0 mm.
09/15/2026 at 07:55:48 PM ERROR logger Model:229 - Nothing moved: The curve command was sent, but no piston moved more than 0 mm.

The command reached the controller, so this is not a connection problem. Likely causes:

  - the keyswitch on the front of the controller is at PROG, so the ladder is not scanning. Tags can still be read and written in that mode, which is why this looked like it connected. Turn it to RUN.
  - for a curve: no curve is loaded on the controller for the Curve ID you set, so there is nothing to run
  - the stroke is set so small there is nothing to see
09/15/2026 at 07:55:48 PM ERROR logger Model:229 - Not ready: The pistons must be homed before they can run. Press Start and it will do that first.
09/15/2026 at 07:55:48 PM ERROR logger Model:229 - No pistons selected: Choose some pistons on the tank first.
09/15/2026 at 07:55:48 PM ERROR logger Model:229 - Not ready: The pistons must be homed before they can run. Press Start and it will do that first.
09/15/2026 at 07:55:48 PM ERROR logger Model:229 - No pistons selected: Choose some pistons on the tank first.
09/15/2026 at 07:55:48 PM ERROR logger Model:229 - Not ready: The pistons must be homed before they can run. Press Start and it will do that first.
09/15/2026 at 07:55:48 PM ERROR logger Model:229 - Not ready: The pistons must be homed before they can run. Press Start and it will do that first.
09/15/2026 at 07:55:48 PM ERROR logger Model:229 - Not ready: The pistons must be homed before they can run. Press Start and it will do that first.
09/15/2026 at 07:55:48 PM ERROR logger Model:229 - Nothing to prepare: Choose some pistons on the tank first.
09/15/2026 at 07:55:48 PM WARNING logger Model:2052 - The curve command was sent, but no piston moved more than 0 mm.
09/15/2026 at 07:55:48 PM ERROR logger Model:229 - Nothing moved: The curve command was sent, but no piston moved more than 0 mm.

The command reached the controller, so this is not a connection problem. Likely causes:

  - the keyswitch on the front of the controller is at PROG, so the ladder is not scanning. Tags can still be read and written in that mode, which is why this looked like it connected. Turn it to RUN.
  - for a curve: no curve is loaded on the controller for the Curve ID you set, so there is nothing to run
  - the stroke is set so small there is nothing to see
09/15/2026 at 07:55:48 PM WARNING logger Model:2052 - The curve command was sent, but no piston moved more than 0 mm.
09/15/2026 at 07:55:48 PM ERROR logger Model:229 - Nothing moved: The curve command was sent, but no piston moved more than 0 mm.

The command reached the controller, so this is not a connection problem. Likely causes:

  - the keyswitch on the front of the controller is at PROG, so the ladder is not scanning. Tags can still be read and written in that mode, which is why this looked like it connected. Turn it to RUN.
  - for a curve: no curve is loaded on the controller for the Curve ID you set, so there is nothing to run
  - the stroke is set so small there is nothing to see
09/15/2026 at 07:55:48 PM WARNING logger Model:2052 - The curve command was sent, but no piston moved more than 0 mm.
09/15/2026 at 07:55:48 PM ERROR logger Model:229 - Nothing moved: The curve command was sent, but no piston moved more than 0 mm.

The command reached the controller, so this is not a connection problem. Likely causes:

  - the keyswitch on the front of the controller is at PROG, so the ladder is not scanning. Tags can still be read and written in that mode, which is why this looked like it connected. Turn it to RUN.
  - for a curve: no curve is loaded on the controller for the Curve ID you set, so there is nothing to run
  - the stroke is set so small there is nothing to see
09/15/2026 at 07:55:48 PM WARNING logger Model:647 - Ignored Run: a stop or resting move is still running.
09/15/2026 at 07:55:48 PM ERROR logger Model:229 - Nothing to prepare: Choose some pistons on the tank first.
09/15/2026 at 07:55:48 PM WARNING logger Model:2052 - The curve command was sent, but no piston moved more than 0 mm.
09/15/2026 at 07:55:48 PM ERROR logger Model:229 - Nothing moved: The curve command was sent, but no piston moved more than 0 mm.

The command reached the controller, so this is not a connection problem. Likely causes:

  - the keyswitch on the front of the controller is at PROG, so the ladder is not scanning. Tags can still be read and written in that mode, which is why this looked like it connected. Turn it to RUN.
  - for a curve: no curve is loaded on the controller for the Curve ID you set, so there is nothing to run
  - the stroke is set so small there is nothing to see
09/15/2026 at 07:55:48 PM ERROR logger Model:229 - Nothing to prepare: Choose some pistons on the tank first.
09/15/2026 at 07:55:48 PM ERROR logger Model:229 - Nothing to prepare: Choose some pistons on the tank first.
09/15/2026 at 07:55:48 PM ERROR logger Model:229 - No pistons selected: Choose some pistons on the tank first.
09/15/2026 at 07:55:48 PM ERROR logger Model:229 - Nothing to prepare: Choose some pistons on the tank first.
09/15/2026 at 07:55:48 PM ERROR logger Model:229 - Nothing to prepare: Choose some pistons on the tank first.
09/15/2026 at 07:55:48 PM ERROR logger Model:229 - Not ready: The pistons must be homed before they can run. Press Start and it will do that first.
09/15/2026 at 07:55:48 PM WARNING logger Model:647 - Ignored Prepare: a stop or resting move is still running.
09/15/2026 at 07:55:48 PM WARNING logger Model:647 - Ignored Run: a stop or resting move is still running.
09/15/2026 at 07:55:48 PM WARNING logger Model:647 - Ignored Calibrate: a stop or resting move is still running.
09/15/2026 at 07:55:48 PM WARNING logger Model:647 - Ignored Prepare: a stop or resting move is still running.
09/15/2026 at 07:55:48 PM WARNING logger Model:647 - Ignored Calibrate: a stop or resting move is still running.
09/15/2026 at 07:55:48 PM WARNING logger Model:647 - Ignored Prepare: a stop or resting move is still running.
09/15/2026 at 07:55:48 PM WARNING logger Model:647 - Ignored Prepare: a stop or resting move is still running.
09/15/2026 at 07:55:48 PM WARNING logger Model:647 - Ignored Prepare: a stop or resting move is still running.
09/15/2026 at 07:55:48 PM ERROR logger Model:229 - Not ready: The pistons must be homed before they can run. Press Start and it will do that first.
09/15/2026 at 07:55:48 PM ERROR logger Model:229 - Not ready: The pistons must be homed before they can run. Press Start and it will do that first.
09/15/2026 at 07:55:48 PM ERROR logger Model:229 - Nothing to prepare: Choose some pistons on the tank first.
09/15/2026 at 07:55:48 PM ERROR logger Model:229 - Not ready: The pistons must be homed before they can run. Press Start and it will do that first.
09/15/2026 at 07:55:48 PM ERROR logger Model:229 - Not ready: The pistons must be homed before they can run. Press Start and it will do that first.
09/15/2026 at 07:55:48 PM WARNING logger Model:2277 - Pistons did not all reach the resting position.
09/15/2026 at 07:55:48 PM WARNING logger Model:2277 - Pistons did not all reach the resting position.
09/15/2026 at 07:55:48 PM WARNING logger Model:2277 - Pistons did not all reach the resting position.
09/15/2026 at 07:55:48 PM ERROR logger Model:229 - Not ready: The pistons must be homed before they can run. Press Start and it will do that first.
09/15/2026 at 07:55:48 PM WARNING logger Model:2277 - Pistons did not all reach the resting position.
09/15/2026 at 07:55:48 PM WARNING logger Model:2052 - The curve command was sent, but no piston moved more than 0 mm.
09/15/2026 at 07:55:48 PM ERROR logger Model:229 - Nothing moved: The curve command was sent, but no piston moved more than 0 mm.

The command reached the controller, so this is not a connection problem. Likely causes:

  - the keyswitch on the front of the controller is at PROG, so the ladder is not scanning. Tags can still be read and written in that mode, which is why this looked like it connected. Turn it to RUN.
  - for a curve: no curve is loaded on the controller for the Curve ID you set, so there is nothing to run
  - the stroke is set so small there is nothing to see
09/15/2026 at 07:55:48 PM WARNING logger Model:2277 - Pistons did not all reach the resting position.
09/15/2026 at 07:55:48 PM WARNING logger Model:2277 - Pistons did not all reach the resting position.
09/15/2026 at 07:55:48 PM WARNING logger Model:2277 - Pistons did not all reach the resting position.
09/15/2026 at 07:55:48 PM WARNING logger Model:2052 - The curve command was sent, but no piston moved more than 0 mm.
09/15/2026 at 07:55:48 PM ERROR logger Model:229 - Nothing moved: The curve command was sent, but no piston moved more than 0 mm.

The command reached the controller, so this is not a connection problem. Likely causes:

  - the keyswitch on the front of the controller is at PROG, so the ladder is not scanning. Tags can still be read and written in that mode, which is why this looked like it connected. Turn it to RUN.
  - for a curve: no curve is loaded on the controller for the Curve ID you set, so there is nothing to run
  - the stroke is set so small there is nothing to see
09/15/2026 at 07:55:48 PM WARNING logger Model:2277 - Pistons did not all reach the resting position.
09/15/2026 at 07:55:48 PM WARNING logger Model:2277 - Pistons did not all reach the resting position.
09/15/2026 at 07:55:48 PM ERROR logger Model:229 - Not ready: The pistons must be homed before they can run. Press Start and it will do that first.
09/15/2026 at 07:55:48 PM WARNING logger Model:647 - Ignored Calibrate: a stop or resting move is still running.
09/15/2026 at 07:55:48 PM WARNING logger Model:2277 - Pistons did not all reach the resting position.
09/15/2026 at 07:55:48 PM WARNING logger Model:2277 - Pistons did not all reach the resting position.
09/15/2026 at 07:55:48 PM ERROR logger Model:229 - Not ready: The pistons must be homed before they can run. Press Start and it will do that first.
09/15/2026 at 07:55:48 PM ERROR logger Model:229 - Nothing to prepare: Choose some pistons on the tank first.
09/15/2026 at 07:55:48 PM ERROR logger Model:229 - No pistons selected: Choose some pistons on the tank first.
09/15/2026 at 07:55:48 PM ERROR logger Model:229 - No pistons selected: Choose some pistons on the tank first.
09/15/2026 at 07:55:48 PM ERROR logger Model:229 - Not ready: The pistons must be homed before they can run. Press Start and it will do that first.
09/15/2026 at 07:55:48 PM ERROR logger Model:229 - Not ready: The pistons must be homed before they can run. Press Start and it will do that first.
09/15/2026 at 07:55:48 PM ERROR logger Model:229 - No pistons selected: Choose some pistons on the tank first.
09/15/2026 at 07:55:48 PM WARNING logger Model:2052 - The stroke command was sent, but no piston moved more than 0 mm.
09/15/2026 at 07:55:48 PM ERROR logger Model:229 - Nothing moved: The stroke command was sent, but no piston moved more than 0 mm.

The command reached the controller, so this is not a connection problem. Likely causes:

  - the keyswitch on the front of the controller is at PROG, so the ladder is not scanning. Tags can still be read and written in that mode, which is why this looked like it connected. Turn it to RUN.
  - for a curve: no curve is loaded on the controller for the Curve ID you set, so there is nothing to run
  - the stroke is set so small there is nothing to see
09/15/2026 at 07:55:48 PM ERROR logger Model:229 - No pistons selected: Choose some pistons on the tank first.
09/15/2026 at 07:55:48 PM ERROR logger Model:229 - Nothing to prepare: Choose some pistons on the tank first.
09/15/2026 at 07:55:48 PM ERROR logger Model:229 - Not ready: The pistons must be homed before they can run. Press Start and it will do that first.
09/15/2026 at 07:55:48 PM ERROR logger Model:229 - Nothing to prepare: Choose some pistons on the tank first.
09/15/2026 at 07:55:48 PM ERROR logger Model:229 - Not ready: The pistons must be homed before they can run. Press Start and it will do that first.
09/15/2026 at 07:55:48 PM ERROR logger Model:229 - Nothing to prepare: Choose some pistons on the tank first.
09/15/2026 at 07:55:48 PM ERROR logger Model:229 - No pistons selected: Choose some pistons on the tank first.
09/15/2026 at 07:55:48 PM WARNING logger Model:2052 - The curve command was sent, but no piston moved more than 0 mm.
09/15/2026 at 07:55:48 PM ERROR logger Model:229 - Nothing moved: The curve command was sent, but no piston moved more than 0 mm.

The command reached the controller, so this is not a connection problem. Likely causes:

  - the keyswitch on the front of the controller is at PROG, so the ladder is not scanning. Tags can still be read and written in that mode, which is why this looked like it connected. Turn it to RUN.
  - for a curve: no curve is loaded on the controller for the Curve ID you set, so there is nothing to run
  - the stroke is set so small there is nothing to see
09/15/2026 at 07:55:48 PM WARNING logger Model:2277 - Pistons did not all reach the resting position.
09/15/2026 at 07:55:48 PM WARNING logger Model:2277 - Pistons did not all reach the resting position.
09/15/2026 at 07:55:48 PM WARNING logger Model:2052 - The stroke command was sent, but no piston moved more than 0 mm.
09/15/2026 at 07:55:48 PM ERROR logger Model:229 - Nothing moved: The stroke command was sent, but no piston moved more than 0 mm.

The command reached the controller, so this is not a connection problem. Likely causes:

  - the keyswitch on the front of the controller is at PROG, so the ladder is not scanning. Tags can still be read and written in that mode, which is why this looked like it connected. Turn it to RUN.
  - for a curve: no curve is loaded on the controller for the Curve ID you set, so there is nothing to run
  - the stroke is set so small there is nothing to see
09/15/2026 at 07:55:48 PM WARNING logger Model:1821 - Staging did not complete within 0.0 seconds; running unstaggered.
09/15/2026 at 07:55:48 PM ERROR logger Model:229 - Nothing to prepare: Choose some pistons on the tank first.
09/15/2026 at 07:55:48 PM ERROR logger Model:229 - Not ready: The pistons must be homed before they can run. Press Start and it will do that first.
09/15/2026 at 07:55:48 PM ERROR logger Model:229 - No pistons selected: Choose some pistons on the tank first.
09/15/2026 at 07:55:48 PM WARNING logger Model:2277 - Pistons did not all reach the resting position.
09/15/2026 at 07:55:48 PM ERROR logger Model:229 - Not ready: The pistons must be homed before they can run. Press Start and it will do that first.
09/15/2026 at 07:55:48 PM ERROR logger Model:229 - Nothing to prepare: Choose some pistons on the tank first.
09/15/2026 at 07:55:48 PM ERROR logger Model:229 - Not ready: The pistons must be homed before they can run. Press Start and it will do that first.
09/15/2026 at 07:55:48 PM ERROR logger Model:229 - Not ready: The pistons must be homed before they can run. Press Start and it will do that first.
09/15/2026 at 07:55:48 PM ERROR logger Model:229 - Not ready: The pistons must be homed before they can run. Press Start and it will do that first.
09/15/2026 at 07:55:48 PM ERROR logger Model:229 - Not ready: The pistons must be homed before they can run. Press Start and it will do that first.
09/15/2026 at 07:55:48 PM WARNING logger Model:2052 - The curve command was sent, but no piston moved more than 0 mm.
09/15/2026 at 07:55:48 PM ERROR logger Model:229 - Nothing moved: The curve command was sent, but no piston moved more than 0 mm.

The command reached the controller, so this is not a connection problem. Likely causes:

  - the keyswitch on the front of the controller is at PROG, so the ladder is not scanning. Tags can still be read and written in that mode, which is why this looked like it connected. Turn it to RUN.
  - for a curve: no curve is loaded on the controller for the Curve ID you set, so there is nothing to run
  - the stroke is set so small there is nothing to see
09/15/2026 at 07:55:48 PM ERROR logger Model:229 - Not ready: The pistons must be homed before they can run. Press Start and it will do that first.
09/15/2026 at 07:55:48 PM WARNING logger Model:2052 - The curve command was sent, but no piston moved more than 0 mm.
09/15/2026 at 07:55:48 PM ERROR logger Model:229 - Nothing moved: The curve command was sent, but no piston moved more than 0 mm.

The command reached the controller, so this is not a connection problem. Likely causes:

  - the keyswitch on the front of the controller is at PROG, so the ladder is not scanning. Tags can still be read and written in that mode, which is why this looked like it connected. Turn it to RUN.
  - for a curve: no curve is loaded on the controller for the Curve ID you set, so there is nothing to run
  - the stroke is set so small there is nothing to see
09/15/2026 at 07:55:48 PM ERROR logger Model:229 - Not ready: The pistons must be homed before they can run. Press Start and it will do that first.
09/15/2026 at 07:55:48 PM ERROR logger Model:229 - Nothing to prepare: Choose some pistons on the tank first.
09/15/2026 at 07:55:48 PM ERROR logger Model:229 - No pistons selected: Choose some pistons on the tank first.
09/15/2026 at 07:55:48 PM ERROR logger Model:229 - No pistons selected: Choose some pistons on the tank first.
09/15/2026 at 07:55:48 PM ERROR logger Model:229 - No pistons selected: Choose some pistons on the tank first.
09/15/2026 at 07:55:48 PM ERROR logger Model:229 - Not ready: The pistons must be homed before they can run. Press Start and it will do that first.
09/15/2026 at 07:55:48 PM ERROR logger Model:229 - Not ready: The pistons must be homed before they can run. Press Start and it will do that first.
09/15/2026 at 07:55:48 PM WARNING logger Model:2052 - The stroke command was sent, but no piston moved more than 0 mm.
09/15/2026 at 07:55:48 PM ERROR logger Model:229 - Nothing moved: The stroke command was sent, but no piston moved more than 0 mm.

The command reached the controller, so this is not a connection problem. Likely causes:

  - the keyswitch on the front of the controller is at PROG, so the ladder is not scanning. Tags can still be read and written in that mode, which is why this looked like it connected. Turn it to RUN.
  - for a curve: no curve is loaded on the controller for the Curve ID you set, so there is nothing to run
  - the stroke is set so small there is nothing to see
09/15/2026 at 07:55:48 PM WARNING logger Model:2052 - The stroke command was sent, but no piston moved more than 0 mm.
09/15/2026 at 07:55:48 PM ERROR logger Model:229 - Nothing moved: The stroke command was sent, but no piston moved more than 0 mm.

The command reached the controller, so this is not a connection problem. Likely causes:

  - the keyswitch on the front of the controller is at PROG, so the ladder is not scanning. Tags can still be read and written in that mode, which is why this looked like it connected. Turn it to RUN.
  - for a curve: no curve is loaded on the controller for the Curve ID you set, so there is nothing to run
  - the stroke is set so small there is nothing to see
09/15/2026 at 07:55:49 PM WARNING logger Model:2052 - The stroke command was sent, but no piston moved more than 0 mm.
09/15/2026 at 07:55:49 PM ERROR logger Model:229 - Nothing moved: The stroke command was sent, but no piston moved more than 0 mm.

The command reached the controller, so this is not a connection problem. Likely causes:

  - the keyswitch on the front of the controller is at PROG, so the ladder is not scanning. Tags can still be read and written in that mode, which is why this looked like it connected. Turn it to RUN.
  - for a curve: no curve is loaded on the controller for the Curve ID you set, so there is nothing to run
  - the stroke is set so small there is nothing to see
09/15/2026 at 07:55:49 PM ERROR logger Model:229 - Nothing to prepare: Choose some pistons on the tank first.
09/15/2026 at 07:55:49 PM ERROR logger Model:229 - Nothing to prepare: Choose some pistons on the tank first.
09/15/2026 at 07:55:49 PM ERROR logger Model:229 - Nothing to prepare: Choose some pistons on the tank first.
09/15/2026 at 07:55:49 PM ERROR logger Model:229 - Nothing to prepare: Choose some pistons on the tank first.
09/15/2026 at 07:55:49 PM ERROR logger Model:229 - Nothing to prepare: Choose some pistons on the tank first.
09/15/2026 at 07:55:49 PM ERROR logger Model:229 - No pistons selected: Choose some pistons on the tank first.
09/15/2026 at 07:55:49 PM WARNING logger Model:2052 - The curve command was sent, but no piston moved more than 0 mm.
09/15/2026 at 07:55:49 PM ERROR logger Model:229 - Nothing moved: The curve command was sent, but no piston moved more than 0 mm.

The command reached the controller, so this is not a connection problem. Likely causes:

  - the keyswitch on the front of the controller is at PROG, so the ladder is not scanning. Tags can still be read and written in that mode, which is why this looked like it connected. Turn it to RUN.
  - for a curve: no curve is loaded on the controller for the Curve ID you set, so there is nothing to run
  - the stroke is set so small there is nothing to see
09/15/2026 at 07:55:49 PM WARNING logger Model:2277 - Pistons did not all reach the resting position.
09/15/2026 at 07:55:49 PM WARNING logger Model:2052 - The curve command was sent, but no piston moved more than 0 mm.
09/15/2026 at 07:55:49 PM ERROR logger Model:229 - Nothing moved: The curve command was sent, but no piston moved more than 0 mm.

The command reached the controller, so this is not a connection problem. Likely causes:

  - the keyswitch on the front of the controller is at PROG, so the ladder is not scanning. Tags can still be read and written in that mode, which is why this looked like it connected. Turn it to RUN.
  - for a curve: no curve is loaded on the controller for the Curve ID you set, so there is nothing to run
  - the stroke is set so small there is nothing to see
09/15/2026 at 07:55:49 PM ERROR logger Model:229 - Not ready: The pistons must be homed before they can run. Press Start and it will do that first.
09/15/2026 at 07:55:49 PM ERROR logger Model:229 - Not ready: The pistons must be homed before they can run. Press Start and it will do that first.
09/15/2026 at 07:55:49 PM ERROR logger Model:229 - Not ready: The pistons must be homed before they can run. Press Start and it will do that first.
09/15/2026 at 07:55:49 PM ERROR logger Model:229 - Not ready: The pistons must be homed before they can run. Press Start and it will do that first.
09/15/2026 at 07:55:49 PM ERROR logger Model:229 - Nothing to prepare: Choose some pistons on the tank first.
09/15/2026 at 07:55:49 PM WARNING logger Model:2052 - The stroke command was sent, but no piston moved more than 0 mm.
09/15/2026 at 07:55:49 PM ERROR logger Model:229 - Nothing moved: The stroke command was sent, but no piston moved more than 0 mm.

The command reached the controller, so this is not a connection problem. Likely causes:

  - the keyswitch on the front of the controller is at PROG, so the ladder is not scanning. Tags can still be read and written in that mode, which is why this looked like it connected. Turn it to RUN.
  - for a curve: no curve is loaded on the controller for the Curve ID you set, so there is nothing to run
  - the stroke is set so small there is nothing to see
09/15/2026 at 07:55:49 PM WARNING logger Model:2052 - The stroke command was sent, but no piston moved more than 0 mm.
09/15/2026 at 07:55:49 PM ERROR logger Model:229 - Nothing moved: The stroke command was sent, but no piston moved more than 0 mm.

The command reached the controller, so this is not a connection problem. Likely causes:

  - the keyswitch on the front of the controller is at PROG, so the ladder is not scanning. Tags can still be read and written in that mode, which is why this looked like it connected. Turn it to RUN.
  - for a curve: no curve is loaded on the controller for the Curve ID you set, so there is nothing to run
  - the stroke is set so small there is nothing to see
09/15/2026 at 07:55:49 PM WARNING logger Model:2277 - Pistons did not all reach the resting position.
09/15/2026 at 07:55:49 PM ERROR logger Model:229 - No pistons selected: Choose some pistons on the tank first.
09/15/2026 at 07:55:49 PM ERROR logger Model:229 - Not ready: The pistons must be homed before they can run. Press Start and it will do that first.
09/15/2026 at 07:55:49 PM ERROR logger Model:229 - Nothing to prepare: Choose some pistons on the tank first.
09/15/2026 at 07:55:49 PM ERROR logger Model:229 - Not ready: The pistons must be homed before they can run. Press Start and it will do that first.
09/15/2026 at 07:55:49 PM ERROR logger Model:229 - No pistons selected: Choose some pistons on the tank first.
09/15/2026 at 07:55:49 PM ERROR logger Model:229 - Not ready: The pistons must be homed before they can run. Press Start and it will do that first.
09/15/2026 at 07:55:49 PM ERROR logger Model:229 - Nothing to prepare: Choose some pistons on the tank first.
09/15/2026 at 07:55:49 PM ERROR logger Model:229 - Nothing to prepare: Choose some pistons on the tank first.
09/15/2026 at 07:55:49 PM ERROR logger Model:229 - No pistons selected: Choose some pistons on the tank first.
09/15/2026 at 07:55:49 PM ERROR logger Model:229 - No pistons selected: Choose some pistons on the tank first.
09/15/2026 at 07:55:49 PM ERROR logger Model:229 - No pistons selected: Choose some pistons on the tank first.
09/15/2026 at 07:55:49 PM ERROR logger Model:229 - Not ready: The pistons must be homed before they can run. Press Start and it will do that first.
09/15/2026 at 07:55:49 PM ERROR logger Model:229 - Nothing to prepare: Choose some pistons on the tank first.
09/15/2026 at 07:55:49 PM ERROR logger Model:229 - No pistons selected: Choose some pistons on the tank first.
09/15/2026 at 07:55:49 PM ERROR logger Model:229 - No pistons selected: Choose some pistons on the tank first.
09/15/2026 at 07:55:49 PM ERROR logger Model:229 - Nothing to prepare: Choose some pistons on the tank first.
09/15/2026 at 07:55:49 PM ERROR logger Model:229 - Nothing to prepare: Choose some pistons on the tank first.
09/15/2026 at 07:55:49 PM ERROR logger Model:229 - No pistons selected: Choose some pistons on the tank first.
09/15/2026 at 07:55:49 PM ERROR logger Model:229 - Not ready: The pistons must be homed before they can run. Press Start and it will do that first.
09/15/2026 at 07:55:49 PM ERROR logger Model:229 - Nothing to prepare: Choose some pistons on the tank first.
09/15/2026 at 07:55:49 PM ERROR logger Model:229 - Not ready: The pistons must be homed before they can run. Press Start and it will do that first.
09/15/2026 at 07:55:49 PM ERROR logger Model:229 - No pistons selected: Choose some pistons on the tank first.
09/15/2026 at 07:55:49 PM ERROR logger Model:229 - Not ready: The pistons must be homed before they can run. Press Start and it will do that first.
09/15/2026 at 07:55:49 PM ERROR logger Model:229 - Not ready: The pistons must be homed before they can run. Press Start and it will do that first.
09/15/2026 at 07:55:49 PM WARNING logger Model:2052 - The curve command was sent, but no piston moved more than 0 mm.
09/15/2026 at 07:55:49 PM ERROR logger Model:229 - Nothing moved: The curve command was sent, but no piston moved more than 0 mm.

The command reached the controller, so this is not a connection problem. Likely causes:

  - the keyswitch on the front of the controller is at PROG, so the ladder is not scanning. Tags can still be read and written in that mode, which is why this looked like it connected. Turn it to RUN.
  - for a curve: no curve is loaded on the controller for the Curve ID you set, so there is nothing to run
  - the stroke is set so small there is nothing to see
09/15/2026 at 07:55:49 PM WARNING logger Model:2277 - Pistons did not all reach the resting position.
09/15/2026 at 07:55:49 PM ERROR logger Model:229 - No pistons selected: Choose some pistons on the tank first.
09/15/2026 at 07:55:49 PM ERROR logger Model:229 - No pistons selected: Choose some pistons on the tank first.
09/15/2026 at 07:55:49 PM ERROR logger Model:229 - Nothing to prepare: Choose some pistons on the tank first.
09/15/2026 at 07:55:49 PM ERROR logger Model:229 - Nothing to prepare: Choose some pistons on the tank first.
09/15/2026 at 07:55:49 PM ERROR logger Model:229 - No pistons selected: Choose some pistons on the tank first.
09/15/2026 at 07:55:49 PM ERROR logger Model:229 - Not ready: The pistons must be homed before they can run. Press Start and it will do that first.
09/15/2026 at 07:55:49 PM ERROR logger Model:229 - Not ready: The pistons must be homed before they can run. Press Start and it will do that first.
09/15/2026 at 07:55:49 PM ERROR logger Model:229 - Not ready: The pistons must be homed before they can run. Press Start and it will do that first.
09/15/2026 at 07:55:49 PM ERROR logger Model:229 - Nothing to prepare: Choose some pistons on the tank first.
09/15/2026 at 07:55:49 PM WARNING logger Model:2052 - The curve command was sent, but no piston moved more than 0 mm.
09/15/2026 at 07:55:49 PM ERROR logger Model:229 - Nothing moved: The curve command was sent, but no piston moved more than 0 mm.

The command reached the controller, so this is not a connection problem. Likely causes:

  - the keyswitch on the front of the controller is at PROG, so the ladder is not scanning. Tags can still be read and written in that mode, which is why this looked like it connected. Turn it to RUN.
  - for a curve: no curve is loaded on the controller for the Curve ID you set, so there is nothing to run
  - the stroke is set so small there is nothing to see
09/15/2026 at 07:55:49 PM WARNING logger Model:2277 - Pistons did not all reach the resting position.
09/15/2026 at 07:55:49 PM WARNING logger Model:2277 - Pistons did not all reach the resting position.
09/15/2026 at 07:55:49 PM ERROR logger Model:229 - Not ready: The pistons must be homed before they can run. Press Start and it will do that first.
09/15/2026 at 07:55:49 PM ERROR logger Model:229 - Not ready: The pistons must be homed before they can run. Press Start and it will do that first.
09/15/2026 at 07:55:49 PM ERROR logger Model:229 - Not ready: The pistons must be homed before they can run. Press Start and it will do that first.
09/15/2026 at 07:55:49 PM WARNING logger Model:2052 - The curve command was sent, but no piston moved more than 0 mm.
09/15/2026 at 07:55:49 PM ERROR logger Model:229 - Nothing moved: The curve command was sent, but no piston moved more than 0 mm.

The command reached the controller, so this is not a connection problem. Likely causes:

  - the keyswitch on the front of the controller is at PROG, so the ladder is not scanning. Tags can still be read and written in that mode, which is why this looked like it connected. Turn it to RUN.
  - for a curve: no curve is loaded on the controller for the Curve ID you set, so there is nothing to run
  - the stroke is set so small there is nothing to see
09/15/2026 at 07:55:49 PM WARNING logger Model:2052 - The stroke command was sent, but no piston moved more than 0 mm.
09/15/2026 at 07:55:49 PM ERROR logger Model:229 - Nothing moved: The stroke command was sent, but no piston moved more than 0 mm.

The command reached the controller, so this is not a connection problem. Likely causes:

  - the keyswitch on the front of the controller is at PROG, so the ladder is not scanning. Tags can still be read and written in that mode, which is why this looked like it connected. Turn it to RUN.
  - for a curve: no curve is loaded on the controller for the Curve ID you set, so there is nothing to run
  - the stroke is set so small there is nothing to see
09/15/2026 at 07:55:49 PM WARNING logger Model:2052 - The curve command was sent, but no piston moved more than 0 mm.
09/15/2026 at 07:55:49 PM ERROR logger Model:229 - Nothing moved: The curve command was sent, but no piston moved more than 0 mm.

The command reached the controller, so this is not a connection problem. Likely causes:

  - the keyswitch on the front of the controller is at PROG, so the ladder is not scanning. Tags can still be read and written in that mode, which is why this looked like it connected. Turn it to RUN.
  - for a curve: no curve is loaded on the controller for the Curve ID you set, so there is nothing to run
  - the stroke is set so small there is nothing to see
09/15/2026 at 07:55:49 PM ERROR logger Model:229 - Not ready: The pistons must be homed before they can run. Press Start and it will do that first.
09/15/2026 at 07:55:49 PM ERROR logger Model:229 - Not ready: The pistons must be homed before they can run. Press Start and it will do that first.
09/15/2026 at 07:55:49 PM ERROR logger Model:229 - Not ready: The pistons must be homed before they can run. Press Start and it will do that first.
09/15/2026 at 07:55:49 PM ERROR logger Model:229 - Not ready: The pistons must be homed before they can run. Press Start and it will do that first.
09/15/2026 at 07:55:49 PM ERROR logger Model:229 - Not ready: The pistons must be homed before they can run. Press Start and it will do that first.
09/15/2026 at 07:55:49 PM ERROR logger Model:229 - Not ready: The pistons must be homed before they can run. Press Start and it will do that first.
09/15/2026 at 07:55:49 PM WARNING logger Model:2277 - Pistons did not all reach the resting position.
09/15/2026 at 07:55:49 PM ERROR logger Model:229 - Not ready: The pistons must be homed before they can run. Press Start and it will do that first.
09/15/2026 at 07:55:49 PM WARNING logger Model:647 - Ignored Prepare: a stop or resting move is still running.
09/15/2026 at 07:55:49 PM WARNING logger Model:2277 - Pistons did not all reach the resting position.
09/15/2026 at 07:55:49 PM ERROR logger Model:229 - Not ready: The pistons must be homed before they can run. Press Start and it will do that first.
09/15/2026 at 07:55:49 PM ERROR logger Model:229 - Not ready: The pistons must be homed before they can run. Press Start and it will do that first.
09/15/2026 at 07:55:50 PM WARNING logger Model:2277 - Pistons did not all reach the resting position.
09/15/2026 at 07:55:50 PM WARNING logger Model:2277 - Pistons did not all reach the resting position.
09/15/2026 at 07:55:50 PM WARNING logger Model:2277 - Pistons did not all reach the resting position.
09/15/2026 at 07:55:50 PM WARNING logger Model:2277 - Pistons did not all reach the resting position.
09/15/2026 at 07:55:50 PM WARNING logger Model:1103 - Piston(s) 28 have not moved since homing began.
09/15/2026 at 07:55:50 PM ERROR logger Model:1144 - 3 of 4 pistons homed. Piston(s) 28 did not. Timed out after 0 seconds.
09/15/2026 at 07:55:50 PM ERROR logger Model:229 - Some pistons did not home: 3 of 4 pistons homed. Piston(s) 28 did not.

A piston that will not home is usually stuck or faulted mechanically -- it is not something the software can clear.

You can carry on without it: deselect piston(s) 28 on the tank and press Start again. The rest are homed and ready.
09/15/2026 at 07:55:50 PM WARNING logger Model:1103 - Piston(s) 28 have not moved since homing began.
09/15/2026 at 07:55:50 PM ERROR logger Model:1144 - 3 of 4 pistons homed. Piston(s) 28 did not. Timed out after 0 seconds.
09/15/2026 at 07:55:50 PM ERROR logger Model:229 - Some pistons did not home: 3 of 4 pistons homed. Piston(s) 28 did not.

A piston that will not home is usually stuck or faulted mechanically -- it is not something the software can clear.

You can carry on without it: deselect piston(s) 28 on the tank and press Start again. The rest are homed and ready.
09/15/2026 at 07:55:50 PM WARNING logger Model:1103 - Piston(s) 28 have not moved since homing began.
09/15/2026 at 07:55:50 PM ERROR logger Model:1144 - 3 of 4 pistons homed. Piston(s) 28 did not. Timed out after 0 seconds.
09/15/2026 at 07:55:50 PM ERROR logger Model:229 - Some pistons did not home: 3 of 4 pistons homed. Piston(s) 28 did not.

A piston that will not home is usually stuck or faulted mechanically -- it is not something the software can clear.

You can carry on without it: deselect piston(s) 28 on the tank and press Start again. The rest are homed and ready.
09/15/2026 at 07:55:50 PM WARNING logger Model:1103 - Piston(s) 25 have not moved since homing began.
09/15/2026 at 07:55:50 PM ERROR logger Model:1144 - 0 of 1 pistons homed. Piston(s) 25 did not. Timed out after 0 seconds.
09/15/2026 at 07:55:50 PM ERROR logger Model:229 - Some pistons did not home: 0 of 1 pistons homed. Piston(s) 25 did not.

A piston that will not home is usually stuck or faulted mechanically -- it is not something the software can clear.

You can carry on without it: deselect piston(s) 25 on the tank and press Start again. The rest are homed and ready.
09/15/2026 at 07:55:50 PM WARNING logger Model:1103 - Piston(s) 16 have not moved since homing began.
09/15/2026 at 07:55:50 PM ERROR logger Model:1144 - 14 of 15 pistons homed. Piston(s) 16 did not. Timed out after 0 seconds.
09/15/2026 at 07:55:50 PM ERROR logger Model:229 - Some pistons did not home: 14 of 15 pistons homed. Piston(s) 16 did not.

A piston that will not home is usually stuck or faulted mechanically -- it is not something the software can clear.

You can carry on without it: deselect piston(s) 16 on the tank and press Start again. The rest are homed and ready.
09/15/2026 at 07:55:50 PM WARNING logger Model:1103 - Piston(s) 29 have not moved since homing began.
09/15/2026 at 07:55:50 PM ERROR logger Model:1144 - 0 of 3 pistons homed. Piston(s) 28, 29 and 30 did not. Timed out after 0 seconds.
09/15/2026 at 07:55:50 PM ERROR logger Model:229 - Some pistons did not home: 0 of 3 pistons homed. Piston(s) 28, 29 and 30 did not.

A piston that will not home is usually stuck or faulted mechanically -- it is not something the software can clear.

You can carry on without it: deselect piston(s) 28, 29 and 30 on the tank and press Start again. The rest are homed and ready.
09/15/2026 at 07:55:50 PM WARNING logger Model:1103 - Piston(s) 23 have not moved since homing began.
09/15/2026 at 07:55:50 PM ERROR logger Model:1144 - 29 of 30 pistons homed. Piston(s) 23 did not. Timed out after 0 seconds.
09/15/2026 at 07:55:50 PM ERROR logger Model:229 - Some pistons did not home: 29 of 30 pistons homed. Piston(s) 23 did not.

A piston that will not home is usually stuck or faulted mechanically -- it is not something the software can clear.

You can carry on without it: deselect piston(s) 23 on the tank and press Start again. The rest are homed and ready.
09/15/2026 at 07:55:50 PM WARNING logger Model:2514 - Piston 30 covered only 300 mm of its 300 mm stroke over the last 3 seconds. It may be dragging or stuck.
09/15/2026 at 07:55:52 PM WARNING logger Model:2052 - The stroke command was sent, but no piston moved more than 0 mm.
09/15/2026 at 07:55:52 PM ERROR logger Model:229 - Nothing moved: The stroke command was sent, but no piston moved more than 0 mm.

The command reached the controller, so this is not a connection problem. Likely causes:

  - the keyswitch on the front of the controller is at PROG, so the ladder is not scanning. Tags can still be read and written in that mode, which is why this looked like it connected. Turn it to RUN.
  - for a curve: no curve is loaded on the controller for the Curve ID you set, so there is nothing to run
  - the stroke is set so small there is nothing to see
09/15/2026 at 07:55:52 PM WARNING logger Model:650 - Ignored Start: Movement test is still running.
09/15/2026 at 07:55:52 PM WARNING logger Model:2277 - Pistons did not all reach the resting position.
09/15/2026 at 07:55:52 PM WARNING logger Model:1821 - Staging did not complete within 0.2 seconds; running unstaggered.
09/15/2026 at 07:55:52 PM ERROR logger test_error_log:60 - Piston 7 stuck: drive fault 0x40b7
09/15/2026 at 07:55:53 PM ERROR logger test_error_log:73 - Homing failed
Traceback (most recent call last):
  File "C:\Users\ahito\wavemaker-f25\tests\test_error_log.py", line 71, in test_exception_includes_the_traceback
    raise ValueError("bad home offset")
ValueError: bad home offset
09/15/2026 at 07:55:53 PM WARNING logger test_error_log:99 - Position 2 out of range
09/15/2026 at 07:55:53 PM ERROR logger test_error_log:118 - Piston 7 stuck
09/15/2026 at 07:55:53 PM ERROR logger test_error_log:135 - first fault
09/15/2026 at 07:55:53 PM ERROR logger Model:229 - Live speed change failed: The speed was updated on pistons , then stopped at piston 30: offline.
09/15/2026 at 07:55:53 PM ERROR logger Model:229 - Staging failed: Piston 30: restore failed
09/15/2026 at 07:55:53 PM ERROR logger Model:229 - Movement test cleanup failed: Could not clear movement-test run bit: clear failed
09/15/2026 at 07:55:53 PM WARNING logger Model:1821 - Staging did not complete within 0 seconds; running unstaggered.
09/15/2026 at 07:55:53 PM ERROR logger Model:229 - Movement test cleanup failed: Could not restore Program:Wave_Control.Live_Motors.1: selection restore failed
09/15/2026 at 07:55:53 PM ERROR logger Model:229 - Staging failed: Could not clear staging run bit: stop failed
09/15/2026 at 07:55:53 PM CRITICAL logger Model:2187 - STOP FAILED: Program:Wave_Control.Run_1: first stop failed
09/15/2026 at 07:55:53 PM ERROR logger Model:229 - Stop failed: The machine did not acknowledge the stop command:
Program:Wave_Control.Run_1: first stop failed

Use the physical stop and check the connection.
09/15/2026 at 07:55:53 PM WARNING logger Model:647 - Ignored Calibrate: a stop or resting move is still running.
09/15/2026 at 07:55:55 PM WARNING logger Model:2052 - The stroke command was sent, but no piston moved more than 0 mm.
09/15/2026 at 07:55:55 PM ERROR logger Model:229 - Nothing moved: The stroke command was sent, but no piston moved more than 0 mm.

The command reached the controller, so this is not a connection problem. Likely causes:

  - the keyswitch on the front of the controller is at PROG, so the ladder is not scanning. Tags can still be read and written in that mode, which is why this looked like it connected. Turn it to RUN.
  - for a curve: no curve is loaded on the controller for the Curve ID you set, so there is nothing to run
  - the stroke is set so small there is nothing to see
09/15/2026 at 07:55:55 PM WARNING logger PresetProcessor:131 - typo: Line 2: Speed 1 is 'fast', which is not a number; used 500.
09/15/2026 at 07:55:56 PM WARNING logger Model:2277 - Pistons did not all reach the resting position.
09/15/2026 at 07:56:00 PM WARNING logger Model:2277 - Pistons did not all reach the resting position.
09/15/2026 at 07:56:05 PM WARNING logger Model:2052 - The stroke command was sent, but no piston moved more than 0 mm.
09/15/2026 at 07:56:05 PM ERROR logger Model:229 - Nothing moved: The stroke command was sent, but no piston moved more than 0 mm.

The command reached the controller, so this is not a connection problem. Likely causes:

  - the keyswitch on the front of the controller is at PROG, so the ladder is not scanning. Tags can still be read and written in that mode, which is why this looked like it connected. Turn it to RUN.
  - for a curve: no curve is loaded on the controller for the Curve ID you set, so there is nothing to run
  - the stroke is set so small there is nothing to see
09/15/2026 at 07:56:08 PM WARNING logger Model:2277 - Pistons did not all reach the resting position.
09/15/2026 at 07:56:09 PM WARNING logger Model:2052 - The stroke command was sent, but no piston moved more than 0 mm.
09/15/2026 at 07:56:09 PM ERROR logger Model:229 - Nothing moved: The stroke command was sent, but no piston moved more than 0 mm.

The command reached the controller, so this is not a connection problem. Likely causes:

  - the keyswitch on the front of the controller is at PROG, so the ladder is not scanning. Tags can still be read and written in that mode, which is why this looked like it connected. Turn it to RUN.
  - for a curve: no curve is loaded on the controller for the Curve ID you set, so there is nothing to run
  - the stroke is set so small there is nothing to see
09/15/2026 at 07:56:09 PM WARNING logger Model:2052 - The curve command was sent, but no piston moved more than 0 mm.
09/15/2026 at 07:56:09 PM ERROR logger Model:229 - Nothing moved: The curve command was sent, but no piston moved more than 0 mm.

The command reached the controller, so this is not a connection problem. Likely causes:

  - the keyswitch on the front of the controller is at PROG, so the ladder is not scanning. Tags can still be read and written in that mode, which is why this looked like it connected. Turn it to RUN.
  - for a curve: no curve is loaded on the controller for the Curve ID you set, so there is nothing to run
  - the stroke is set so small there is nothing to see
09/15/2026 at 07:56:09 PM ERROR logger Model:229 - Nothing to prepare: Choose some pistons on the tank first.
09/15/2026 at 07:56:09 PM ERROR logger Model:229 - Nothing to prepare: Choose some pistons on the tank first.
09/15/2026 at 07:56:09 PM ERROR logger Model:229 - No pistons selected: Choose some pistons on the tank first.
09/15/2026 at 07:56:09 PM ERROR logger Model:229 - Nothing to prepare: Choose some pistons on the tank first.
09/15/2026 at 07:56:09 PM ERROR logger Model:229 - Nothing to prepare: Choose some pistons on the tank first.
09/15/2026 at 07:56:09 PM ERROR logger Model:229 - Not ready: The pistons must be homed before they can run. Press Start and it will do that first.
09/15/2026 at 07:56:09 PM ERROR logger Model:229 - Nothing to prepare: Choose some pistons on the tank first.
09/15/2026 at 07:56:09 PM ERROR logger Model:229 - Not ready: The pistons must be homed before they can run. Press Start and it will do that first.
09/15/2026 at 07:56:09 PM ERROR logger Model:229 - Not ready: The pistons must be homed before they can run. Press Start and it will do that first.
09/15/2026 at 07:56:09 PM WARNING logger Model:2052 - The curve command was sent, but no piston moved more than 0 mm.
09/15/2026 at 07:56:09 PM ERROR logger Model:229 - Nothing moved: The curve command was sent, but no piston moved more than 0 mm.

The command reached the controller, so this is not a connection problem. Likely causes:

  - the keyswitch on the front of the controller is at PROG, so the ladder is not scanning. Tags can still be read and written in that mode, which is why this looked like it connected. Turn it to RUN.
  - for a curve: no curve is loaded on the controller for the Curve ID you set, so there is nothing to run
  - the stroke is set so small there is nothing to see
09/15/2026 at 07:56:09 PM ERROR logger Model:229 - Not ready: The pistons must be homed before they can run. Press Start and it will do that first.
09/15/2026 at 07:56:09 PM ERROR logger Model:229 - No pistons selected: Choose some pistons on the tank first.
09/15/2026 at 07:56:09 PM ERROR logger Model:229 - Not ready: The pistons must be homed before they can run. Press Start and it will do that first.
09/15/2026 at 07:56:09 PM ERROR logger Model:229 - No pistons selected: Choose some pistons on the tank first.
09/15/2026 at 07:56:09 PM ERROR logger Model:229 - Nothing to prepare: Choose some pistons on the tank first.
09/15/2026 at 07:56:09 PM ERROR logger Model:229 - Not ready: The pistons must be homed before they can run. Press Start and it will do that first.
09/15/2026 at 07:56:09 PM ERROR logger Model:229 - No pistons selected: Choose some pistons on the tank first.
09/15/2026 at 07:56:09 PM ERROR logger Model:229 - Not ready: The pistons must be homed before they can run. Press Start and it will do that first.
09/15/2026 at 07:56:09 PM ERROR logger Model:229 - No pistons selected: Choose some pistons on the tank first.
09/15/2026 at 07:56:09 PM ERROR logger Model:229 - No pistons selected: Choose some pistons on the tank first.
09/15/2026 at 07:56:09 PM ERROR logger Model:229 - Not ready: The pistons must be homed before they can run. Press Start and it will do that first.
09/15/2026 at 07:56:09 PM ERROR logger Model:229 - Not ready: The pistons must be homed before they can run. Press Start and it will do that first.
09/15/2026 at 07:56:09 PM ERROR logger Model:229 - Nothing to prepare: Choose some pistons on the tank first.
09/15/2026 at 07:56:09 PM ERROR logger Model:229 - Not ready: The pistons must be homed before they can run. Press Start and it will do that first.
09/15/2026 at 07:56:09 PM ERROR logger Model:229 - No pistons selected: Choose some pistons on the tank first.
09/15/2026 at 07:56:09 PM ERROR logger Model:229 - No pistons selected: Choose some pistons on the tank first.
09/15/2026 at 07:56:09 PM ERROR logger Model:229 - Nothing to prepare: Choose some pistons on the tank first.
09/15/2026 at 07:56:09 PM WARNING logger Model:2052 - The curve command was sent, but no piston moved more than 0 mm.
09/15/2026 at 07:56:09 PM ERROR logger Model:229 - Nothing moved: The curve command was sent, but no piston moved more than 0 mm.

The command reached the controller, so this is not a connection problem. Likely causes:

  - the keyswitch on the front of the controller is at PROG, so the ladder is not scanning. Tags can still be read and written in that mode, which is why this looked like it connected. Turn it to RUN.
  - for a curve: no curve is loaded on the controller for the Curve ID you set, so there is nothing to run
  - the stroke is set so small there is nothing to see
09/15/2026 at 07:56:09 PM WARNING logger Model:2277 - Pistons did not all reach the resting position.
09/15/2026 at 07:56:09 PM ERROR logger Model:229 - Not ready: The pistons must be homed before they can run. Press Start and it will do that first.
09/15/2026 at 07:56:09 PM ERROR logger Model:229 - Nothing to prepare: Choose some pistons on the tank first.
09/15/2026 at 07:56:09 PM ERROR logger Model:229 - Not ready: The pistons must be homed before they can run. Press Start and it will do that first.
09/15/2026 at 07:56:09 PM ERROR logger Model:229 - Not ready: The pistons must be homed before they can run. Press Start and it will do that first.
09/15/2026 at 07:56:09 PM WARNING logger Model:2052 - The stroke command was sent, but no piston moved more than 0 mm.
09/15/2026 at 07:56:09 PM ERROR logger Model:229 - Nothing moved: The stroke command was sent, but no piston moved more than 0 mm.

The command reached the controller, so this is not a connection problem. Likely causes:

  - the keyswitch on the front of the controller is at PROG, so the ladder is not scanning. Tags can still be read and written in that mode, which is why this looked like it connected. Turn it to RUN.
  - for a curve: no curve is loaded on the controller for the Curve ID you set, so there is nothing to run
  - the stroke is set so small there is nothing to see
09/15/2026 at 07:56:09 PM WARNING logger Model:2052 - The stroke command was sent, but no piston moved more than 0 mm.
09/15/2026 at 07:56:09 PM ERROR logger Model:229 - Nothing moved: The stroke command was sent, but no piston moved more than 0 mm.

The command reached the controller, so this is not a connection problem. Likely causes:

  - the keyswitch on the front of the controller is at PROG, so the ladder is not scanning. Tags can still be read and written in that mode, which is why this looked like it connected. Turn it to RUN.
  - for a curve: no curve is loaded on the controller for the Curve ID you set, so there is nothing to run
  - the stroke is set so small there is nothing to see
09/15/2026 at 07:56:09 PM ERROR logger Model:229 - No pistons selected: Choose some pistons on the tank first.
09/15/2026 at 07:56:09 PM ERROR logger Model:229 - No pistons selected: Choose some pistons on the tank first.
09/15/2026 at 07:56:10 PM WARNING logger Model:2052 - The stroke command was sent, but no piston moved more than 0 mm.
09/15/2026 at 07:56:10 PM ERROR logger Model:229 - Nothing moved: The stroke command was sent, but no piston moved more than 0 mm.

The command reached the controller, so this is not a connection problem. Likely causes:

  - the keyswitch on the front of the controller is at PROG, so the ladder is not scanning. Tags can still be read and written in that mode, which is why this looked like it connected. Turn it to RUN.
  - for a curve: no curve is loaded on the controller for the Curve ID you set, so there is nothing to run
  - the stroke is set so small there is nothing to see
09/15/2026 at 07:56:10 PM WARNING logger Model:2052 - The curve command was sent, but no piston moved more than 0 mm.
09/15/2026 at 07:56:10 PM ERROR logger Model:229 - Nothing moved: The curve command was sent, but no piston moved more than 0 mm.

The command reached the controller, so this is not a connection problem. Likely causes:

  - the keyswitch on the front of the controller is at PROG, so the ladder is not scanning. Tags can still be read and written in that mode, which is why this looked like it connected. Turn it to RUN.
  - for a curve: no curve is loaded on the controller for the Curve ID you set, so there is nothing to run
  - the stroke is set so small there is nothing to see
09/15/2026 at 07:56:10 PM WARNING logger Model:647 - Ignored Run: a stop or resting move is still running.
09/15/2026 at 07:56:10 PM ERROR logger Model:229 - Not ready: The pistons must be homed before they can run. Press Start and it will do that first.
09/15/2026 at 07:56:10 PM ERROR logger Model:229 - Not ready: The pistons must be homed before they can run. Press Start and it will do that first.
09/15/2026 at 07:56:10 PM ERROR logger Model:229 - Nothing to prepare: Choose some pistons on the tank first.
09/15/2026 at 07:56:10 PM ERROR logger Model:229 - Nothing to prepare: Choose some pistons on the tank first.
09/15/2026 at 07:56:10 PM ERROR logger Model:229 - Nothing to prepare: Choose some pistons on the tank first.
09/15/2026 at 07:56:10 PM ERROR logger Model:229 - No pistons selected: Choose some pistons on the tank first.
09/15/2026 at 07:56:10 PM ERROR logger Model:229 - Not ready: The pistons must be homed before they can run. Press Start and it will do that first.
09/15/2026 at 07:56:10 PM ERROR logger Model:229 - Nothing to prepare: Choose some pistons on the tank first.
09/15/2026 at 07:56:10 PM ERROR logger Model:229 - Nothing to prepare: Choose some pistons on the tank first.
09/15/2026 at 07:56:10 PM ERROR logger Model:229 - Not ready: The pistons must be homed before they can run. Press Start and it will do that first.
09/15/2026 at 07:56:10 PM ERROR logger Model:229 - Nothing to prepare: Choose some pistons on the tank first.
09/15/2026 at 07:56:10 PM ERROR logger Model:229 - Not ready: The pistons must be homed before they can run. Press Start and it will do that first.
09/15/2026 at 07:56:10 PM ERROR logger Model:229 - No pistons selected: Choose some pistons on the tank first.
09/15/2026 at 07:56:10 PM ERROR logger Model:229 - Nothing to prepare: Choose some pistons on the tank first.
09/15/2026 at 07:56:10 PM WARNING logger Model:2052 - The curve command was sent, but no piston moved more than 0 mm.
09/15/2026 at 07:56:10 PM ERROR logger Model:229 - Nothing moved: The curve command was sent, but no piston moved more than 0 mm.

The command reached the controller, so this is not a connection problem. Likely causes:

  - the keyswitch on the front of the controller is at PROG, so the ladder is not scanning. Tags can still be read and written in that mode, which is why this looked like it connected. Turn it to RUN.
  - for a curve: no curve is loaded on the controller for the Curve ID you set, so there is nothing to run
  - the stroke is set so small there is nothing to see
09/15/2026 at 07:56:10 PM ERROR logger Model:229 - No pistons selected: Choose some pistons on the tank first.
09/15/2026 at 07:56:10 PM WARNING logger Model:2052 - The stroke command was sent, but no piston moved more than 0 mm.
09/15/2026 at 07:56:10 PM ERROR logger Model:229 - Nothing moved: The stroke command was sent, but no piston moved more than 0 mm.

The command reached the controller, so this is not a connection problem. Likely causes:

  - the keyswitch on the front of the controller is at PROG, so the ladder is not scanning. Tags can still be read and written in that mode, which is why this looked like it connected. Turn it to RUN.
  - for a curve: no curve is loaded on the controller for the Curve ID you set, so there is nothing to run
  - the stroke is set so small there is nothing to see
09/15/2026 at 07:56:10 PM WARNING logger Model:2277 - Pistons did not all reach the resting position.
09/15/2026 at 07:56:10 PM WARNING logger Model:2277 - Pistons did not all reach the resting position.
09/15/2026 at 07:56:10 PM ERROR logger Model:229 - Not ready: The pistons must be homed before they can run. Press Start and it will do that first.
09/15/2026 at 07:56:10 PM WARNING logger Model:2277 - Pistons did not all reach the resting position.
09/15/2026 at 07:56:10 PM WARNING logger Model:2052 - The stroke command was sent, but no piston moved more than 0 mm.
09/15/2026 at 07:56:10 PM ERROR logger Model:229 - Nothing moved: The stroke command was sent, but no piston moved more than 0 mm.

The command reached the controller, so this is not a connection problem. Likely causes:

  - the keyswitch on the front of the controller is at PROG, so the ladder is not scanning. Tags can still be read and written in that mode, which is why this looked like it connected. Turn it to RUN.
  - for a curve: no curve is loaded on the controller for the Curve ID you set, so there is nothing to run
  - the stroke is set so small there is nothing to see
09/15/2026 at 07:56:10 PM WARNING logger Model:2277 - Pistons did not all reach the resting position.
09/15/2026 at 07:56:10 PM ERROR logger Model:229 - Not ready: The pistons must be homed before they can run. Press Start and it will do that first.
09/15/2026 at 07:56:10 PM ERROR logger Model:229 - Not ready: The pistons must be homed before they can run. Press Start and it will do that first.
09/15/2026 at 07:56:10 PM ERROR logger Model:229 - Not ready: The pistons must be homed before they can run. Press Start and it will do that first.
09/15/2026 at 07:56:10 PM ERROR logger Model:229 - Not ready: The pistons must be homed before they can run. Press Start and it will do that first.
09/15/2026 at 07:56:10 PM WARNING logger Model:647 - Ignored Calibrate: a stop or resting move is still running.
09/15/2026 at 07:56:10 PM WARNING logger Model:647 - Ignored Calibrate: a stop or resting move is still running.
09/15/2026 at 07:56:10 PM ERROR logger Model:229 - No pistons selected: Choose some pistons on the tank first.
09/15/2026 at 07:56:10 PM ERROR logger Model:229 - Not ready: The pistons must be homed before they can run. Press Start and it will do that first.
09/15/2026 at 07:56:10 PM WARNING logger Model:2052 - The stroke command was sent, but no piston moved more than 0 mm.
09/15/2026 at 07:56:10 PM ERROR logger Model:229 - Nothing moved: The stroke command was sent, but no piston moved more than 0 mm.

The command reached the controller, so this is not a connection problem. Likely causes:

  - the keyswitch on the front of the controller is at PROG, so the ladder is not scanning. Tags can still be read and written in that mode, which is why this looked like it connected. Turn it to RUN.
  - for a curve: no curve is loaded on the controller for the Curve ID you set, so there is nothing to run
  - the stroke is set so small there is nothing to see
09/15/2026 at 07:56:10 PM ERROR logger Model:229 - Not ready: The pistons must be homed before they can run. Press Start and it will do that first.
09/15/2026 at 07:56:10 PM WARNING logger Model:2052 - The curve command was sent, but no piston moved more than 0 mm.
09/15/2026 at 07:56:10 PM ERROR logger Model:229 - Nothing moved: The curve command was sent, but no piston moved more than 0 mm.

The command reached the controller, so this is not a connection problem. Likely causes:

  - the keyswitch on the front of the controller is at PROG, so the ladder is not scanning. Tags can still be read and written in that mode, which is why this looked like it connected. Turn it to RUN.
  - for a curve: no curve is loaded on the controller for the Curve ID you set, so there is nothing to run
  - the stroke is set so small there is nothing to see
09/15/2026 at 07:56:10 PM ERROR logger Model:229 - Nothing to prepare: Choose some pistons on the tank first.
09/15/2026 at 07:56:10 PM ERROR logger Model:229 - No pistons selected: Choose some pistons on the tank first.
09/15/2026 at 07:56:10 PM ERROR logger Model:229 - No pistons selected: Choose some pistons on the tank first.
09/15/2026 at 07:56:10 PM ERROR logger Model:229 - Not ready: The pistons must be homed before they can run. Press Start and it will do that first.
09/15/2026 at 07:56:10 PM ERROR logger Model:229 - Not ready: The pistons must be homed before they can run. Press Start and it will do that first.
09/15/2026 at 07:56:10 PM ERROR logger Model:229 - Not ready: The pistons must be homed before they can run. Press Start and it will do that first.
09/15/2026 at 07:56:10 PM ERROR logger Model:229 - No pistons selected: Choose some pistons on the tank first.
09/15/2026 at 07:56:10 PM ERROR logger Model:229 - No pistons selected: Choose some pistons on the tank first.
09/15/2026 at 07:56:10 PM ERROR logger Model:229 - Not ready: The pistons must be homed before they can run. Press Start and it will do that first.
09/15/2026 at 07:56:10 PM ERROR logger Model:229 - No pistons selected: Choose some pistons on the tank first.
09/15/2026 at 07:56:10 PM WARNING logger Model:2052 - The stroke command was sent, but no piston moved more than 0 mm.
09/15/2026 at 07:56:10 PM ERROR logger Model:229 - Nothing moved: The stroke command was sent, but no piston moved more than 0 mm.

The command reached the controller, so this is not a connection problem. Likely causes:

  - the keyswitch on the front of the controller is at PROG, so the ladder is not scanning. Tags can still be read and written in that mode, which is why this looked like it connected. Turn it to RUN.
  - for a curve: no curve is loaded on the controller for the Curve ID you set, so there is nothing to run
  - the stroke is set so small there is nothing to see
09/15/2026 at 07:56:10 PM WARNING logger Model:2052 - The curve command was sent, but no piston moved more than 0 mm.
09/15/2026 at 07:56:10 PM ERROR logger Model:229 - Nothing moved: The curve command was sent, but no piston moved more than 0 mm.

The command reached the controller, so this is not a connection problem. Likely causes:

  - the keyswitch on the front of the controller is at PROG, so the ladder is not scanning. Tags can still be read and written in that mode, which is why this looked like it connected. Turn it to RUN.
  - for a curve: no curve is loaded on the controller for the Curve ID you set, so there is nothing to run
  - the stroke is set so small there is nothing to see
09/15/2026 at 07:56:10 PM WARNING logger Model:2277 - Pistons did not all reach the resting position.
09/15/2026 at 07:56:10 PM WARNING logger Model:2052 - The curve command was sent, but no piston moved more than 0 mm.
09/15/2026 at 07:56:10 PM ERROR logger Model:229 - Nothing moved: The curve command was sent, but no piston moved more than 0 mm.

The command reached the controller, so this is not a connection problem. Likely causes:

  - the keyswitch on the front of the controller is at PROG, so the ladder is not scanning. Tags can still be read and written in that mode, which is why this looked like it connected. Turn it to RUN.
  - for a curve: no curve is loaded on the controller for the Curve ID you set, so there is nothing to run
  - the stroke is set so small there is nothing to see
09/15/2026 at 07:56:10 PM WARNING logger Model:2277 - Pistons did not all reach the resting position.
09/15/2026 at 07:56:10 PM WARNING logger Model:2052 - The curve command was sent, but no piston moved more than 0 mm.
09/15/2026 at 07:56:10 PM ERROR logger Model:229 - Nothing moved: The curve command was sent, but no piston moved more than 0 mm.

The command reached the controller, so this is not a connection problem. Likely causes:

  - the keyswitch on the front of the controller is at PROG, so the ladder is not scanning. Tags can still be read and written in that mode, which is why this looked like it connected. Turn it to RUN.
  - for a curve: no curve is loaded on the controller for the Curve ID you set, so there is nothing to run
  - the stroke is set so small there is nothing to see
09/15/2026 at 07:56:10 PM ERROR logger Model:229 - No pistons selected: Choose some pistons on the tank first.
09/15/2026 at 07:56:10 PM ERROR logger Model:229 - Nothing to prepare: Choose some pistons on the tank first.
09/15/2026 at 07:56:10 PM ERROR logger Model:229 - Not ready: The pistons must be homed before they can run. Press Start and it will do that first.
09/15/2026 at 07:56:10 PM ERROR logger Model:229 - Not ready: The pistons must be homed before they can run. Press Start and it will do that first.
09/15/2026 at 07:56:10 PM ERROR logger Model:229 - Nothing to prepare: Choose some pistons on the tank first.
09/15/2026 at 07:56:10 PM ERROR logger Model:229 - Not ready: The pistons must be homed before they can run. Press Start and it will do that first.
09/15/2026 at 07:56:10 PM ERROR logger Model:229 - No pistons selected: Choose some pistons on the tank first.
09/15/2026 at 07:56:10 PM ERROR logger Model:229 - Not ready: The pistons must be homed before they can run. Press Start and it will do that first.
09/15/2026 at 07:56:10 PM ERROR logger Model:229 - Not ready: The pistons must be homed before they can run. Press Start and it will do that first.
09/15/2026 at 07:56:10 PM WARNING logger Model:2052 - The stroke command was sent, but no piston moved more than 0 mm.
09/15/2026 at 07:56:10 PM ERROR logger Model:229 - Nothing moved: The stroke command was sent, but no piston moved more than 0 mm.

The command reached the controller, so this is not a connection problem. Likely causes:

  - the keyswitch on the front of the controller is at PROG, so the ladder is not scanning. Tags can still be read and written in that mode, which is why this looked like it connected. Turn it to RUN.
  - for a curve: no curve is loaded on the controller for the Curve ID you set, so there is nothing to run
  - the stroke is set so small there is nothing to see
09/15/2026 at 07:56:10 PM WARNING logger Model:2277 - Pistons did not all reach the resting position.
09/15/2026 at 07:56:10 PM ERROR logger Model:229 - Not ready: The pistons must be homed before they can run. Press Start and it will do that first.
09/15/2026 at 07:56:10 PM ERROR logger Model:229 - Nothing to prepare: Choose some pistons on the tank first.
09/15/2026 at 07:56:10 PM ERROR logger Model:229 - Nothing to prepare: Choose some pistons on the tank first.
09/15/2026 at 07:56:10 PM ERROR logger Model:229 - Nothing to prepare: Choose some pistons on the tank first.
09/15/2026 at 07:56:10 PM ERROR logger Model:229 - Not ready: The pistons must be homed before they can run. Press Start and it will do that first.
09/15/2026 at 07:56:10 PM ERROR logger Model:229 - Not ready: The pistons must be homed before they can run. Press Start and it will do that first.
09/15/2026 at 07:56:10 PM WARNING logger Model:647 - Ignored Prepare: a stop or resting move is still running.
09/15/2026 at 07:56:10 PM ERROR logger Model:229 - Nothing to prepare: Choose some pistons on the tank first.
09/15/2026 at 07:56:10 PM ERROR logger Model:229 - Not ready: The pistons must be homed before they can run. Press Start and it will do that first.
09/15/2026 at 07:56:10 PM ERROR logger Model:229 - No pistons selected: Choose some pistons on the tank first.
09/15/2026 at 07:56:10 PM ERROR logger Model:229 - Not ready: The pistons must be homed before they can run. Press Start and it will do that first.
09/15/2026 at 07:56:10 PM ERROR logger Model:229 - Not ready: The pistons must be homed before they can run. Press Start and it will do that first.
09/15/2026 at 07:56:10 PM ERROR logger Model:229 - Not ready: The pistons must be homed before they can run. Press Start and it will do that first.
09/15/2026 at 07:56:10 PM WARNING logger Model:647 - Ignored Run: a stop or resting move is still running.
09/15/2026 at 07:56:10 PM WARNING logger Model:2277 - Pistons did not all reach the resting position.
09/15/2026 at 07:56:10 PM ERROR logger Model:229 - Not ready: The pistons must be homed before they can run. Press Start and it will do that first.
09/15/2026 at 07:56:10 PM ERROR logger Model:229 - No pistons selected: Choose some pistons on the tank first.
09/15/2026 at 07:56:10 PM WARNING logger Model:2052 - The curve command was sent, but no piston moved more than 0 mm.
09/15/2026 at 07:56:10 PM ERROR logger Model:229 - Nothing moved: The curve command was sent, but no piston moved more than 0 mm.

The command reached the controller, so this is not a connection problem. Likely causes:

  - the keyswitch on the front of the controller is at PROG, so the ladder is not scanning. Tags can still be read and written in that mode, which is why this looked like it connected. Turn it to RUN.
  - for a curve: no curve is loaded on the controller for the Curve ID you set, so there is nothing to run
  - the stroke is set so small there is nothing to see
09/15/2026 at 07:56:10 PM WARNING logger Model:2277 - Pistons did not all reach the resting position.
09/15/2026 at 07:56:10 PM WARNING logger Model:2277 - Pistons did not all reach the resting position.
09/15/2026 at 07:56:10 PM WARNING logger Model:2052 - The curve command was sent, but no piston moved more than 0 mm.
09/15/2026 at 07:56:10 PM ERROR logger Model:229 - Nothing moved: The curve command was sent, but no piston moved more than 0 mm.

The command reached the controller, so this is not a connection problem. Likely causes:

  - the keyswitch on the front of the controller is at PROG, so the ladder is not scanning. Tags can still be read and written in that mode, which is why this looked like it connected. Turn it to RUN.
  - for a curve: no curve is loaded on the controller for the Curve ID you set, so there is nothing to run
  - the stroke is set so small there is nothing to see
09/15/2026 at 07:56:10 PM WARNING logger Model:2277 - Pistons did not all reach the resting position.
09/15/2026 at 07:56:10 PM WARNING logger Model:647 - Ignored Calibrate: a stop or resting move is still running.
09/15/2026 at 07:56:10 PM ERROR logger Model:229 - Nothing to prepare: Choose some pistons on the tank first.
09/15/2026 at 07:56:10 PM WARNING logger Model:2052 - The curve command was sent, but no piston moved more than 0 mm.
09/15/2026 at 07:56:10 PM ERROR logger Model:229 - Nothing moved: The curve command was sent, but no piston moved more than 0 mm.

The command reached the controller, so this is not a connection problem. Likely causes:

  - the keyswitch on the front of the controller is at PROG, so the ladder is not scanning. Tags can still be read and written in that mode, which is why this looked like it connected. Turn it to RUN.
  - for a curve: no curve is loaded on the controller for the Curve ID you set, so there is nothing to run
  - the stroke is set so small there is nothing to see
09/15/2026 at 07:56:10 PM ERROR logger Model:229 - Nothing to prepare: Choose some pistons on the tank first.
09/15/2026 at 07:56:10 PM ERROR logger Model:229 - No pistons selected: Choose some pistons on the tank first.
09/15/2026 at 07:56:10 PM ERROR logger Model:229 - Not ready: The pistons must be homed before they can run. Press Start and it will do that first.
09/15/2026 at 07:56:10 PM WARNING logger Model:2052 - The stroke command was sent, but no piston moved more than 0 mm.
09/15/2026 at 07:56:10 PM ERROR logger Model:229 - Nothing moved: The stroke command was sent, but no piston moved more than 0 mm.

The command reached the controller, so this is not a connection problem. Likely causes:

  - the keyswitch on the front of the controller is at PROG, so the ladder is not scanning. Tags can still be read and written in that mode, which is why this looked like it connected. Turn it to RUN.
  - for a curve: no curve is loaded on the controller for the Curve ID you set, so there is nothing to run
  - the stroke is set so small there is nothing to see
09/15/2026 at 07:56:10 PM ERROR logger Model:229 - Not ready: The pistons must be homed before they can run. Press Start and it will do that first.
09/15/2026 at 07:56:10 PM WARNING logger Model:2052 - The curve command was sent, but no piston moved more than 0 mm.
09/15/2026 at 07:56:10 PM ERROR logger Model:229 - Nothing moved: The curve command was sent, but no piston moved more than 0 mm.

The command reached the controller, so this is not a connection problem. Likely causes:

  - the keyswitch on the front of the controller is at PROG, so the ladder is not scanning. Tags can still be read and written in that mode, which is why this looked like it connected. Turn it to RUN.
  - for a curve: no curve is loaded on the controller for the Curve ID you set, so there is nothing to run
  - the stroke is set so small there is nothing to see
09/15/2026 at 07:56:10 PM ERROR logger Model:229 - Not ready: The pistons must be homed before they can run. Press Start and it will do that first.
09/15/2026 at 07:56:10 PM WARNING logger Model:2052 - The stroke command was sent, but no piston moved more than 0 mm.
09/15/2026 at 07:56:10 PM ERROR logger Model:229 - Nothing moved: The stroke command was sent, but no piston moved more than 0 mm.

The command reached the controller, so this is not a connection problem. Likely causes:

  - the keyswitch on the front of the controller is at PROG, so the ladder is not scanning. Tags can still be read and written in that mode, which is why this looked like it connected. Turn it to RUN.
  - for a curve: no curve is loaded on the controller for the Curve ID you set, so there is nothing to run
  - the stroke is set so small there is nothing to see
09/15/2026 at 07:56:10 PM ERROR logger Model:229 - No pistons selected: Choose some pistons on the tank first.
09/15/2026 at 07:56:10 PM ERROR logger Model:229 - Not ready: The pistons must be homed before they can run. Press Start and it will do that first.
09/15/2026 at 07:56:10 PM ERROR logger Model:229 - Nothing to prepare: Choose some pistons on the tank first.
09/15/2026 at 07:56:10 PM ERROR logger Model:229 - Not ready: The pistons must be homed before they can run. Press Start and it will do that first.
09/15/2026 at 07:56:10 PM ERROR logger Model:229 - Not ready: The pistons must be homed before they can run. Press Start and it will do that first.
09/15/2026 at 07:56:10 PM ERROR logger Model:229 - No pistons selected: Choose some pistons on the tank first.
09/15/2026 at 07:56:10 PM ERROR logger Model:229 - Not ready: The pistons must be homed before they can run. Press Start and it will do that first.
09/15/2026 at 07:56:10 PM ERROR logger Model:229 - Not ready: The pistons must be homed before they can run. Press Start and it will do that first.
09/15/2026 at 07:56:10 PM WARNING logger Model:2052 - The curve command was sent, but no piston moved more than 0 mm.
09/15/2026 at 07:56:10 PM ERROR logger Model:229 - Nothing moved: The curve command was sent, but no piston moved more than 0 mm.

The command reached the controller, so this is not a connection problem. Likely causes:

  - the keyswitch on the front of the controller is at PROG, so the ladder is not scanning. Tags can still be read and written in that mode, which is why this looked like it connected. Turn it to RUN.
  - for a curve: no curve is loaded on the controller for the Curve ID you set, so there is nothing to run
  - the stroke is set so small there is nothing to see
09/15/2026 at 07:56:10 PM ERROR logger Model:229 - Not ready: The pistons must be homed before they can run. Press Start and it will do that first.
09/15/2026 at 07:56:10 PM ERROR logger Model:229 - Not ready: The pistons must be homed before they can run. Press Start and it will do that first.
09/15/2026 at 07:56:10 PM ERROR logger Model:229 - Nothing to prepare: Choose some pistons on the tank first.
09/15/2026 at 07:56:10 PM ERROR logger Model:229 - Not ready: The pistons must be homed before they can run. Press Start and it will do that first.
09/15/2026 at 07:56:10 PM ERROR logger Model:229 - No pistons selected: Choose some pistons on the tank first.
09/15/2026 at 07:56:10 PM ERROR logger Model:229 - No pistons selected: Choose some pistons on the tank first.
09/15/2026 at 07:56:10 PM ERROR logger Model:229 - Not ready: The pistons must be homed before they can run. Press Start and it will do that first.
09/15/2026 at 07:56:10 PM ERROR logger Model:229 - Not ready: The pistons must be homed before they can run. Press Start and it will do that first.
09/15/2026 at 07:56:10 PM ERROR logger Model:229 - Not ready: The pistons must be homed before they can run. Press Start and it will do that first.
09/15/2026 at 07:56:10 PM ERROR logger Model:229 - No pistons selected: Choose some pistons on the tank first.
09/15/2026 at 07:56:10 PM WARNING logger Model:2052 - The curve command was sent, but no piston moved more than 0 mm.
09/15/2026 at 07:56:10 PM ERROR logger Model:229 - Nothing moved: The curve command was sent, but no piston moved more than 0 mm.

The command reached the controller, so this is not a connection problem. Likely causes:

  - the keyswitch on the front of the controller is at PROG, so the ladder is not scanning. Tags can still be read and written in that mode, which is why this looked like it connected. Turn it to RUN.
  - for a curve: no curve is loaded on the controller for the Curve ID you set, so there is nothing to run
  - the stroke is set so small there is nothing to see
09/15/2026 at 07:56:10 PM ERROR logger Model:229 - Not ready: The pistons must be homed before they can run. Press Start and it will do that first.
09/15/2026 at 07:56:10 PM ERROR logger Model:229 - Nothing to prepare: Choose some pistons on the tank first.
09/15/2026 at 07:56:10 PM ERROR logger Model:229 - No pistons selected: Choose some pistons on the tank first.
09/15/2026 at 07:56:10 PM ERROR logger Model:229 - Not ready: The pistons must be homed before they can run. Press Start and it will do that first.
09/15/2026 at 07:56:10 PM ERROR logger Model:229 - No pistons selected: Choose some pistons on the tank first.
09/15/2026 at 07:56:10 PM ERROR logger Model:229 - Not ready: The pistons must be homed before they can run. Press Start and it will do that first.
09/15/2026 at 07:56:10 PM ERROR logger Model:229 - Not ready: The pistons must be homed before they can run. Press Start and it will do that first.
09/15/2026 at 07:56:10 PM ERROR logger Model:229 - No pistons selected: Choose some pistons on the tank first.
09/15/2026 at 07:56:10 PM ERROR logger Model:229 - Not ready: The pistons must be homed before they can run. Press Start and it will do that first.
09/15/2026 at 07:56:10 PM ERROR logger Model:229 - No pistons selected: Choose some pistons on the tank first.
09/15/2026 at 07:56:10 PM ERROR logger Model:229 - No pistons selected: Choose some pistons on the tank first.
09/15/2026 at 07:56:10 PM ERROR logger Model:229 - No pistons selected: Choose some pistons on the tank first.
09/15/2026 at 07:56:10 PM ERROR logger Model:229 - Not ready: The pistons must be homed before they can run. Press Start and it will do that first.
09/15/2026 at 07:56:10 PM ERROR logger Model:229 - No pistons selected: Choose some pistons on the tank first.
09/15/2026 at 07:56:10 PM ERROR logger Model:229 - Not ready: The pistons must be homed before they can run. Press Start and it will do that first.
09/15/2026 at 07:56:10 PM ERROR logger Model:229 - Nothing to prepare: Choose some pistons on the tank first.
09/15/2026 at 07:56:10 PM ERROR logger Model:229 - Nothing to prepare: Choose some pistons on the tank first.
09/15/2026 at 07:56:10 PM ERROR logger Model:229 - Not ready: The pistons must be homed before they can run. Press Start and it will do that first.
09/15/2026 at 07:56:10 PM ERROR logger Model:229 - Not ready: The pistons must be homed before they can run. Press Start and it will do that first.
09/15/2026 at 07:56:10 PM ERROR logger Model:229 - Nothing to prepare: Choose some pistons on the tank first.
09/15/2026 at 07:56:10 PM ERROR logger Model:229 - Not ready: The pistons must be homed before they can run. Press Start and it will do that first.
09/15/2026 at 07:56:10 PM ERROR logger Model:229 - Nothing to prepare: Choose some pistons on the tank first.
09/15/2026 at 07:56:10 PM ERROR logger Model:229 - Not ready: The pistons must be homed before they can run. Press Start and it will do that first.
09/15/2026 at 07:56:10 PM ERROR logger Model:229 - Nothing to prepare: Choose some pistons on the tank first.
09/15/2026 at 07:56:10 PM ERROR logger Model:229 - Nothing to prepare: Choose some pistons on the tank first.
09/15/2026 at 07:56:10 PM ERROR logger Model:229 - Nothing to prepare: Choose some pistons on the tank first.
09/15/2026 at 07:56:10 PM ERROR logger Model:229 - Nothing to prepare: Choose some pistons on the tank first.
09/15/2026 at 07:56:10 PM ERROR logger Model:229 - Not ready: The pistons must be homed before they can run. Press Start and it will do that first.
09/15/2026 at 07:56:10 PM WARNING logger Model:2052 - The curve command was sent, but no piston moved more than 0 mm.
09/15/2026 at 07:56:10 PM ERROR logger Model:229 - Nothing moved: The curve command was sent, but no piston moved more than 0 mm.

The command reached the controller, so this is not a connection problem. Likely causes:

  - the keyswitch on the front of the controller is at PROG, so the ladder is not scanning. Tags can still be read and written in that mode, which is why this looked like it connected. Turn it to RUN.
  - for a curve: no curve is loaded on the controller for the Curve ID you set, so there is nothing to run
  - the stroke is set so small there is nothing to see
09/15/2026 at 07:56:10 PM WARNING logger Model:2277 - Pistons did not all reach the resting position.
09/15/2026 at 07:56:10 PM ERROR logger Model:229 - Not ready: The pistons must be homed before they can run. Press Start and it will do that first.
09/15/2026 at 07:56:10 PM WARNING logger Model:2052 - The curve command was sent, but no piston moved more than 0 mm.
09/15/2026 at 07:56:10 PM ERROR logger Model:229 - Nothing moved: The curve command was sent, but no piston moved more than 0 mm.

The command reached the controller, so this is not a connection problem. Likely causes:

  - the keyswitch on the front of the controller is at PROG, so the ladder is not scanning. Tags can still be read and written in that mode, which is why this looked like it connected. Turn it to RUN.
  - for a curve: no curve is loaded on the controller for the Curve ID you set, so there is nothing to run
  - the stroke is set so small there is nothing to see
09/15/2026 at 07:56:10 PM WARNING logger Model:647 - Ignored Prepare: a stop or resting move is still running.
09/15/2026 at 07:56:10 PM ERROR logger Model:229 - Not ready: The pistons must be homed before they can run. Press Start and it will do that first.
09/15/2026 at 07:56:10 PM ERROR logger Model:229 - Not ready: The pistons must be homed before they can run. Press Start and it will do that first.
09/15/2026 at 07:56:10 PM ERROR logger Model:229 - No pistons selected: Choose some pistons on the tank first.
09/15/2026 at 07:56:10 PM ERROR logger Model:229 - Not ready: The pistons must be homed before they can run. Press Start and it will do that first.
09/15/2026 at 07:56:10 PM ERROR logger Model:229 - Nothing to prepare: Choose some pistons on the tank first.
09/15/2026 at 07:56:10 PM ERROR logger Model:229 - Nothing to prepare: Choose some pistons on the tank first.
09/15/2026 at 07:56:10 PM ERROR logger Model:229 - Not ready: The pistons must be homed before they can run. Press Start and it will do that first.
09/15/2026 at 07:56:10 PM ERROR logger Model:229 - Nothing to prepare: Choose some pistons on the tank first.
09/15/2026 at 07:56:10 PM ERROR logger Model:229 - No pistons selected: Choose some pistons on the tank first.
09/15/2026 at 07:56:10 PM ERROR logger Model:229 - Nothing to prepare: Choose some pistons on the tank first.
09/15/2026 at 07:56:10 PM ERROR logger Model:229 - No pistons selected: Choose some pistons on the tank first.
09/15/2026 at 07:56:10 PM ERROR logger Model:229 - No pistons selected: Choose some pistons on the tank first.
09/15/2026 at 07:56:10 PM ERROR logger Model:229 - Nothing to prepare: Choose some pistons on the tank first.
09/15/2026 at 07:56:10 PM ERROR logger Model:229 - Not ready: The pistons must be homed before they can run. Press Start and it will do that first.
09/15/2026 at 07:56:10 PM ERROR logger Model:229 - Not ready: The pistons must be homed before they can run. Press Start and it will do that first.
09/15/2026 at 07:56:10 PM ERROR logger Model:229 - No pistons selected: Choose some pistons on the tank first.
09/15/2026 at 07:56:10 PM ERROR logger Model:229 - Not ready: The pistons must be homed before they can run. Press Start and it will do that first.
09/15/2026 at 07:56:10 PM WARNING logger Model:2052 - The curve command was sent, but no piston moved more than 0 mm.
09/15/2026 at 07:56:10 PM ERROR logger Model:229 - Nothing moved: The curve command was sent, but no piston moved more than 0 mm.

The command reached the controller, so this is not a connection problem. Likely causes:

  - the keyswitch on the front of the controller is at PROG, so the ladder is not scanning. Tags can still be read and written in that mode, which is why this looked like it connected. Turn it to RUN.
  - for a curve: no curve is loaded on the controller for the Curve ID you set, so there is nothing to run
  - the stroke is set so small there is nothing to see
09/15/2026 at 07:56:10 PM WARNING logger Model:2514 - Piston 26 covered only 0 mm of its 300 mm stroke over the last 1 seconds. It may be dragging or stuck.
09/15/2026 at 07:56:10 PM CRITICAL logger Model:2187 - STOP FAILED: Program:Wave_Control.Run_1: network unplugged; Program:Wave_Control.Run_2: network unplugged; Program:Wave_Control.Run_Curve: network unplugged
09/15/2026 at 07:56:10 PM ERROR logger Model:229 - Stop failed: The machine did not acknowledge the stop command:
Program:Wave_Control.Run_1: network unplugged; Program:Wave_Control.Run_2: network unplugged; Program:Wave_Control.Run_Curve: network unplugged

Use the physical stop and check the connection.
09/15/2026 at 07:56:10 PM ERROR logger Model:229 - Not ready: The pistons must be homed before they can run. Press Start and it will do that first.
09/15/2026 at 07:56:10 PM ERROR logger Model:229 - Check the parameters: Group 1: Position 1 must be at most 370 (got 5,000)
09/15/2026 at 07:56:10 PM WARNING logger Model:650 - Ignored Prepare: None is still running.
09/15/2026 at 07:56:14 PM WARNING logger Model:2514 - Piston 26 covered only 0 mm of its 300 mm stroke over the last 1 seconds. It may be dragging or stuck.
09/15/2026 at 07:56:19 PM ERROR logger Model:229 - Movement test cleanup failed: Could not clear movement-test run bit: Injected transient write failure 41
09/15/2026 at 07:56:19 PM ERROR logger Model:229 - Movement test cleanup failed: Could not restore Program:Wave_Control.Live_Motors.0: Injected transient write failure 42
09/15/2026 at 07:56:19 PM ERROR logger Model:229 - Movement test cleanup failed: Could not restore Program:Wave_Control.Live_Motors.1: Injected transient write failure 43
09/15/2026 at 07:56:19 PM ERROR logger Model:229 - Movement test cleanup failed: Could not restore Program:Wave_Control.Live_Motors.2: Injected transient write failure 44
09/15/2026 at 07:56:19 PM ERROR logger Model:229 - Movement test cleanup failed: Could not restore Program:Wave_Control.Live_Motors.3: Injected transient write failure 45
09/15/2026 at 07:56:19 PM ERROR logger Model:229 - Movement test cleanup failed: Could not restore Program:Wave_Control.Live_Motors.4: Injected transient write failure 46
09/15/2026 at 07:56:19 PM ERROR logger Model:229 - Movement test cleanup failed: Could not restore Program:Wave_Control.Live_Motors.5: Injected transient write failure 47
09/15/2026 at 07:56:19 PM ERROR logger Model:229 - Movement test cleanup failed: Could not restore Program:Wave_Control.Live_Motors.6: Injected transient write failure 48
09/15/2026 at 07:56:19 PM ERROR logger Model:229 - Movement test cleanup failed: Could not restore Program:Wave_Control.Live_Motors.7: Injected transient write failure 49
09/15/2026 at 07:56:19 PM ERROR logger Model:229 - Movement test cleanup failed: Could not restore Program:Wave_Control.Live_Motors.8: Injected transient write failure 50
09/15/2026 at 07:56:19 PM ERROR logger Model:229 - Movement test cleanup failed: Could not restore Program:Wave_Control.Live_Motors.9: Injected transient write failure 51
09/15/2026 at 07:56:19 PM ERROR logger Model:229 - Movement test cleanup failed: Could not restore Program:Wave_Control.Live_Motors.10: Injected transient write failure 52
09/15/2026 at 07:56:19 PM ERROR logger Model:229 - Movement test cleanup failed: Could not restore Program:Wave_Control.Live_Motors.11: Injected transient write failure 53
09/15/2026 at 07:56:19 PM ERROR logger Model:229 - Movement test cleanup failed: Could not restore Program:Wave_Control.Live_Motors.12: Injected transient write failure 54
09/15/2026 at 07:56:19 PM ERROR logger Model:229 - Movement test cleanup failed: Could not restore Program:Wave_Control.Live_Motors.13: Injected transient write failure 55
09/15/2026 at 07:56:19 PM ERROR logger Model:229 - Movement test cleanup failed: Could not restore Program:Wave_Control.Live_Motors.14: Injected transient write failure 56
09/15/2026 at 07:56:19 PM ERROR logger Model:229 - Movement test cleanup failed: Could not restore Program:Wave_Control.Live_Motors.15: Injected transient write failure 57
09/15/2026 at 07:56:19 PM ERROR logger Model:229 - Movement test cleanup failed: Could not restore Program:Wave_Control.Live_Motors.16: Injected transient write failure 58
09/15/2026 at 07:56:19 PM ERROR logger Model:229 - Movement test cleanup failed: Could not restore Program:Wave_Control.Live_Motors.17: Injected transient write failure 59
09/15/2026 at 07:56:19 PM ERROR logger Model:229 - Movement test cleanup failed: Could not restore Program:Wave_Control.Live_Motors.18: Injected transient write failure 60
09/15/2026 at 07:56:19 PM ERROR logger Model:229 - Movement test cleanup failed: Could not restore Program:Wave_Control.Live_Motors.19: Injected transient write failure 61
09/15/2026 at 07:56:19 PM ERROR logger Model:229 - Movement test cleanup failed: Could not restore Program:Wave_Control.Live_Motors.20: Injected transient write failure 62
09/15/2026 at 07:56:19 PM ERROR logger Model:229 - Movement test cleanup failed: Could not restore Program:Wave_Control.Live_Motors.21: Injected transient write failure 63
09/15/2026 at 07:56:19 PM ERROR logger Model:229 - Movement test cleanup failed: Could not restore Program:Wave_Control.Live_Motors.22: Injected transient write failure 64
09/15/2026 at 07:56:19 PM ERROR logger Model:229 - Movement test cleanup failed: Could not restore Program:Wave_Control.Live_Motors.23: Injected transient write failure 65
09/15/2026 at 07:56:19 PM ERROR logger Model:229 - Movement test cleanup failed: Could not restore Program:Wave_Control.Live_Motors.24: Injected transient write failure 66
09/15/2026 at 07:56:19 PM ERROR logger Model:229 - Movement test cleanup failed: Could not restore Program:Wave_Control.Live_Motors.25: Injected transient write failure 67
09/15/2026 at 07:56:19 PM ERROR logger Model:229 - Movement test cleanup failed: Could not restore Program:Wave_Control.Live_Motors.26: Injected transient write failure 68
09/15/2026 at 07:56:19 PM ERROR logger Model:229 - Movement test cleanup failed: Could not restore Program:Wave_Control.Live_Motors.27: Injected transient write failure 69
09/15/2026 at 07:56:20 PM ERROR logger Model:229 - Movement test cleanup failed: Could not restore Program:Wave_Control.Live_Motors.28: Injected transient write failure 70
09/15/2026 at 07:56:20 PM ERROR logger Model:229 - Movement test cleanup failed: Could not restore Program:Wave_Control.Live_Motors.29: Injected transient write failure 71
09/15/2026 at 07:56:21 PM WARNING logger Model:2052 - The stroke command was sent, but no piston moved more than 0 mm.
09/15/2026 at 07:56:21 PM ERROR logger Model:229 - Nothing moved: The stroke command was sent, but no piston moved more than 0 mm.

The command reached the controller, so this is not a connection problem. Likely causes:

  - the keyswitch on the front of the controller is at PROG, so the ladder is not scanning. Tags can still be read and written in that mode, which is why this looked like it connected. Turn it to RUN.
  - for a curve: no curve is loaded on the controller for the Curve ID you set, so there is nothing to run
  - the stroke is set so small there is nothing to see
09/15/2026 at 07:56:24 PM WARNING logger Model:2277 - Pistons did not all reach the resting position.
09/15/2026 at 07:56:24 PM ERROR logger Model:229 - Live speed change failed: The speed was updated on pistons 30, then stopped at piston 30: the machine is stopping.
09/15/2026 at 07:56:25 PM WARNING logger Model:647 - Ignored Calibrate: a stop or resting move is still running.
09/15/2026 at 07:56:25 PM WARNING logger Model:2582 - Axis 0 reports position 0, which looks like millimetres rather than drive counts. If the controller now publishes millimetres, set POSITION_COUNTS_PER_MM to 1 in app/params.py.
09/15/2026 at 07:56:25 PM WARNING logger Model:2277 - Pistons did not all reach the resting position.
09/15/2026 at 07:56:25 PM WARNING logger Model:2277 - Pistons did not all reach the resting position.
09/15/2026 at 07:56:25 PM WARNING logger Model:2277 - Pistons did not all reach the resting position.
09/15/2026 at 07:56:26 PM WARNING logger Model:2277 - Pistons did not all reach the resting position.
09/15/2026 at 07:56:26 PM WARNING logger Model:1103 - Piston(s) 28 have not moved since homing began.
09/15/2026 at 07:56:26 PM ERROR logger Model:1144 - 3 of 4 pistons homed. Piston(s) 28 did not. Timed out after 0 seconds.
09/15/2026 at 07:56:26 PM ERROR logger Model:229 - Some pistons did not home: 3 of 4 pistons homed. Piston(s) 28 did not.

A piston that will not home is usually stuck or faulted mechanically -- it is not something the software can clear.

You can carry on without it: deselect piston(s) 28 on the tank and press Start again. The rest are homed and ready.
09/15/2026 at 07:56:26 PM WARNING logger Model:1103 - Piston(s) 28 have not moved since homing began.
09/15/2026 at 07:56:26 PM ERROR logger Model:1144 - 3 of 4 pistons homed. Piston(s) 28 did not. Timed out after 0 seconds.
09/15/2026 at 07:56:26 PM ERROR logger Model:229 - Some pistons did not home: 3 of 4 pistons homed. Piston(s) 28 did not.

A piston that will not home is usually stuck or faulted mechanically -- it is not something the software can clear.

You can carry on without it: deselect piston(s) 28 on the tank and press Start again. The rest are homed and ready.
09/15/2026 at 07:56:26 PM WARNING logger Model:1103 - Piston(s) 28 have not moved since homing began.
09/15/2026 at 07:56:26 PM ERROR logger Model:1144 - 3 of 4 pistons homed. Piston(s) 28 did not. Timed out after 0 seconds.
09/15/2026 at 07:56:26 PM ERROR logger Model:229 - Some pistons did not home: 3 of 4 pistons homed. Piston(s) 28 did not.

A piston that will not home is usually stuck or faulted mechanically -- it is not something the software can clear.

You can carry on without it: deselect piston(s) 28 on the tank and press Start again. The rest are homed and ready.
09/15/2026 at 07:56:26 PM WARNING logger Model:1103 - Piston(s) 25 have not moved since homing began.
09/15/2026 at 07:56:26 PM ERROR logger Model:1144 - 0 of 1 pistons homed. Piston(s) 25 did not. Timed out after 0 seconds.
09/15/2026 at 07:56:26 PM ERROR logger Model:229 - Some pistons did not home: 0 of 1 pistons homed. Piston(s) 25 did not.

A piston that will not home is usually stuck or faulted mechanically -- it is not something the software can clear.

You can carry on without it: deselect piston(s) 25 on the tank and press Start again. The rest are homed and ready.
09/15/2026 at 07:56:26 PM WARNING logger Model:1103 - Piston(s) 16 have not moved since homing began.
09/15/2026 at 07:56:26 PM ERROR logger Model:1144 - 14 of 15 pistons homed. Piston(s) 16 did not. Timed out after 0 seconds.
09/15/2026 at 07:56:26 PM ERROR logger Model:229 - Some pistons did not home: 14 of 15 pistons homed. Piston(s) 16 did not.

A piston that will not home is usually stuck or faulted mechanically -- it is not something the software can clear.

You can carry on without it: deselect piston(s) 16 on the tank and press Start again. The rest are homed and ready.
09/15/2026 at 07:56:26 PM WARNING logger Model:1103 - Piston(s) 29 have not moved since homing began.
09/15/2026 at 07:56:26 PM ERROR logger Model:1144 - 0 of 3 pistons homed. Piston(s) 28, 29 and 30 did not. Timed out after 0 seconds.
09/15/2026 at 07:56:26 PM ERROR logger Model:229 - Some pistons did not home: 0 of 3 pistons homed. Piston(s) 28, 29 and 30 did not.

A piston that will not home is usually stuck or faulted mechanically -- it is not something the software can clear.

You can carry on without it: deselect piston(s) 28, 29 and 30 on the tank and press Start again. The rest are homed and ready.
09/15/2026 at 07:56:26 PM WARNING logger Model:1103 - Piston(s) 23 have not moved since homing began.
09/15/2026 at 07:56:26 PM ERROR logger Model:1144 - 29 of 30 pistons homed. Piston(s) 23 did not. Timed out after 0 seconds.
09/15/2026 at 07:56:26 PM ERROR logger Model:229 - Some pistons did not home: 29 of 30 pistons homed. Piston(s) 23 did not.

A piston that will not home is usually stuck or faulted mechanically -- it is not something the software can clear.

You can carry on without it: deselect piston(s) 23 on the tank and press Start again. The rest are homed and ready.
09/15/2026 at 07:56:26 PM WARNING logger Model:2514 - Piston 30 covered only 300 mm of its 300 mm stroke over the last 3 seconds. It may be dragging or stuck.
09/15/2026 at 07:56:28 PM ERROR logger Model:662 - Start failed: transient write failure
09/15/2026 at 07:56:28 PM ERROR logger Model:229 - Machine error: transient write failure
09/15/2026 at 07:56:30 PM WARNING logger Model:2052 - The stroke command was sent, but no piston moved more than 0 mm.
09/15/2026 at 07:56:30 PM ERROR logger Model:229 - Nothing moved: The stroke command was sent, but no piston moved more than 0 mm.

The command reached the controller, so this is not a connection problem. Likely causes:

  - the keyswitch on the front of the controller is at PROG, so the ladder is not scanning. Tags can still be read and written in that mode, which is why this looked like it connected. Turn it to RUN.
  - for a curve: no curve is loaded on the controller for the Curve ID you set, so there is nothing to run
  - the stroke is set so small there is nothing to see
09/15/2026 at 07:56:30 PM WARNING logger PresetProcessor:131 - typo: Line 2: Speed 1 is 'fast', which is not a number; used 500.
09/15/2026 at 07:56:32 PM WARNING logger Model:2052 - The stroke command was sent, but no piston moved more than 0 mm.
09/15/2026 at 07:56:32 PM ERROR logger Model:229 - Nothing moved: The stroke command was sent, but no piston moved more than 0 mm.

The command reached the controller, so this is not a connection problem. Likely causes:

  - the keyswitch on the front of the controller is at PROG, so the ladder is not scanning. Tags can still be read and written in that mode, which is why this looked like it connected. Turn it to RUN.
  - for a curve: no curve is loaded on the controller for the Curve ID you set, so there is nothing to run
  - the stroke is set so small there is nothing to see
09/15/2026 at 07:56:32 PM WARNING logger Model:650 - Ignored Start: Movement test is still running.
09/15/2026 at 07:56:32 PM WARNING logger Model:2277 - Pistons did not all reach the resting position.
09/15/2026 at 07:56:32 PM WARNING logger Model:1821 - Staging did not complete within 0.2 seconds; running unstaggered.
09/15/2026 at 07:56:32 PM ERROR logger test_error_log:60 - Piston 7 stuck: drive fault 0x40b7
09/15/2026 at 07:56:32 PM ERROR logger test_error_log:73 - Homing failed
Traceback (most recent call last):
  File "C:\Users\ahito\wavemaker-f25\tests\test_error_log.py", line 71, in test_exception_includes_the_traceback
    raise ValueError("bad home offset")
ValueError: bad home offset
09/15/2026 at 07:56:32 PM WARNING logger test_error_log:99 - Position 2 out of range
09/15/2026 at 07:56:32 PM ERROR logger test_error_log:118 - Piston 7 stuck
09/15/2026 at 07:56:32 PM ERROR logger test_error_log:135 - first fault
09/15/2026 at 07:56:33 PM ERROR logger Model:229 - Live speed change failed: The speed was updated on pistons , then stopped at piston 30: offline.
09/15/2026 at 07:56:33 PM ERROR logger Model:229 - Staging failed: Piston 30: restore failed
09/15/2026 at 07:56:33 PM ERROR logger Model:229 - Movement test cleanup failed: Could not clear movement-test run bit: clear failed
09/15/2026 at 07:56:33 PM WARNING logger Model:1821 - Staging did not complete within 0 seconds; running unstaggered.
09/15/2026 at 07:56:33 PM ERROR logger Model:229 - Movement test cleanup failed: Could not restore Program:Wave_Control.Live_Motors.1: selection restore failed
09/15/2026 at 07:56:33 PM ERROR logger Model:229 - Staging failed: Could not clear staging run bit: stop failed
09/15/2026 at 07:56:33 PM CRITICAL logger Model:2187 - STOP FAILED: Program:Wave_Control.Run_1: first stop failed
09/15/2026 at 07:56:33 PM ERROR logger Model:229 - Stop failed: The machine did not acknowledge the stop command:
Program:Wave_Control.Run_1: first stop failed

Use the physical stop and check the connection.
09/15/2026 at 07:56:33 PM WARNING logger Model:647 - Ignored Calibrate: a stop or resting move is still running.
09/15/2026 at 07:56:36 PM WARNING logger Model:2277 - Pistons did not all reach the resting position.
09/15/2026 at 07:56:39 PM WARNING logger Model:2277 - Pistons did not all reach the resting position.
09/15/2026 at 07:56:40 PM WARNING logger Model:2052 - The stroke command was sent, but no piston moved more than 0 mm.
09/15/2026 at 07:56:40 PM ERROR logger Model:229 - Nothing moved: The stroke command was sent, but no piston moved more than 0 mm.

The command reached the controller, so this is not a connection problem. Likely causes:

  - the keyswitch on the front of the controller is at PROG, so the ladder is not scanning. Tags can still be read and written in that mode, which is why this looked like it connected. Turn it to RUN.
  - for a curve: no curve is loaded on the controller for the Curve ID you set, so there is nothing to run
  - the stroke is set so small there is nothing to see
09/15/2026 at 07:56:45 PM WARNING logger Model:2514 - Piston 26 covered only 0 mm of its 300 mm stroke over the last 1 seconds. It may be dragging or stuck.
09/15/2026 at 07:56:48 PM WARNING logger Model:2277 - Pistons did not all reach the resting position.
09/15/2026 at 07:56:49 PM WARNING logger Model:2514 - Piston 26 covered only 0 mm of its 300 mm stroke over the last 1 seconds. It may be dragging or stuck.
09/15/2026 at 07:56:50 PM CRITICAL logger Model:2187 - STOP FAILED: Program:Wave_Control.Run_1: network unplugged; Program:Wave_Control.Run_2: network unplugged; Program:Wave_Control.Run_Curve: network unplugged
09/15/2026 at 07:56:50 PM ERROR logger Model:229 - Stop failed: The machine did not acknowledge the stop command:
Program:Wave_Control.Run_1: network unplugged; Program:Wave_Control.Run_2: network unplugged; Program:Wave_Control.Run_Curve: network unplugged

Use the physical stop and check the connection.
09/15/2026 at 07:56:50 PM ERROR logger Model:229 - Not ready: The pistons must be homed before they can run. Press Start and it will do that first.
09/15/2026 at 07:56:50 PM ERROR logger Model:229 - Check the parameters: Group 1: Position 1 must be at most 370 (got 5,000)
09/15/2026 at 07:56:50 PM WARNING logger Model:650 - Ignored Prepare: None is still running.
09/15/2026 at 07:56:55 PM ERROR logger Model:229 - Movement test cleanup failed: Could not clear movement-test run bit: Injected transient write failure 41
09/15/2026 at 07:56:55 PM ERROR logger Model:229 - Movement test cleanup failed: Could not restore Program:Wave_Control.Live_Motors.0: Injected transient write failure 42
09/15/2026 at 07:56:55 PM ERROR logger Model:229 - Movement test cleanup failed: Could not restore Program:Wave_Control.Live_Motors.1: Injected transient write failure 43
09/15/2026 at 07:56:55 PM ERROR logger Model:229 - Movement test cleanup failed: Could not restore Program:Wave_Control.Live_Motors.2: Injected transient write failure 44
09/15/2026 at 07:56:55 PM ERROR logger Model:229 - Movement test cleanup failed: Could not restore Program:Wave_Control.Live_Motors.3: Injected transient write failure 45
09/15/2026 at 07:56:55 PM ERROR logger Model:229 - Movement test cleanup failed: Could not restore Program:Wave_Control.Live_Motors.4: Injected transient write failure 46
09/15/2026 at 07:56:55 PM ERROR logger Model:229 - Movement test cleanup failed: Could not restore Program:Wave_Control.Live_Motors.5: Injected transient write failure 47
09/15/2026 at 07:56:55 PM ERROR logger Model:229 - Movement test cleanup failed: Could not restore Program:Wave_Control.Live_Motors.6: Injected transient write failure 48
09/15/2026 at 07:56:55 PM ERROR logger Model:229 - Movement test cleanup failed: Could not restore Program:Wave_Control.Live_Motors.7: Injected transient write failure 49
09/15/2026 at 07:56:55 PM ERROR logger Model:229 - Movement test cleanup failed: Could not restore Program:Wave_Control.Live_Motors.8: Injected transient write failure 50
09/15/2026 at 07:56:55 PM ERROR logger Model:229 - Movement test cleanup failed: Could not restore Program:Wave_Control.Live_Motors.9: Injected transient write failure 51
09/15/2026 at 07:56:55 PM ERROR logger Model:229 - Movement test cleanup failed: Could not restore Program:Wave_Control.Live_Motors.10: Injected transient write failure 52
09/15/2026 at 07:56:55 PM ERROR logger Model:229 - Movement test cleanup failed: Could not restore Program:Wave_Control.Live_Motors.11: Injected transient write failure 53
09/15/2026 at 07:56:55 PM ERROR logger Model:229 - Movement test cleanup failed: Could not restore Program:Wave_Control.Live_Motors.12: Injected transient write failure 54
09/15/2026 at 07:56:55 PM ERROR logger Model:229 - Movement test cleanup failed: Could not restore Program:Wave_Control.Live_Motors.13: Injected transient write failure 55
09/15/2026 at 07:56:55 PM ERROR logger Model:229 - Movement test cleanup failed: Could not restore Program:Wave_Control.Live_Motors.14: Injected transient write failure 56
09/15/2026 at 07:56:55 PM ERROR logger Model:229 - Movement test cleanup failed: Could not restore Program:Wave_Control.Live_Motors.15: Injected transient write failure 57
09/15/2026 at 07:56:55 PM ERROR logger Model:229 - Movement test cleanup failed: Could not restore Program:Wave_Control.Live_Motors.16: Injected transient write failure 58
09/15/2026 at 07:56:55 PM ERROR logger Model:229 - Movement test cleanup failed: Could not restore Program:Wave_Control.Live_Motors.17: Injected transient write failure 59
09/15/2026 at 07:56:55 PM ERROR logger Model:229 - Movement test cleanup failed: Could not restore Program:Wave_Control.Live_Motors.18: Injected transient write failure 60
09/15/2026 at 07:56:55 PM ERROR logger Model:229 - Movement test cleanup failed: Could not restore Program:Wave_Control.Live_Motors.19: Injected transient write failure 61
09/15/2026 at 07:56:55 PM ERROR logger Model:229 - Movement test cleanup failed: Could not restore Program:Wave_Control.Live_Motors.20: Injected transient write failure 62
09/15/2026 at 07:56:55 PM ERROR logger Model:229 - Movement test cleanup failed: Could not restore Program:Wave_Control.Live_Motors.21: Injected transient write failure 63
09/15/2026 at 07:56:55 PM ERROR logger Model:229 - Movement test cleanup failed: Could not restore Program:Wave_Control.Live_Motors.22: Injected transient write failure 64
09/15/2026 at 07:56:55 PM ERROR logger Model:229 - Movement test cleanup failed: Could not restore Program:Wave_Control.Live_Motors.23: Injected transient write failure 65
09/15/2026 at 07:56:55 PM ERROR logger Model:229 - Movement test cleanup failed: Could not restore Program:Wave_Control.Live_Motors.24: Injected transient write failure 66
09/15/2026 at 07:56:55 PM ERROR logger Model:229 - Movement test cleanup failed: Could not restore Program:Wave_Control.Live_Motors.25: Injected transient write failure 67
09/15/2026 at 07:56:55 PM ERROR logger Model:229 - Movement test cleanup failed: Could not restore Program:Wave_Control.Live_Motors.26: Injected transient write failure 68
09/15/2026 at 07:56:55 PM ERROR logger Model:229 - Movement test cleanup failed: Could not restore Program:Wave_Control.Live_Motors.27: Injected transient write failure 69
09/15/2026 at 07:56:55 PM ERROR logger Model:229 - Movement test cleanup failed: Could not restore Program:Wave_Control.Live_Motors.28: Injected transient write failure 70
09/15/2026 at 07:56:55 PM ERROR logger Model:229 - Movement test cleanup failed: Could not restore Program:Wave_Control.Live_Motors.29: Injected transient write failure 71
09/15/2026 at 07:57:05 PM WARNING logger Model:2277 - Pistons did not all reach the resting position.
09/15/2026 at 07:57:05 PM WARNING logger Model:2277 - Pistons did not all reach the resting position.
09/15/2026 at 07:57:05 PM WARNING logger Model:2277 - Pistons did not all reach the resting position.
09/15/2026 at 07:57:05 PM WARNING logger Model:2277 - Pistons did not all reach the resting position.
09/15/2026 at 07:57:05 PM WARNING logger Model:1103 - Piston(s) 28 have not moved since homing began.
09/15/2026 at 07:57:05 PM ERROR logger Model:1144 - 3 of 4 pistons homed. Piston(s) 28 did not. Timed out after 0 seconds.
09/15/2026 at 07:57:05 PM ERROR logger Model:229 - Some pistons did not home: 3 of 4 pistons homed. Piston(s) 28 did not.

A piston that will not home is usually stuck or faulted mechanically -- it is not something the software can clear.

You can carry on without it: deselect piston(s) 28 on the tank and press Start again. The rest are homed and ready.
09/15/2026 at 07:57:05 PM WARNING logger Model:1103 - Piston(s) 28 have not moved since homing began.
09/15/2026 at 07:57:05 PM ERROR logger Model:1144 - 3 of 4 pistons homed. Piston(s) 28 did not. Timed out after 0 seconds.
09/15/2026 at 07:57:05 PM ERROR logger Model:229 - Some pistons did not home: 3 of 4 pistons homed. Piston(s) 28 did not.

A piston that will not home is usually stuck or faulted mechanically -- it is not something the software can clear.

You can carry on without it: deselect piston(s) 28 on the tank and press Start again. The rest are homed and ready.
09/15/2026 at 07:57:06 PM WARNING logger Model:1103 - Piston(s) 28 have not moved since homing began.
09/15/2026 at 07:57:06 PM ERROR logger Model:1144 - 3 of 4 pistons homed. Piston(s) 28 did not. Timed out after 0 seconds.
09/15/2026 at 07:57:06 PM ERROR logger Model:229 - Some pistons did not home: 3 of 4 pistons homed. Piston(s) 28 did not.

A piston that will not home is usually stuck or faulted mechanically -- it is not something the software can clear.

You can carry on without it: deselect piston(s) 28 on the tank and press Start again. The rest are homed and ready.
09/15/2026 at 07:57:06 PM WARNING logger Model:1103 - Piston(s) 25 have not moved since homing began.
09/15/2026 at 07:57:06 PM ERROR logger Model:1144 - 0 of 1 pistons homed. Piston(s) 25 did not. Timed out after 0 seconds.
09/15/2026 at 07:57:06 PM ERROR logger Model:229 - Some pistons did not home: 0 of 1 pistons homed. Piston(s) 25 did not.

A piston that will not home is usually stuck or faulted mechanically -- it is not something the software can clear.

You can carry on without it: deselect piston(s) 25 on the tank and press Start again. The rest are homed and ready.
09/15/2026 at 07:57:06 PM WARNING logger Model:1103 - Piston(s) 16 have not moved since homing began.
09/15/2026 at 07:57:06 PM ERROR logger Model:1144 - 14 of 15 pistons homed. Piston(s) 16 did not. Timed out after 0 seconds.
09/15/2026 at 07:57:06 PM ERROR logger Model:229 - Some pistons did not home: 14 of 15 pistons homed. Piston(s) 16 did not.

A piston that will not home is usually stuck or faulted mechanically -- it is not something the software can clear.

You can carry on without it: deselect piston(s) 16 on the tank and press Start again. The rest are homed and ready.
09/15/2026 at 07:57:06 PM WARNING logger Model:1103 - Piston(s) 29 have not moved since homing began.
09/15/2026 at 07:57:06 PM ERROR logger Model:1144 - 0 of 3 pistons homed. Piston(s) 28, 29 and 30 did not. Timed out after 0 seconds.
09/15/2026 at 07:57:06 PM ERROR logger Model:229 - Some pistons did not home: 0 of 3 pistons homed. Piston(s) 28, 29 and 30 did not.

A piston that will not home is usually stuck or faulted mechanically -- it is not something the software can clear.

You can carry on without it: deselect piston(s) 28, 29 and 30 on the tank and press Start again. The rest are homed and ready.
09/15/2026 at 07:57:06 PM WARNING logger Model:1103 - Piston(s) 23 have not moved since homing began.
09/15/2026 at 07:57:06 PM ERROR logger Model:1144 - 29 of 30 pistons homed. Piston(s) 23 did not. Timed out after 0 seconds.
09/15/2026 at 07:57:06 PM ERROR logger Model:229 - Some pistons did not home: 29 of 30 pistons homed. Piston(s) 23 did not.

A piston that will not home is usually stuck or faulted mechanically -- it is not something the software can clear.

You can carry on without it: deselect piston(s) 23 on the tank and press Start again. The rest are homed and ready.
09/15/2026 at 07:57:06 PM WARNING logger Model:2514 - Piston 30 covered only 300 mm of its 300 mm stroke over the last 3 seconds. It may be dragging or stuck.
09/15/2026 at 07:57:10 PM WARNING logger Model:2052 - The stroke command was sent, but no piston moved more than 0 mm.
09/15/2026 at 07:57:10 PM ERROR logger Model:229 - Nothing moved: The stroke command was sent, but no piston moved more than 0 mm.

The command reached the controller, so this is not a connection problem. Likely causes:

  - the keyswitch on the front of the controller is at PROG, so the ladder is not scanning. Tags can still be read and written in that mode, which is why this looked like it connected. Turn it to RUN.
  - for a curve: no curve is loaded on the controller for the Curve ID you set, so there is nothing to run
  - the stroke is set so small there is nothing to see
09/15/2026 at 07:57:10 PM WARNING logger PresetProcessor:131 - typo: Line 2: Speed 1 is 'fast', which is not a number; used 500.
09/15/2026 at 07:57:18 PM WARNING logger Model:2277 - Pistons did not all reach the resting position.
09/15/2026 at 07:57:20 PM WARNING logger Model:2052 - The stroke command was sent, but no piston moved more than 0 mm.
09/15/2026 at 07:57:20 PM ERROR logger Model:229 - Nothing moved: The stroke command was sent, but no piston moved more than 0 mm.

The command reached the controller, so this is not a connection problem. Likely causes:

  - the keyswitch on the front of the controller is at PROG, so the ladder is not scanning. Tags can still be read and written in that mode, which is why this looked like it connected. Turn it to RUN.
  - for a curve: no curve is loaded on the controller for the Curve ID you set, so there is nothing to run
  - the stroke is set so small there is nothing to see
09/15/2026 at 07:57:26 PM WARNING logger Model:2514 - Piston 26 covered only 0 mm of its 300 mm stroke over the last 1 seconds. It may be dragging or stuck.
09/15/2026 at 07:57:30 PM WARNING logger Model:2514 - Piston 26 covered only 0 mm of its 300 mm stroke over the last 1 seconds. It may be dragging or stuck.
09/15/2026 at 07:57:33 PM WARNING logger Model:2277 - Pistons did not all reach the resting position.
09/15/2026 at 07:57:33 PM WARNING logger Model:647 - Ignored Calibrate: a stop or resting move is still running.
09/15/2026 at 07:57:33 PM ERROR logger Model:229 - Not ready: The pistons must be homed before they can run. Press Start and it will do that first.
09/15/2026 at 07:57:33 PM WARNING logger Model:647 - Ignored Run: a stop or resting move is still running.
09/15/2026 at 07:57:33 PM ERROR logger Model:229 - Not ready: The pistons must be homed before they can run. Press Start and it will do that first.
09/15/2026 at 07:57:33 PM WARNING logger Model:647 - Ignored Run: a stop or resting move is still running.
09/15/2026 at 07:57:33 PM ERROR logger Model:229 - Not ready: The pistons must be homed before they can run. Press Start and it will do that first.
09/15/2026 at 07:57:33 PM WARNING logger Model:647 - Ignored Run: a stop or resting move is still running.
09/15/2026 at 07:57:33 PM WARNING logger Model:2514 - Piston 30 covered only 0 mm of its 350 mm stroke over the last 3 seconds. It may be dragging or stuck.
09/15/2026 at 07:57:33 PM WARNING logger Model:2514 - Piston 29 covered only 0 mm of its 350 mm stroke over the last 3 seconds. It may be dragging or stuck.
09/15/2026 at 07:57:33 PM WARNING logger Model:2514 - Piston 28 covered only 0 mm of its 350 mm stroke over the last 3 seconds. It may be dragging or stuck.
09/15/2026 at 07:57:33 PM WARNING logger Model:2514 - Piston 27 covered only 0 mm of its 350 mm stroke over the last 3 seconds. It may be dragging or stuck.
09/15/2026 at 07:57:33 PM WARNING logger Model:2514 - Piston 26 covered only 0 mm of its 350 mm stroke over the last 3 seconds. It may be dragging or stuck.
09/15/2026 at 07:57:33 PM WARNING logger Model:2514 - Piston 25 covered only 0 mm of its 350 mm stroke over the last 3 seconds. It may be dragging or stuck.
09/15/2026 at 07:57:33 PM WARNING logger Model:2514 - Piston 24 covered only 0 mm of its 350 mm stroke over the last 3 seconds. It may be dragging or stuck.
09/15/2026 at 07:57:33 PM WARNING logger Model:2514 - Piston 23 covered only 0 mm of its 350 mm stroke over the last 3 seconds. It may be dragging or stuck.
09/15/2026 at 07:57:33 PM WARNING logger Model:2514 - Piston 22 covered only 0 mm of its 350 mm stroke over the last 3 seconds. It may be dragging or stuck.
09/15/2026 at 07:57:33 PM WARNING logger Model:2514 - Piston 21 covered only 0 mm of its 350 mm stroke over the last 3 seconds. It may be dragging or stuck.
09/15/2026 at 07:57:33 PM WARNING logger Model:2514 - Piston 20 covered only 0 mm of its 350 mm stroke over the last 3 seconds. It may be dragging or stuck.
09/15/2026 at 07:57:33 PM WARNING logger Model:2514 - Piston 19 covered only 0 mm of its 350 mm stroke over the last 3 seconds. It may be dragging or stuck.
09/15/2026 at 07:57:33 PM WARNING logger Model:2514 - Piston 18 covered only 0 mm of its 350 mm stroke over the last 3 seconds. It may be dragging or stuck.
09/15/2026 at 07:57:33 PM WARNING logger Model:2514 - Piston 17 covered only 0 mm of its 350 mm stroke over the last 3 seconds. It may be dragging or stuck.
09/15/2026 at 07:57:33 PM WARNING logger Model:2514 - Piston 16 covered only 0 mm of its 350 mm stroke over the last 3 seconds. It may be dragging or stuck.
09/15/2026 at 07:57:33 PM WARNING logger Model:2514 - Piston 15 covered only 0 mm of its 350 mm stroke over the last 3 seconds. It may be dragging or stuck.
09/15/2026 at 07:57:33 PM WARNING logger Model:2514 - Piston 14 covered only 0 mm of its 350 mm stroke over the last 3 seconds. It may be dragging or stuck.
09/15/2026 at 07:57:33 PM WARNING logger Model:2514 - Piston 13 covered only 0 mm of its 350 mm stroke over the last 3 seconds. It may be dragging or stuck.
09/15/2026 at 07:57:33 PM WARNING logger Model:2514 - Piston 12 covered only 0 mm of its 350 mm stroke over the last 3 seconds. It may be dragging or stuck.
09/15/2026 at 07:57:33 PM WARNING logger Model:2514 - Piston 11 covered only 0 mm of its 350 mm stroke over the last 3 seconds. It may be dragging or stuck.
09/15/2026 at 07:57:33 PM WARNING logger Model:2514 - Piston 10 covered only 0 mm of its 350 mm stroke over the last 3 seconds. It may be dragging or stuck.
09/15/2026 at 07:57:33 PM WARNING logger Model:2514 - Piston 9 covered only 0 mm of its 350 mm stroke over the last 3 seconds. It may be dragging or stuck.
09/15/2026 at 07:57:33 PM WARNING logger Model:2514 - Piston 8 covered only 0 mm of its 350 mm stroke over the last 3 seconds. It may be dragging or stuck.
09/15/2026 at 07:57:33 PM WARNING logger Model:2514 - Piston 7 covered only 0 mm of its 350 mm stroke over the last 3 seconds. It may be dragging or stuck.
09/15/2026 at 07:57:33 PM WARNING logger Model:2514 - Piston 6 covered only 0 mm of its 350 mm stroke over the last 3 seconds. It may be dragging or stuck.
09/15/2026 at 07:57:33 PM WARNING logger Model:2514 - Piston 5 covered only 0 mm of its 350 mm stroke over the last 3 seconds. It may be dragging or stuck.
09/15/2026 at 07:57:33 PM WARNING logger Model:2514 - Piston 4 covered only 0 mm of its 350 mm stroke over the last 3 seconds. It may be dragging or stuck.
09/15/2026 at 07:57:33 PM WARNING logger Model:2514 - Piston 3 covered only 0 mm of its 350 mm stroke over the last 3 seconds. It may be dragging or stuck.
09/15/2026 at 07:57:33 PM WARNING logger Model:2514 - Piston 2 covered only 0 mm of its 350 mm stroke over the last 3 seconds. It may be dragging or stuck.
09/15/2026 at 07:57:33 PM WARNING logger Model:2514 - Piston 1 covered only 0 mm of its 350 mm stroke over the last 3 seconds. It may be dragging or stuck.
09/15/2026 at 07:57:35 PM ERROR logger Model:229 - Movement test cleanup failed: Could not clear movement-test run bit: Injected transient write failure 41
09/15/2026 at 07:57:35 PM ERROR logger Model:229 - Movement test cleanup failed: Could not restore Program:Wave_Control.Live_Motors.0: Injected transient write failure 42
09/15/2026 at 07:57:35 PM ERROR logger Model:229 - Movement test cleanup failed: Could not restore Program:Wave_Control.Live_Motors.1: Injected transient write failure 43
09/15/2026 at 07:57:35 PM ERROR logger Model:229 - Movement test cleanup failed: Could not restore Program:Wave_Control.Live_Motors.2: Injected transient write failure 44
09/15/2026 at 07:57:35 PM ERROR logger Model:229 - Movement test cleanup failed: Could not restore Program:Wave_Control.Live_Motors.3: Injected transient write failure 45
09/15/2026 at 07:57:35 PM ERROR logger Model:229 - Movement test cleanup failed: Could not restore Program:Wave_Control.Live_Motors.4: Injected transient write failure 46
09/15/2026 at 07:57:35 PM ERROR logger Model:229 - Movement test cleanup failed: Could not restore Program:Wave_Control.Live_Motors.5: Injected transient write failure 47
09/15/2026 at 07:57:35 PM ERROR logger Model:229 - Movement test cleanup failed: Could not restore Program:Wave_Control.Live_Motors.6: Injected transient write failure 48
09/15/2026 at 07:57:35 PM ERROR logger Model:229 - Movement test cleanup failed: Could not restore Program:Wave_Control.Live_Motors.7: Injected transient write failure 49
09/15/2026 at 07:57:35 PM ERROR logger Model:229 - Movement test cleanup failed: Could not restore Program:Wave_Control.Live_Motors.8: Injected transient write failure 50
09/15/2026 at 07:57:35 PM ERROR logger Model:229 - Movement test cleanup failed: Could not restore Program:Wave_Control.Live_Motors.9: Injected transient write failure 51
09/15/2026 at 07:57:35 PM ERROR logger Model:229 - Movement test cleanup failed: Could not restore Program:Wave_Control.Live_Motors.10: Injected transient write failure 52
09/15/2026 at 07:57:35 PM ERROR logger Model:229 - Movement test cleanup failed: Could not restore Program:Wave_Control.Live_Motors.11: Injected transient write failure 53
09/15/2026 at 07:57:35 PM ERROR logger Model:229 - Movement test cleanup failed: Could not restore Program:Wave_Control.Live_Motors.12: Injected transient write failure 54
09/15/2026 at 07:57:35 PM ERROR logger Model:229 - Movement test cleanup failed: Could not restore Program:Wave_Control.Live_Motors.13: Injected transient write failure 55
09/15/2026 at 07:57:35 PM ERROR logger Model:229 - Movement test cleanup failed: Could not restore Program:Wave_Control.Live_Motors.14: Injected transient write failure 56
09/15/2026 at 07:57:35 PM ERROR logger Model:229 - Movement test cleanup failed: Could not restore Program:Wave_Control.Live_Motors.15: Injected transient write failure 57
09/15/2026 at 07:57:35 PM ERROR logger Model:229 - Movement test cleanup failed: Could not restore Program:Wave_Control.Live_Motors.16: Injected transient write failure 58
09/15/2026 at 07:57:35 PM ERROR logger Model:229 - Movement test cleanup failed: Could not restore Program:Wave_Control.Live_Motors.17: Injected transient write failure 59
09/15/2026 at 07:57:35 PM ERROR logger Model:229 - Movement test cleanup failed: Could not restore Program:Wave_Control.Live_Motors.18: Injected transient write failure 60
09/15/2026 at 07:57:35 PM ERROR logger Model:229 - Movement test cleanup failed: Could not restore Program:Wave_Control.Live_Motors.19: Injected transient write failure 61
09/15/2026 at 07:57:35 PM ERROR logger Model:229 - Movement test cleanup failed: Could not restore Program:Wave_Control.Live_Motors.20: Injected transient write failure 62
09/15/2026 at 07:57:35 PM ERROR logger Model:229 - Movement test cleanup failed: Could not restore Program:Wave_Control.Live_Motors.21: Injected transient write failure 63
09/15/2026 at 07:57:35 PM ERROR logger Model:229 - Movement test cleanup failed: Could not restore Program:Wave_Control.Live_Motors.22: Injected transient write failure 64
09/15/2026 at 07:57:35 PM ERROR logger Model:229 - Movement test cleanup failed: Could not restore Program:Wave_Control.Live_Motors.23: Injected transient write failure 65
09/15/2026 at 07:57:35 PM ERROR logger Model:229 - Movement test cleanup failed: Could not restore Program:Wave_Control.Live_Motors.24: Injected transient write failure 66
09/15/2026 at 07:57:35 PM ERROR logger Model:229 - Movement test cleanup failed: Could not restore Program:Wave_Control.Live_Motors.25: Injected transient write failure 67
09/15/2026 at 07:57:35 PM ERROR logger Model:229 - Movement test cleanup failed: Could not restore Program:Wave_Control.Live_Motors.26: Injected transient write failure 68
09/15/2026 at 07:57:35 PM ERROR logger Model:229 - Movement test cleanup failed: Could not restore Program:Wave_Control.Live_Motors.27: Injected transient write failure 69
09/15/2026 at 07:57:35 PM ERROR logger Model:229 - Movement test cleanup failed: Could not restore Program:Wave_Control.Live_Motors.28: Injected transient write failure 70
09/15/2026 at 07:57:35 PM ERROR logger Model:229 - Movement test cleanup failed: Could not restore Program:Wave_Control.Live_Motors.29: Injected transient write failure 71
09/15/2026 at 07:57:36 PM ERROR logger Model:229 - Nothing to prepare: Choose some pistons on the tank first.
09/15/2026 at 07:57:36 PM ERROR logger Model:229 - Not ready: The pistons must be homed before they can run. Press Start and it will do that first.
09/15/2026 at 07:57:36 PM ERROR logger Model:229 - No pistons selected: Choose some pistons on the tank first.
09/15/2026 at 07:57:36 PM ERROR logger Model:229 - No pistons selected: Choose some pistons on the tank first.
09/15/2026 at 07:57:36 PM ERROR logger Model:229 - Not ready: The pistons must be homed before they can run. Press Start and it will do that first.
09/15/2026 at 07:57:36 PM ERROR logger Model:229 - No pistons selected: Choose some pistons on the tank first.
09/15/2026 at 07:57:36 PM WARNING logger Model:2052 - The curve command was sent, but no piston moved more than 0 mm.
09/15/2026 at 07:57:36 PM ERROR logger Model:229 - Nothing moved: The curve command was sent, but no piston moved more than 0 mm.

The command reached the controller, so this is not a connection problem. Likely causes:

  - the keyswitch on the front of the controller is at PROG, so the ladder is not scanning. Tags can still be read and written in that mode, which is why this looked like it connected. Turn it to RUN.
  - for a curve: no curve is loaded on the controller for the Curve ID you set, so there is nothing to run
  - the stroke is set so small there is nothing to see
09/15/2026 at 07:57:36 PM WARNING logger Model:2277 - Pistons did not all reach the resting position.
09/15/2026 at 07:57:36 PM ERROR logger Model:229 - Not ready: The pistons must be homed before they can run. Press Start and it will do that first.
09/15/2026 at 07:57:36 PM ERROR logger Model:229 - Nothing to prepare: Choose some pistons on the tank first.
09/15/2026 at 07:57:36 PM ERROR logger Model:229 - Nothing to prepare: Choose some pistons on the tank first.
09/15/2026 at 07:57:36 PM ERROR logger Model:229 - Nothing to prepare: Choose some pistons on the tank first.
09/15/2026 at 07:57:36 PM ERROR logger Model:229 - No pistons selected: Choose some pistons on the tank first.
09/15/2026 at 07:57:36 PM ERROR logger Model:229 - Not ready: The pistons must be homed before they can run. Press Start and it will do that first.
09/15/2026 at 07:57:36 PM ERROR logger Model:229 - Not ready: The pistons must be homed before they can run. Press Start and it will do that first.
09/15/2026 at 07:57:36 PM ERROR logger Model:229 - Nothing to prepare: Choose some pistons on the tank first.
09/15/2026 at 07:57:36 PM ERROR logger Model:229 - Not ready: The pistons must be homed before they can run. Press Start and it will do that first.
09/15/2026 at 07:57:36 PM ERROR logger Model:229 - No pistons selected: Choose some pistons on the tank first.
09/15/2026 at 07:57:36 PM WARNING logger Model:2052 - The curve command was sent, but no piston moved more than 0 mm.
09/15/2026 at 07:57:36 PM ERROR logger Model:229 - Nothing moved: The curve command was sent, but no piston moved more than 0 mm.

The command reached the controller, so this is not a connection problem. Likely causes:

  - the keyswitch on the front of the controller is at PROG, so the ladder is not scanning. Tags can still be read and written in that mode, which is why this looked like it connected. Turn it to RUN.
  - for a curve: no curve is loaded on the controller for the Curve ID you set, so there is nothing to run
  - the stroke is set so small there is nothing to see
09/15/2026 at 07:57:36 PM ERROR logger Model:229 - Nothing to prepare: Choose some pistons on the tank first.
09/15/2026 at 07:57:36 PM ERROR logger Model:229 - No pistons selected: Choose some pistons on the tank first.
09/15/2026 at 07:57:36 PM ERROR logger Model:229 - Not ready: The pistons must be homed before they can run. Press Start and it will do that first.
09/15/2026 at 07:57:36 PM ERROR logger Model:229 - No pistons selected: Choose some pistons on the tank first.
09/15/2026 at 07:57:36 PM ERROR logger Model:229 - Not ready: The pistons must be homed before they can run. Press Start and it will do that first.
09/15/2026 at 07:57:36 PM WARNING logger Model:2052 - The stroke command was sent, but no piston moved more than 0 mm.
09/15/2026 at 07:57:36 PM ERROR logger Model:229 - Nothing moved: The stroke command was sent, but no piston moved more than 0 mm.

The command reached the controller, so this is not a connection problem. Likely causes:

  - the keyswitch on the front of the controller is at PROG, so the ladder is not scanning. Tags can still be read and written in that mode, which is why this looked like it connected. Turn it to RUN.
  - for a curve: no curve is loaded on the controller for the Curve ID you set, so there is nothing to run
  - the stroke is set so small there is nothing to see
09/15/2026 at 07:57:36 PM ERROR logger Model:229 - Not ready: The pistons must be homed before they can run. Press Start and it will do that first.
09/15/2026 at 07:57:36 PM WARNING logger Model:2052 - The curve command was sent, but no piston moved more than 0 mm.
09/15/2026 at 07:57:36 PM ERROR logger Model:229 - Nothing moved: The curve command was sent, but no piston moved more than 0 mm.

The command reached the controller, so this is not a connection problem. Likely causes:

  - the keyswitch on the front of the controller is at PROG, so the ladder is not scanning. Tags can still be read and written in that mode, which is why this looked like it connected. Turn it to RUN.
  - for a curve: no curve is loaded on the controller for the Curve ID you set, so there is nothing to run
  - the stroke is set so small there is nothing to see
09/15/2026 at 07:57:36 PM ERROR logger Model:229 - Not ready: The pistons must be homed before they can run. Press Start and it will do that first.
09/15/2026 at 07:57:36 PM ERROR logger Model:229 - Not ready: The pistons must be homed before they can run. Press Start and it will do that first.
09/15/2026 at 07:57:36 PM ERROR logger Model:229 - Not ready: The pistons must be homed before they can run. Press Start and it will do that first.
09/15/2026 at 07:57:36 PM WARNING logger Model:2052 - The stroke command was sent, but no piston moved more than 0 mm.
09/15/2026 at 07:57:36 PM ERROR logger Model:229 - Nothing moved: The stroke command was sent, but no piston moved more than 0 mm.

The command reached the controller, so this is not a connection problem. Likely causes:

  - the keyswitch on the front of the controller is at PROG, so the ladder is not scanning. Tags can still be read and written in that mode, which is why this looked like it connected. Turn it to RUN.
  - for a curve: no curve is loaded on the controller for the Curve ID you set, so there is nothing to run
  - the stroke is set so small there is nothing to see
09/15/2026 at 07:57:36 PM WARNING logger Model:2052 - The stroke command was sent, but no piston moved more than 0 mm.
09/15/2026 at 07:57:36 PM ERROR logger Model:229 - Nothing moved: The stroke command was sent, but no piston moved more than 0 mm.

The command reached the controller, so this is not a connection problem. Likely causes:

  - the keyswitch on the front of the controller is at PROG, so the ladder is not scanning. Tags can still be read and written in that mode, which is why this looked like it connected. Turn it to RUN.
  - for a curve: no curve is loaded on the controller for the Curve ID you set, so there is nothing to run
  - the stroke is set so small there is nothing to see
09/15/2026 at 07:57:36 PM WARNING logger Model:2052 - The curve command was sent, but no piston moved more than 0 mm.
09/15/2026 at 07:57:36 PM ERROR logger Model:229 - Nothing moved: The curve command was sent, but no piston moved more than 0 mm.

The command reached the controller, so this is not a connection problem. Likely causes:

  - the keyswitch on the front of the controller is at PROG, so the ladder is not scanning. Tags can still be read and written in that mode, which is why this looked like it connected. Turn it to RUN.
  - for a curve: no curve is loaded on the controller for the Curve ID you set, so there is nothing to run
  - the stroke is set so small there is nothing to see
09/15/2026 at 07:57:36 PM WARNING logger Model:2052 - The stroke command was sent, but no piston moved more than 0 mm.
09/15/2026 at 07:57:36 PM ERROR logger Model:229 - Nothing moved: The stroke command was sent, but no piston moved more than 0 mm.

The command reached the controller, so this is not a connection problem. Likely causes:

  - the keyswitch on the front of the controller is at PROG, so the ladder is not scanning. Tags can still be read and written in that mode, which is why this looked like it connected. Turn it to RUN.
  - for a curve: no curve is loaded on the controller for the Curve ID you set, so there is nothing to run
  - the stroke is set so small there is nothing to see
09/15/2026 at 07:57:36 PM WARNING logger Model:2052 - The stroke command was sent, but no piston moved more than 0 mm.
09/15/2026 at 07:57:36 PM ERROR logger Model:229 - Nothing moved: The stroke command was sent, but no piston moved more than 0 mm.

The command reached the controller, so this is not a connection problem. Likely causes:

  - the keyswitch on the front of the controller is at PROG, so the ladder is not scanning. Tags can still be read and written in that mode, which is why this looked like it connected. Turn it to RUN.
  - for a curve: no curve is loaded on the controller for the Curve ID you set, so there is nothing to run
  - the stroke is set so small there is nothing to see
09/15/2026 at 07:57:36 PM ERROR logger Model:229 - Not ready: The pistons must be homed before they can run. Press Start and it will do that first.
09/15/2026 at 07:57:36 PM ERROR logger Model:229 - Not ready: The pistons must be homed before they can run. Press Start and it will do that first.
09/15/2026 at 07:57:36 PM ERROR logger Model:229 - Nothing to prepare: Choose some pistons on the tank first.
09/15/2026 at 07:57:36 PM WARNING logger Model:2277 - Pistons did not all reach the resting position.
09/15/2026 at 07:57:36 PM WARNING logger Model:2277 - Pistons did not all reach the resting position.
09/15/2026 at 07:57:36 PM ERROR logger Model:229 - Not ready: The pistons must be homed before they can run. Press Start and it will do that first.
09/15/2026 at 07:57:36 PM ERROR logger Model:229 - Not ready: The pistons must be homed before they can run. Press Start and it will do that first.
09/15/2026 at 07:57:36 PM ERROR logger Model:229 - Nothing to prepare: Choose some pistons on the tank first.
09/15/2026 at 07:57:36 PM ERROR logger Model:229 - No pistons selected: Choose some pistons on the tank first.
09/15/2026 at 07:57:36 PM ERROR logger Model:229 - No pistons selected: Choose some pistons on the tank first.
09/15/2026 at 07:57:36 PM ERROR logger Model:229 - Nothing to prepare: Choose some pistons on the tank first.
09/15/2026 at 07:57:36 PM WARNING logger Model:647 - Ignored Prepare: a stop or resting move is still running.
09/15/2026 at 07:57:36 PM ERROR logger Model:229 - Nothing to prepare: Choose some pistons on the tank first.
09/15/2026 at 07:57:36 PM ERROR logger Model:229 - No pistons selected: Choose some pistons on the tank first.
09/15/2026 at 07:57:36 PM WARNING logger Model:2052 - The curve command was sent, but no piston moved more than 0 mm.
09/15/2026 at 07:57:36 PM ERROR logger Model:229 - Nothing moved: The curve command was sent, but no piston moved more than 0 mm.

The command reached the controller, so this is not a connection problem. Likely causes:

  - the keyswitch on the front of the controller is at PROG, so the ladder is not scanning. Tags can still be read and written in that mode, which is why this looked like it connected. Turn it to RUN.
  - for a curve: no curve is loaded on the controller for the Curve ID you set, so there is nothing to run
  - the stroke is set so small there is nothing to see
09/15/2026 at 07:57:36 PM ERROR logger Model:229 - Not ready: The pistons must be homed before they can run. Press Start and it will do that first.
09/15/2026 at 07:57:36 PM WARNING logger Model:2052 - The curve command was sent, but no piston moved more than 0 mm.
09/15/2026 at 07:57:36 PM ERROR logger Model:229 - Nothing moved: The curve command was sent, but no piston moved more than 0 mm.

The command reached the controller, so this is not a connection problem. Likely causes:

  - the keyswitch on the front of the controller is at PROG, so the ladder is not scanning. Tags can still be read and written in that mode, which is why this looked like it connected. Turn it to RUN.
  - for a curve: no curve is loaded on the controller for the Curve ID you set, so there is nothing to run
  - the stroke is set so small there is nothing to see
09/15/2026 at 07:57:36 PM ERROR logger Model:229 - Not ready: The pistons must be homed before they can run. Press Start and it will do that first.
09/15/2026 at 07:57:36 PM ERROR logger Model:229 - Nothing to prepare: Choose some pistons on the tank first.
09/15/2026 at 07:57:36 PM ERROR logger Model:229 - No pistons selected: Choose some pistons on the tank first.
09/15/2026 at 07:57:36 PM ERROR logger Model:229 - Nothing to prepare: Choose some pistons on the tank first.
09/15/2026 at 07:57:36 PM ERROR logger Model:229 - Nothing to prepare: Choose some pistons on the tank first.
09/15/2026 at 07:57:36 PM ERROR logger Model:229 - Nothing to prepare: Choose some pistons on the tank first.
09/15/2026 at 07:57:36 PM ERROR logger Model:229 - Not ready: The pistons must be homed before they can run. Press Start and it will do that first.
09/15/2026 at 07:57:36 PM ERROR logger Model:229 - Nothing to prepare: Choose some pistons on the tank first.
09/15/2026 at 07:57:36 PM ERROR logger Model:229 - Not ready: The pistons must be homed before they can run. Press Start and it will do that first.
09/15/2026 at 07:57:36 PM ERROR logger Model:229 - Nothing to prepare: Choose some pistons on the tank first.
09/15/2026 at 07:57:36 PM ERROR logger Model:229 - Nothing to prepare: Choose some pistons on the tank first.
09/15/2026 at 07:57:36 PM ERROR logger Model:229 - Not ready: The pistons must be homed before they can run. Press Start and it will do that first.
09/15/2026 at 07:57:36 PM ERROR logger Model:229 - Not ready: The pistons must be homed before they can run. Press Start and it will do that first.
09/15/2026 at 07:57:36 PM ERROR logger Model:229 - No pistons selected: Choose some pistons on the tank first.
09/15/2026 at 07:57:36 PM ERROR logger Model:229 - Not ready: The pistons must be homed before they can run. Press Start and it will do that first.
09/15/2026 at 07:57:36 PM WARNING logger Model:2052 - The stroke command was sent, but no piston moved more than 0 mm.
09/15/2026 at 07:57:36 PM ERROR logger Model:229 - Nothing moved: The stroke command was sent, but no piston moved more than 0 mm.

The command reached the controller, so this is not a connection problem. Likely causes:

  - the keyswitch on the front of the controller is at PROG, so the ladder is not scanning. Tags can still be read and written in that mode, which is why this looked like it connected. Turn it to RUN.
  - for a curve: no curve is loaded on the controller for the Curve ID you set, so there is nothing to run
  - the stroke is set so small there is nothing to see
09/15/2026 at 07:57:36 PM WARNING logger Model:2277 - Pistons did not all reach the resting position.
09/15/2026 at 07:57:36 PM ERROR logger Model:229 - Not ready: The pistons must be homed before they can run. Press Start and it will do that first.
09/15/2026 at 07:57:36 PM WARNING logger Model:2277 - Pistons did not all reach the resting position.
09/15/2026 at 07:57:36 PM WARNING logger Model:2277 - Pistons did not all reach the resting position.
09/15/2026 at 07:57:36 PM WARNING logger Model:2052 - The curve command was sent, but no piston moved more than 0 mm.
09/15/2026 at 07:57:36 PM ERROR logger Model:229 - Nothing moved: The curve command was sent, but no piston moved more than 0 mm.

The command reached the controller, so this is not a connection problem. Likely causes:

  - the keyswitch on the front of the controller is at PROG, so the ladder is not scanning. Tags can still be read and written in that mode, which is why this looked like it connected. Turn it to RUN.
  - for a curve: no curve is loaded on the controller for the Curve ID you set, so there is nothing to run
  - the stroke is set so small there is nothing to see
09/15/2026 at 07:57:36 PM WARNING logger Model:2277 - Pistons did not all reach the resting position.
09/15/2026 at 07:57:36 PM WARNING logger Model:2052 - The stroke command was sent, but no piston moved more than 0 mm.
09/15/2026 at 07:57:36 PM ERROR logger Model:229 - Nothing moved: The stroke command was sent, but no piston moved more than 0 mm.

The command reached the controller, so this is not a connection problem. Likely causes:

  - the keyswitch on the front of the controller is at PROG, so the ladder is not scanning. Tags can still be read and written in that mode, which is why this looked like it connected. Turn it to RUN.
  - for a curve: no curve is loaded on the controller for the Curve ID you set, so there is nothing to run
  - the stroke is set so small there is nothing to see
09/15/2026 at 07:57:36 PM WARNING logger Model:2052 - The curve command was sent, but no piston moved more than 0 mm.
09/15/2026 at 07:57:36 PM ERROR logger Model:229 - Nothing moved: The curve command was sent, but no piston moved more than 0 mm.

The command reached the controller, so this is not a connection problem. Likely causes:

  - the keyswitch on the front of the controller is at PROG, so the ladder is not scanning. Tags can still be read and written in that mode, which is why this looked like it connected. Turn it to RUN.
  - for a curve: no curve is loaded on the controller for the Curve ID you set, so there is nothing to run
  - the stroke is set so small there is nothing to see
09/15/2026 at 07:57:36 PM ERROR logger Model:229 - Not ready: The pistons must be homed before they can run. Press Start and it will do that first.
09/15/2026 at 07:57:36 PM ERROR logger Model:229 - No pistons selected: Choose some pistons on the tank first.
09/15/2026 at 07:57:36 PM ERROR logger Model:229 - Not ready: The pistons must be homed before they can run. Press Start and it will do that first.
09/15/2026 at 07:57:36 PM ERROR logger Model:229 - No pistons selected: Choose some pistons on the tank first.
09/15/2026 at 07:57:36 PM ERROR logger Model:229 - Not ready: The pistons must be homed before they can run. Press Start and it will do that first.
09/15/2026 at 07:57:36 PM ERROR logger Model:229 - Not ready: The pistons must be homed before they can run. Press Start and it will do that first.
09/15/2026 at 07:57:36 PM ERROR logger Model:229 - Not ready: The pistons must be homed before they can run. Press Start and it will do that first.
09/15/2026 at 07:57:36 PM ERROR logger Model:229 - Nothing to prepare: Choose some pistons on the tank first.
09/15/2026 at 07:57:36 PM WARNING logger Model:2052 - The curve command was sent, but no piston moved more than 0 mm.
09/15/2026 at 07:57:36 PM ERROR logger Model:229 - Nothing moved: The curve command was sent, but no piston moved more than 0 mm.

The command reached the controller, so this is not a connection problem. Likely causes:

  - the keyswitch on the front of the controller is at PROG, so the ladder is not scanning. Tags can still be read and written in that mode, which is why this looked like it connected. Turn it to RUN.
  - for a curve: no curve is loaded on the controller for the Curve ID you set, so there is nothing to run
  - the stroke is set so small there is nothing to see
09/15/2026 at 07:57:36 PM WARNING logger Model:2052 - The curve command was sent, but no piston moved more than 0 mm.
09/15/2026 at 07:57:36 PM ERROR logger Model:229 - Nothing moved: The curve command was sent, but no piston moved more than 0 mm.

The command reached the controller, so this is not a connection problem. Likely causes:

  - the keyswitch on the front of the controller is at PROG, so the ladder is not scanning. Tags can still be read and written in that mode, which is why this looked like it connected. Turn it to RUN.
  - for a curve: no curve is loaded on the controller for the Curve ID you set, so there is nothing to run
  - the stroke is set so small there is nothing to see
09/15/2026 at 07:57:36 PM WARNING logger Model:2052 - The curve command was sent, but no piston moved more than 0 mm.
09/15/2026 at 07:57:36 PM ERROR logger Model:229 - Nothing moved: The curve command was sent, but no piston moved more than 0 mm.

The command reached the controller, so this is not a connection problem. Likely causes:

  - the keyswitch on the front of the controller is at PROG, so the ladder is not scanning. Tags can still be read and written in that mode, which is why this looked like it connected. Turn it to RUN.
  - for a curve: no curve is loaded on the controller for the Curve ID you set, so there is nothing to run
  - the stroke is set so small there is nothing to see
09/15/2026 at 07:57:36 PM WARNING logger Model:647 - Ignored Run: a stop or resting move is still running.
09/15/2026 at 07:57:36 PM ERROR logger Model:229 - Nothing to prepare: Choose some pistons on the tank first.
09/15/2026 at 07:57:36 PM WARNING logger Model:2052 - The curve command was sent, but no piston moved more than 0 mm.
09/15/2026 at 07:57:36 PM ERROR logger Model:229 - Nothing moved: The curve command was sent, but no piston moved more than 0 mm.

The command reached the controller, so this is not a connection problem. Likely causes:

  - the keyswitch on the front of the controller is at PROG, so the ladder is not scanning. Tags can still be read and written in that mode, which is why this looked like it connected. Turn it to RUN.
  - for a curve: no curve is loaded on the controller for the Curve ID you set, so there is nothing to run
  - the stroke is set so small there is nothing to see
09/15/2026 at 07:57:36 PM ERROR logger Model:229 - Nothing to prepare: Choose some pistons on the tank first.
09/15/2026 at 07:57:36 PM ERROR logger Model:229 - Nothing to prepare: Choose some pistons on the tank first.
09/15/2026 at 07:57:36 PM ERROR logger Model:229 - No pistons selected: Choose some pistons on the tank first.
09/15/2026 at 07:57:36 PM ERROR logger Model:229 - Nothing to prepare: Choose some pistons on the tank first.
09/15/2026 at 07:57:36 PM ERROR logger Model:229 - Nothing to prepare: Choose some pistons on the tank first.
09/15/2026 at 07:57:36 PM ERROR logger Model:229 - Not ready: The pistons must be homed before they can run. Press Start and it will do that first.
09/15/2026 at 07:57:36 PM WARNING logger Model:647 - Ignored Prepare: a stop or resting move is still running.
09/15/2026 at 07:57:36 PM WARNING logger Model:647 - Ignored Run: a stop or resting move is still running.
09/15/2026 at 07:57:36 PM WARNING logger Model:647 - Ignored Calibrate: a stop or resting move is still running.
09/15/2026 at 07:57:36 PM WARNING logger Model:647 - Ignored Prepare: a stop or resting move is still running.
09/15/2026 at 07:57:36 PM WARNING logger Model:647 - Ignored Calibrate: a stop or resting move is still running.
09/15/2026 at 07:57:36 PM WARNING logger Model:647 - Ignored Prepare: a stop or resting move is still running.
09/15/2026 at 07:57:36 PM WARNING logger Model:647 - Ignored Prepare: a stop or resting move is still running.
09/15/2026 at 07:57:36 PM WARNING logger Model:647 - Ignored Prepare: a stop or resting move is still running.
09/15/2026 at 07:57:36 PM ERROR logger Model:229 - Not ready: The pistons must be homed before they can run. Press Start and it will do that first.
09/15/2026 at 07:57:36 PM ERROR logger Model:229 - Not ready: The pistons must be homed before they can run. Press Start and it will do that first.
09/15/2026 at 07:57:36 PM ERROR logger Model:229 - Nothing to prepare: Choose some pistons on the tank first.
09/15/2026 at 07:57:36 PM ERROR logger Model:229 - Not ready: The pistons must be homed before they can run. Press Start and it will do that first.
09/15/2026 at 07:57:36 PM ERROR logger Model:229 - Not ready: The pistons must be homed before they can run. Press Start and it will do that first.
09/15/2026 at 07:57:36 PM WARNING logger Model:2277 - Pistons did not all reach the resting position.
09/15/2026 at 07:57:36 PM WARNING logger Model:2277 - Pistons did not all reach the resting position.
09/15/2026 at 07:57:36 PM WARNING logger Model:2277 - Pistons did not all reach the resting position.
09/15/2026 at 07:57:36 PM ERROR logger Model:229 - Not ready: The pistons must be homed before they can run. Press Start and it will do that first.
09/15/2026 at 07:57:36 PM WARNING logger Model:2277 - Pistons did not all reach the resting position.
09/15/2026 at 07:57:36 PM WARNING logger Model:2052 - The curve command was sent, but no piston moved more than 0 mm.
09/15/2026 at 07:57:36 PM ERROR logger Model:229 - Nothing moved: The curve command was sent, but no piston moved more than 0 mm.

The command reached the controller, so this is not a connection problem. Likely causes:

  - the keyswitch on the front of the controller is at PROG, so the ladder is not scanning. Tags can still be read and written in that mode, which is why this looked like it connected. Turn it to RUN.
  - for a curve: no curve is loaded on the controller for the Curve ID you set, so there is nothing to run
  - the stroke is set so small there is nothing to see
09/15/2026 at 07:57:36 PM WARNING logger Model:2277 - Pistons did not all reach the resting position.
09/15/2026 at 07:57:36 PM WARNING logger Model:2277 - Pistons did not all reach the resting position.
09/15/2026 at 07:57:36 PM WARNING logger Model:2277 - Pistons did not all reach the resting position.
09/15/2026 at 07:57:36 PM WARNING logger Model:2052 - The curve command was sent, but no piston moved more than 0 mm.
09/15/2026 at 07:57:36 PM ERROR logger Model:229 - Nothing moved: The curve command was sent, but no piston moved more than 0 mm.

The command reached the controller, so this is not a connection problem. Likely causes:

  - the keyswitch on the front of the controller is at PROG, so the ladder is not scanning. Tags can still be read and written in that mode, which is why this looked like it connected. Turn it to RUN.
  - for a curve: no curve is loaded on the controller for the Curve ID you set, so there is nothing to run
  - the stroke is set so small there is nothing to see
09/15/2026 at 07:57:36 PM WARNING logger Model:2277 - Pistons did not all reach the resting position.
09/15/2026 at 07:57:36 PM WARNING logger Model:2277 - Pistons did not all reach the resting position.
09/15/2026 at 07:57:36 PM ERROR logger Model:229 - Not ready: The pistons must be homed before they can run. Press Start and it will do that first.
09/15/2026 at 07:57:36 PM WARNING logger Model:647 - Ignored Calibrate: a stop or resting move is still running.
09/15/2026 at 07:57:36 PM WARNING logger Model:2277 - Pistons did not all reach the resting position.
09/15/2026 at 07:57:36 PM WARNING logger Model:2277 - Pistons did not all reach the resting position.
09/15/2026 at 07:57:36 PM ERROR logger Model:229 - Not ready: The pistons must be homed before they can run. Press Start and it will do that first.
09/15/2026 at 07:57:36 PM ERROR logger Model:229 - Nothing to prepare: Choose some pistons on the tank first.
09/15/2026 at 07:57:36 PM ERROR logger Model:229 - No pistons selected: Choose some pistons on the tank first.
09/15/2026 at 07:57:36 PM ERROR logger Model:229 - No pistons selected: Choose some pistons on the tank first.
09/15/2026 at 07:57:36 PM ERROR logger Model:229 - Not ready: The pistons must be homed before they can run. Press Start and it will do that first.
09/15/2026 at 07:57:36 PM ERROR logger Model:229 - Not ready: The pistons must be homed before they can run. Press Start and it will do that first.
09/15/2026 at 07:57:36 PM ERROR logger Model:229 - No pistons selected: Choose some pistons on the tank first.
09/15/2026 at 07:57:36 PM WARNING logger Model:2052 - The stroke command was sent, but no piston moved more than 0 mm.
09/15/2026 at 07:57:36 PM ERROR logger Model:229 - Nothing moved: The stroke command was sent, but no piston moved more than 0 mm.

The command reached the controller, so this is not a connection problem. Likely causes:

  - the keyswitch on the front of the controller is at PROG, so the ladder is not scanning. Tags can still be read and written in that mode, which is why this looked like it connected. Turn it to RUN.
  - for a curve: no curve is loaded on the controller for the Curve ID you set, so there is nothing to run
  - the stroke is set so small there is nothing to see
09/15/2026 at 07:57:36 PM ERROR logger Model:229 - No pistons selected: Choose some pistons on the tank first.
09/15/2026 at 07:57:36 PM ERROR logger Model:229 - Nothing to prepare: Choose some pistons on the tank first.
09/15/2026 at 07:57:36 PM ERROR logger Model:229 - Not ready: The pistons must be homed before they can run. Press Start and it will do that first.
09/15/2026 at 07:57:36 PM ERROR logger Model:229 - Nothing to prepare: Choose some pistons on the tank first.
09/15/2026 at 07:57:36 PM ERROR logger Model:229 - Not ready: The pistons must be homed before they can run. Press Start and it will do that first.
09/15/2026 at 07:57:36 PM ERROR logger Model:229 - Nothing to prepare: Choose some pistons on the tank first.
09/15/2026 at 07:57:36 PM ERROR logger Model:229 - No pistons selected: Choose some pistons on the tank first.
09/15/2026 at 07:57:36 PM WARNING logger Model:2052 - The curve command was sent, but no piston moved more than 0 mm.
09/15/2026 at 07:57:36 PM ERROR logger Model:229 - Nothing moved: The curve command was sent, but no piston moved more than 0 mm.

The command reached the controller, so this is not a connection problem. Likely causes:

  - the keyswitch on the front of the controller is at PROG, so the ladder is not scanning. Tags can still be read and written in that mode, which is why this looked like it connected. Turn it to RUN.
  - for a curve: no curve is loaded on the controller for the Curve ID you set, so there is nothing to run
  - the stroke is set so small there is nothing to see
09/15/2026 at 07:57:36 PM WARNING logger Model:2277 - Pistons did not all reach the resting position.
09/15/2026 at 07:57:36 PM WARNING logger Model:2277 - Pistons did not all reach the resting position.
09/15/2026 at 07:57:36 PM WARNING logger Model:2052 - The stroke command was sent, but no piston moved more than 0 mm.
09/15/2026 at 07:57:36 PM ERROR logger Model:229 - Nothing moved: The stroke command was sent, but no piston moved more than 0 mm.

The command reached the controller, so this is not a connection problem. Likely causes:

  - the keyswitch on the front of the controller is at PROG, so the ladder is not scanning. Tags can still be read and written in that mode, which is why this looked like it connected. Turn it to RUN.
  - for a curve: no curve is loaded on the controller for the Curve ID you set, so there is nothing to run
  - the stroke is set so small there is nothing to see
09/15/2026 at 07:57:36 PM WARNING logger Model:1821 - Staging did not complete within 0.0 seconds; running unstaggered.
09/15/2026 at 07:57:36 PM ERROR logger Model:229 - Nothing to prepare: Choose some pistons on the tank first.
09/15/2026 at 07:57:36 PM ERROR logger Model:229 - Not ready: The pistons must be homed before they can run. Press Start and it will do that first.
09/15/2026 at 07:57:36 PM ERROR logger Model:229 - No pistons selected: Choose some pistons on the tank first.
09/15/2026 at 07:57:36 PM WARNING logger Model:2277 - Pistons did not all reach the resting position.
09/15/2026 at 07:57:36 PM ERROR logger Model:229 - Not ready: The pistons must be homed before they can run. Press Start and it will do that first.
09/15/2026 at 07:57:36 PM ERROR logger Model:229 - Nothing to prepare: Choose some pistons on the tank first.
09/15/2026 at 07:57:36 PM ERROR logger Model:229 - Not ready: The pistons must be homed before they can run. Press Start and it will do that first.
09/15/2026 at 07:57:36 PM ERROR logger Model:229 - Not ready: The pistons must be homed before they can run. Press Start and it will do that first.
09/15/2026 at 07:57:36 PM ERROR logger Model:229 - Not ready: The pistons must be homed before they can run. Press Start and it will do that first.
09/15/2026 at 07:57:36 PM ERROR logger Model:229 - Not ready: The pistons must be homed before they can run. Press Start and it will do that first.
09/15/2026 at 07:57:36 PM WARNING logger Model:2052 - The curve command was sent, but no piston moved more than 0 mm.
09/15/2026 at 07:57:36 PM ERROR logger Model:229 - Nothing moved: The curve command was sent, but no piston moved more than 0 mm.

The command reached the controller, so this is not a connection problem. Likely causes:

  - the keyswitch on the front of the controller is at PROG, so the ladder is not scanning. Tags can still be read and written in that mode, which is why this looked like it connected. Turn it to RUN.
  - for a curve: no curve is loaded on the controller for the Curve ID you set, so there is nothing to run
  - the stroke is set so small there is nothing to see
09/15/2026 at 07:57:36 PM ERROR logger Model:229 - Not ready: The pistons must be homed before they can run. Press Start and it will do that first.
09/15/2026 at 07:57:36 PM WARNING logger Model:2052 - The curve command was sent, but no piston moved more than 0 mm.
09/15/2026 at 07:57:36 PM ERROR logger Model:229 - Nothing moved: The curve command was sent, but no piston moved more than 0 mm.

The command reached the controller, so this is not a connection problem. Likely causes:

  - the keyswitch on the front of the controller is at PROG, so the ladder is not scanning. Tags can still be read and written in that mode, which is why this looked like it connected. Turn it to RUN.
  - for a curve: no curve is loaded on the controller for the Curve ID you set, so there is nothing to run
  - the stroke is set so small there is nothing to see
09/15/2026 at 07:57:36 PM ERROR logger Model:229 - Not ready: The pistons must be homed before they can run. Press Start and it will do that first.
09/15/2026 at 07:57:36 PM ERROR logger Model:229 - Nothing to prepare: Choose some pistons on the tank first.
09/15/2026 at 07:57:36 PM ERROR logger Model:229 - No pistons selected: Choose some pistons on the tank first.
09/15/2026 at 07:57:36 PM ERROR logger Model:229 - No pistons selected: Choose some pistons on the tank first.
09/15/2026 at 07:57:36 PM ERROR logger Model:229 - No pistons selected: Choose some pistons on the tank first.
09/15/2026 at 07:57:36 PM ERROR logger Model:229 - Not ready: The pistons must be homed before they can run. Press Start and it will do that first.
09/15/2026 at 07:57:36 PM ERROR logger Model:229 - Not ready: The pistons must be homed before they can run. Press Start and it will do that first.
09/15/2026 at 07:57:36 PM WARNING logger Model:2052 - The stroke command was sent, but no piston moved more than 0 mm.
09/15/2026 at 07:57:36 PM ERROR logger Model:229 - Nothing moved: The stroke command was sent, but no piston moved more than 0 mm.

The command reached the controller, so this is not a connection problem. Likely causes:

  - the keyswitch on the front of the controller is at PROG, so the ladder is not scanning. Tags can still be read and written in that mode, which is why this looked like it connected. Turn it to RUN.
  - for a curve: no curve is loaded on the controller for the Curve ID you set, so there is nothing to run
  - the stroke is set so small there is nothing to see
09/15/2026 at 07:57:36 PM WARNING logger Model:2052 - The stroke command was sent, but no piston moved more than 0 mm.
09/15/2026 at 07:57:36 PM ERROR logger Model:229 - Nothing moved: The stroke command was sent, but no piston moved more than 0 mm.

The command reached the controller, so this is not a connection problem. Likely causes:

  - the keyswitch on the front of the controller is at PROG, so the ladder is not scanning. Tags can still be read and written in that mode, which is why this looked like it connected. Turn it to RUN.
  - for a curve: no curve is loaded on the controller for the Curve ID you set, so there is nothing to run
  - the stroke is set so small there is nothing to see
09/15/2026 at 07:57:37 PM WARNING logger Model:2052 - The stroke command was sent, but no piston moved more than 0 mm.
09/15/2026 at 07:57:37 PM ERROR logger Model:229 - Nothing moved: The stroke command was sent, but no piston moved more than 0 mm.

The command reached the controller, so this is not a connection problem. Likely causes:

  - the keyswitch on the front of the controller is at PROG, so the ladder is not scanning. Tags can still be read and written in that mode, which is why this looked like it connected. Turn it to RUN.
  - for a curve: no curve is loaded on the controller for the Curve ID you set, so there is nothing to run
  - the stroke is set so small there is nothing to see
09/15/2026 at 07:57:37 PM ERROR logger Model:229 - Nothing to prepare: Choose some pistons on the tank first.
09/15/2026 at 07:57:37 PM ERROR logger Model:229 - Nothing to prepare: Choose some pistons on the tank first.
09/15/2026 at 07:57:37 PM ERROR logger Model:229 - Nothing to prepare: Choose some pistons on the tank first.
09/15/2026 at 07:57:37 PM ERROR logger Model:229 - Nothing to prepare: Choose some pistons on the tank first.
09/15/2026 at 07:57:37 PM ERROR logger Model:229 - Nothing to prepare: Choose some pistons on the tank first.
09/15/2026 at 07:57:37 PM ERROR logger Model:229 - No pistons selected: Choose some pistons on the tank first.
09/15/2026 at 07:57:37 PM WARNING logger Model:2052 - The curve command was sent, but no piston moved more than 0 mm.
09/15/2026 at 07:57:37 PM ERROR logger Model:229 - Nothing moved: The curve command was sent, but no piston moved more than 0 mm.

The command reached the controller, so this is not a connection problem. Likely causes:

  - the keyswitch on the front of the controller is at PROG, so the ladder is not scanning. Tags can still be read and written in that mode, which is why this looked like it connected. Turn it to RUN.
  - for a curve: no curve is loaded on the controller for the Curve ID you set, so there is nothing to run
  - the stroke is set so small there is nothing to see
09/15/2026 at 07:57:37 PM WARNING logger Model:2277 - Pistons did not all reach the resting position.
09/15/2026 at 07:57:37 PM WARNING logger Model:2052 - The curve command was sent, but no piston moved more than 0 mm.
09/15/2026 at 07:57:37 PM ERROR logger Model:229 - Nothing moved: The curve command was sent, but no piston moved more than 0 mm.

The command reached the controller, so this is not a connection problem. Likely causes:

  - the keyswitch on the front of the controller is at PROG, so the ladder is not scanning. Tags can still be read and written in that mode, which is why this looked like it connected. Turn it to RUN.
  - for a curve: no curve is loaded on the controller for the Curve ID you set, so there is nothing to run
  - the stroke is set so small there is nothing to see
09/15/2026 at 07:57:37 PM ERROR logger Model:229 - Not ready: The pistons must be homed before they can run. Press Start and it will do that first.
09/15/2026 at 07:57:37 PM ERROR logger Model:229 - Not ready: The pistons must be homed before they can run. Press Start and it will do that first.
09/15/2026 at 07:57:37 PM ERROR logger Model:229 - Not ready: The pistons must be homed before they can run. Press Start and it will do that first.
09/15/2026 at 07:57:37 PM ERROR logger Model:229 - Not ready: The pistons must be homed before they can run. Press Start and it will do that first.
09/15/2026 at 07:57:37 PM ERROR logger Model:229 - Nothing to prepare: Choose some pistons on the tank first.
09/15/2026 at 07:57:37 PM WARNING logger Model:2052 - The stroke command was sent, but no piston moved more than 0 mm.
09/15/2026 at 07:57:37 PM ERROR logger Model:229 - Nothing moved: The stroke command was sent, but no piston moved more than 0 mm.

The command reached the controller, so this is not a connection problem. Likely causes:

  - the keyswitch on the front of the controller is at PROG, so the ladder is not scanning. Tags can still be read and written in that mode, which is why this looked like it connected. Turn it to RUN.
  - for a curve: no curve is loaded on the controller for the Curve ID you set, so there is nothing to run
  - the stroke is set so small there is nothing to see
09/15/2026 at 07:57:37 PM WARNING logger Model:2052 - The stroke command was sent, but no piston moved more than 0 mm.
09/15/2026 at 07:57:37 PM ERROR logger Model:229 - Nothing moved: The stroke command was sent, but no piston moved more than 0 mm.

The command reached the controller, so this is not a connection problem. Likely causes:

  - the keyswitch on the front of the controller is at PROG, so the ladder is not scanning. Tags can still be read and written in that mode, which is why this looked like it connected. Turn it to RUN.
  - for a curve: no curve is loaded on the controller for the Curve ID you set, so there is nothing to run
  - the stroke is set so small there is nothing to see
09/15/2026 at 07:57:37 PM WARNING logger Model:2277 - Pistons did not all reach the resting position.
09/15/2026 at 07:57:37 PM ERROR logger Model:229 - No pistons selected: Choose some pistons on the tank first.
09/15/2026 at 07:57:37 PM ERROR logger Model:229 - Not ready: The pistons must be homed before they can run. Press Start and it will do that first.
09/15/2026 at 07:57:37 PM ERROR logger Model:229 - Nothing to prepare: Choose some pistons on the tank first.
09/15/2026 at 07:57:37 PM ERROR logger Model:229 - Not ready: The pistons must be homed before they can run. Press Start and it will do that first.
09/15/2026 at 07:57:37 PM ERROR logger Model:229 - No pistons selected: Choose some pistons on the tank first.
09/15/2026 at 07:57:37 PM ERROR logger Model:229 - Not ready: The pistons must be homed before they can run. Press Start and it will do that first.
09/15/2026 at 07:57:37 PM ERROR logger Model:229 - Nothing to prepare: Choose some pistons on the tank first.
09/15/2026 at 07:57:37 PM ERROR logger Model:229 - Nothing to prepare: Choose some pistons on the tank first.
09/15/2026 at 07:57:37 PM ERROR logger Model:229 - No pistons selected: Choose some pistons on the tank first.
09/15/2026 at 07:57:37 PM ERROR logger Model:229 - No pistons selected: Choose some pistons on the tank first.
09/15/2026 at 07:57:37 PM ERROR logger Model:229 - No pistons selected: Choose some pistons on the tank first.
09/15/2026 at 07:57:37 PM ERROR logger Model:229 - Not ready: The pistons must be homed before they can run. Press Start and it will do that first.
09/15/2026 at 07:57:37 PM ERROR logger Model:229 - Nothing to prepare: Choose some pistons on the tank first.
09/15/2026 at 07:57:37 PM ERROR logger Model:229 - No pistons selected: Choose some pistons on the tank first.
09/15/2026 at 07:57:37 PM ERROR logger Model:229 - No pistons selected: Choose some pistons on the tank first.
09/15/2026 at 07:57:37 PM ERROR logger Model:229 - Nothing to prepare: Choose some pistons on the tank first.
09/15/2026 at 07:57:37 PM ERROR logger Model:229 - Nothing to prepare: Choose some pistons on the tank first.
09/15/2026 at 07:57:37 PM ERROR logger Model:229 - No pistons selected: Choose some pistons on the tank first.
09/15/2026 at 07:57:37 PM ERROR logger Model:229 - Not ready: The pistons must be homed before they can run. Press Start and it will do that first.
09/15/2026 at 07:57:37 PM ERROR logger Model:229 - Nothing to prepare: Choose some pistons on the tank first.
09/15/2026 at 07:57:37 PM ERROR logger Model:229 - Not ready: The pistons must be homed before they can run. Press Start and it will do that first.
09/15/2026 at 07:57:37 PM ERROR logger Model:229 - No pistons selected: Choose some pistons on the tank first.
09/15/2026 at 07:57:37 PM ERROR logger Model:229 - Not ready: The pistons must be homed before they can run. Press Start and it will do that first.
09/15/2026 at 07:57:37 PM ERROR logger Model:229 - Not ready: The pistons must be homed before they can run. Press Start and it will do that first.
09/15/2026 at 07:57:37 PM WARNING logger Model:2052 - The curve command was sent, but no piston moved more than 0 mm.
09/15/2026 at 07:57:37 PM ERROR logger Model:229 - Nothing moved: The curve command was sent, but no piston moved more than 0 mm.

The command reached the controller, so this is not a connection problem. Likely causes:

  - the keyswitch on the front of the controller is at PROG, so the ladder is not scanning. Tags can still be read and written in that mode, which is why this looked like it connected. Turn it to RUN.
  - for a curve: no curve is loaded on the controller for the Curve ID you set, so there is nothing to run
  - the stroke is set so small there is nothing to see
09/15/2026 at 07:57:37 PM WARNING logger Model:2277 - Pistons did not all reach the resting position.
09/15/2026 at 07:57:37 PM ERROR logger Model:229 - No pistons selected: Choose some pistons on the tank first.
09/15/2026 at 07:57:37 PM ERROR logger Model:229 - No pistons selected: Choose some pistons on the tank first.
09/15/2026 at 07:57:37 PM ERROR logger Model:229 - Nothing to prepare: Choose some pistons on the tank first.
09/15/2026 at 07:57:37 PM ERROR logger Model:229 - Nothing to prepare: Choose some pistons on the tank first.
09/15/2026 at 07:57:37 PM ERROR logger Model:229 - No pistons selected: Choose some pistons on the tank first.
09/15/2026 at 07:57:37 PM ERROR logger Model:229 - Not ready: The pistons must be homed before they can run. Press Start and it will do that first.
09/15/2026 at 07:57:37 PM ERROR logger Model:229 - Not ready: The pistons must be homed before they can run. Press Start and it will do that first.
09/15/2026 at 07:57:37 PM ERROR logger Model:229 - Not ready: The pistons must be homed before they can run. Press Start and it will do that first.
09/15/2026 at 07:57:37 PM ERROR logger Model:229 - Nothing to prepare: Choose some pistons on the tank first.
09/15/2026 at 07:57:37 PM WARNING logger Model:2052 - The curve command was sent, but no piston moved more than 0 mm.
09/15/2026 at 07:57:37 PM ERROR logger Model:229 - Nothing moved: The curve command was sent, but no piston moved more than 0 mm.

The command reached the controller, so this is not a connection problem. Likely causes:

  - the keyswitch on the front of the controller is at PROG, so the ladder is not scanning. Tags can still be read and written in that mode, which is why this looked like it connected. Turn it to RUN.
  - for a curve: no curve is loaded on the controller for the Curve ID you set, so there is nothing to run
  - the stroke is set so small there is nothing to see
09/15/2026 at 07:57:37 PM WARNING logger Model:2277 - Pistons did not all reach the resting position.
09/15/2026 at 07:57:37 PM WARNING logger Model:2277 - Pistons did not all reach the resting position.
09/15/2026 at 07:57:37 PM ERROR logger Model:229 - Not ready: The pistons must be homed before they can run. Press Start and it will do that first.
09/15/2026 at 07:57:37 PM ERROR logger Model:229 - Not ready: The pistons must be homed before they can run. Press Start and it will do that first.
09/15/2026 at 07:57:37 PM ERROR logger Model:229 - Not ready: The pistons must be homed before they can run. Press Start and it will do that first.
09/15/2026 at 07:57:37 PM WARNING logger Model:2052 - The curve command was sent, but no piston moved more than 0 mm.
09/15/2026 at 07:57:37 PM ERROR logger Model:229 - Nothing moved: The curve command was sent, but no piston moved more than 0 mm.

The command reached the controller, so this is not a connection problem. Likely causes:

  - the keyswitch on the front of the controller is at PROG, so the ladder is not scanning. Tags can still be read and written in that mode, which is why this looked like it connected. Turn it to RUN.
  - for a curve: no curve is loaded on the controller for the Curve ID you set, so there is nothing to run
  - the stroke is set so small there is nothing to see
09/15/2026 at 07:57:37 PM WARNING logger Model:2052 - The stroke command was sent, but no piston moved more than 0 mm.
09/15/2026 at 07:57:37 PM ERROR logger Model:229 - Nothing moved: The stroke command was sent, but no piston moved more than 0 mm.

The command reached the controller, so this is not a connection problem. Likely causes:

  - the keyswitch on the front of the controller is at PROG, so the ladder is not scanning. Tags can still be read and written in that mode, which is why this looked like it connected. Turn it to RUN.
  - for a curve: no curve is loaded on the controller for the Curve ID you set, so there is nothing to run
  - the stroke is set so small there is nothing to see
09/15/2026 at 07:57:37 PM WARNING logger Model:2052 - The curve command was sent, but no piston moved more than 0 mm.
09/15/2026 at 07:57:37 PM ERROR logger Model:229 - Nothing moved: The curve command was sent, but no piston moved more than 0 mm.

The command reached the controller, so this is not a connection problem. Likely causes:

  - the keyswitch on the front of the controller is at PROG, so the ladder is not scanning. Tags can still be read and written in that mode, which is why this looked like it connected. Turn it to RUN.
  - for a curve: no curve is loaded on the controller for the Curve ID you set, so there is nothing to run
  - the stroke is set so small there is nothing to see
09/15/2026 at 07:57:37 PM ERROR logger Model:229 - Not ready: The pistons must be homed before they can run. Press Start and it will do that first.
09/15/2026 at 07:57:37 PM ERROR logger Model:229 - Not ready: The pistons must be homed before they can run. Press Start and it will do that first.
09/15/2026 at 07:57:37 PM ERROR logger Model:229 - Not ready: The pistons must be homed before they can run. Press Start and it will do that first.
09/15/2026 at 07:57:37 PM ERROR logger Model:229 - Not ready: The pistons must be homed before they can run. Press Start and it will do that first.
09/15/2026 at 07:57:37 PM ERROR logger Model:229 - Not ready: The pistons must be homed before they can run. Press Start and it will do that first.
09/15/2026 at 07:57:37 PM ERROR logger Model:229 - Not ready: The pistons must be homed before they can run. Press Start and it will do that first.
09/15/2026 at 07:57:37 PM WARNING logger Model:2277 - Pistons did not all reach the resting position.
09/15/2026 at 07:57:37 PM ERROR logger Model:229 - Not ready: The pistons must be homed before they can run. Press Start and it will do that first.
09/15/2026 at 07:57:37 PM WARNING logger Model:647 - Ignored Prepare: a stop or resting move is still running.
09/15/2026 at 07:57:37 PM WARNING logger Model:2277 - Pistons did not all reach the resting position.
09/15/2026 at 07:57:37 PM ERROR logger Model:229 - Not ready: The pistons must be homed before they can run. Press Start and it will do that first.
09/15/2026 at 07:57:37 PM ERROR logger Model:229 - Not ready: The pistons must be homed before they can run. Press Start and it will do that first.
09/15/2026 at 07:57:53 PM WARNING logger Model:2277 - Pistons did not all reach the resting position.
09/15/2026 at 07:57:57 PM WARNING logger Model:2052 - The stroke command was sent, but no piston moved more than 0 mm.
09/15/2026 at 07:57:57 PM ERROR logger Model:229 - Nothing moved: The stroke command was sent, but no piston moved more than 0 mm.

The command reached the controller, so this is not a connection problem. Likely causes:

  - the keyswitch on the front of the controller is at PROG, so the ladder is not scanning. Tags can still be read and written in that mode, which is why this looked like it connected. Turn it to RUN.
  - for a curve: no curve is loaded on the controller for the Curve ID you set, so there is nothing to run
  - the stroke is set so small there is nothing to see
09/15/2026 at 07:57:57 PM WARNING logger Model:2052 - The curve command was sent, but no piston moved more than 0 mm.
09/15/2026 at 07:57:57 PM ERROR logger Model:229 - Nothing moved: The curve command was sent, but no piston moved more than 0 mm.

The command reached the controller, so this is not a connection problem. Likely causes:

  - the keyswitch on the front of the controller is at PROG, so the ladder is not scanning. Tags can still be read and written in that mode, which is why this looked like it connected. Turn it to RUN.
  - for a curve: no curve is loaded on the controller for the Curve ID you set, so there is nothing to run
  - the stroke is set so small there is nothing to see
09/15/2026 at 07:57:57 PM ERROR logger Model:229 - Nothing to prepare: Choose some pistons on the tank first.
09/15/2026 at 07:57:57 PM ERROR logger Model:229 - Nothing to prepare: Choose some pistons on the tank first.
09/15/2026 at 07:57:57 PM ERROR logger Model:229 - No pistons selected: Choose some pistons on the tank first.
09/15/2026 at 07:57:57 PM ERROR logger Model:229 - Nothing to prepare: Choose some pistons on the tank first.
09/15/2026 at 07:57:57 PM ERROR logger Model:229 - Nothing to prepare: Choose some pistons on the tank first.
09/15/2026 at 07:57:57 PM ERROR logger Model:229 - Not ready: The pistons must be homed before they can run. Press Start and it will do that first.
09/15/2026 at 07:57:57 PM ERROR logger Model:229 - Nothing to prepare: Choose some pistons on the tank first.
09/15/2026 at 07:57:57 PM ERROR logger Model:229 - Not ready: The pistons must be homed before they can run. Press Start and it will do that first.
09/15/2026 at 07:57:57 PM ERROR logger Model:229 - Not ready: The pistons must be homed before they can run. Press Start and it will do that first.
09/15/2026 at 07:57:57 PM WARNING logger Model:2052 - The curve command was sent, but no piston moved more than 0 mm.
09/15/2026 at 07:57:57 PM ERROR logger Model:229 - Nothing moved: The curve command was sent, but no piston moved more than 0 mm.

The command reached the controller, so this is not a connection problem. Likely causes:

  - the keyswitch on the front of the controller is at PROG, so the ladder is not scanning. Tags can still be read and written in that mode, which is why this looked like it connected. Turn it to RUN.
  - for a curve: no curve is loaded on the controller for the Curve ID you set, so there is nothing to run
  - the stroke is set so small there is nothing to see
09/15/2026 at 07:57:57 PM ERROR logger Model:229 - Not ready: The pistons must be homed before they can run. Press Start and it will do that first.
09/15/2026 at 07:57:57 PM ERROR logger Model:229 - No pistons selected: Choose some pistons on the tank first.
09/15/2026 at 07:57:57 PM ERROR logger Model:229 - Not ready: The pistons must be homed before they can run. Press Start and it will do that first.
09/15/2026 at 07:57:57 PM ERROR logger Model:229 - No pistons selected: Choose some pistons on the tank first.
09/15/2026 at 07:57:57 PM ERROR logger Model:229 - Nothing to prepare: Choose some pistons on the tank first.
09/15/2026 at 07:57:57 PM ERROR logger Model:229 - Not ready: The pistons must be homed before they can run. Press Start and it will do that first.
09/15/2026 at 07:57:57 PM ERROR logger Model:229 - No pistons selected: Choose some pistons on the tank first.
09/15/2026 at 07:57:57 PM ERROR logger Model:229 - Not ready: The pistons must be homed before they can run. Press Start and it will do that first.
09/15/2026 at 07:57:57 PM ERROR logger Model:229 - No pistons selected: Choose some pistons on the tank first.
09/15/2026 at 07:57:57 PM ERROR logger Model:229 - No pistons selected: Choose some pistons on the tank first.
09/15/2026 at 07:57:57 PM ERROR logger Model:229 - Not ready: The pistons must be homed before they can run. Press Start and it will do that first.
09/15/2026 at 07:57:57 PM ERROR logger Model:229 - Not ready: The pistons must be homed before they can run. Press Start and it will do that first.
09/15/2026 at 07:57:57 PM ERROR logger Model:229 - Nothing to prepare: Choose some pistons on the tank first.
09/15/2026 at 07:57:57 PM ERROR logger Model:229 - Not ready: The pistons must be homed before they can run. Press Start and it will do that first.
09/15/2026 at 07:57:57 PM ERROR logger Model:229 - No pistons selected: Choose some pistons on the tank first.
09/15/2026 at 07:57:57 PM ERROR logger Model:229 - No pistons selected: Choose some pistons on the tank first.
09/15/2026 at 07:57:57 PM ERROR logger Model:229 - Nothing to prepare: Choose some pistons on the tank first.
09/15/2026 at 07:57:57 PM WARNING logger Model:2052 - The curve command was sent, but no piston moved more than 0 mm.
09/15/2026 at 07:57:57 PM ERROR logger Model:229 - Nothing moved: The curve command was sent, but no piston moved more than 0 mm.

The command reached the controller, so this is not a connection problem. Likely causes:

  - the keyswitch on the front of the controller is at PROG, so the ladder is not scanning. Tags can still be read and written in that mode, which is why this looked like it connected. Turn it to RUN.
  - for a curve: no curve is loaded on the controller for the Curve ID you set, so there is nothing to run
  - the stroke is set so small there is nothing to see
09/15/2026 at 07:57:57 PM WARNING logger Model:2277 - Pistons did not all reach the resting position.
09/15/2026 at 07:57:57 PM ERROR logger Model:229 - Not ready: The pistons must be homed before they can run. Press Start and it will do that first.
09/15/2026 at 07:57:57 PM ERROR logger Model:229 - Nothing to prepare: Choose some pistons on the tank first.
09/15/2026 at 07:57:57 PM ERROR logger Model:229 - Not ready: The pistons must be homed before they can run. Press Start and it will do that first.
09/15/2026 at 07:57:57 PM ERROR logger Model:229 - Not ready: The pistons must be homed before they can run. Press Start and it will do that first.
09/15/2026 at 07:57:57 PM WARNING logger Model:2052 - The stroke command was sent, but no piston moved more than 0 mm.
09/15/2026 at 07:57:57 PM ERROR logger Model:229 - Nothing moved: The stroke command was sent, but no piston moved more than 0 mm.

The command reached the controller, so this is not a connection problem. Likely causes:

  - the keyswitch on the front of the controller is at PROG, so the ladder is not scanning. Tags can still be read and written in that mode, which is why this looked like it connected. Turn it to RUN.
  - for a curve: no curve is loaded on the controller for the Curve ID you set, so there is nothing to run
  - the stroke is set so small there is nothing to see
09/15/2026 at 07:57:57 PM WARNING logger Model:2052 - The stroke command was sent, but no piston moved more than 0 mm.
09/15/2026 at 07:57:57 PM ERROR logger Model:229 - Nothing moved: The stroke command was sent, but no piston moved more than 0 mm.

The command reached the controller, so this is not a connection problem. Likely causes:

  - the keyswitch on the front of the controller is at PROG, so the ladder is not scanning. Tags can still be read and written in that mode, which is why this looked like it connected. Turn it to RUN.
  - for a curve: no curve is loaded on the controller for the Curve ID you set, so there is nothing to run
  - the stroke is set so small there is nothing to see
09/15/2026 at 07:57:57 PM ERROR logger Model:229 - No pistons selected: Choose some pistons on the tank first.
09/15/2026 at 07:57:57 PM ERROR logger Model:229 - No pistons selected: Choose some pistons on the tank first.
09/15/2026 at 07:57:57 PM WARNING logger Model:2052 - The stroke command was sent, but no piston moved more than 0 mm.
09/15/2026 at 07:57:57 PM ERROR logger Model:229 - Nothing moved: The stroke command was sent, but no piston moved more than 0 mm.

The command reached the controller, so this is not a connection problem. Likely causes:

  - the keyswitch on the front of the controller is at PROG, so the ladder is not scanning. Tags can still be read and written in that mode, which is why this looked like it connected. Turn it to RUN.
  - for a curve: no curve is loaded on the controller for the Curve ID you set, so there is nothing to run
  - the stroke is set so small there is nothing to see
09/15/2026 at 07:57:57 PM WARNING logger Model:2052 - The curve command was sent, but no piston moved more than 0 mm.
09/15/2026 at 07:57:57 PM ERROR logger Model:229 - Nothing moved: The curve command was sent, but no piston moved more than 0 mm.

The command reached the controller, so this is not a connection problem. Likely causes:

  - the keyswitch on the front of the controller is at PROG, so the ladder is not scanning. Tags can still be read and written in that mode, which is why this looked like it connected. Turn it to RUN.
  - for a curve: no curve is loaded on the controller for the Curve ID you set, so there is nothing to run
  - the stroke is set so small there is nothing to see
09/15/2026 at 07:57:57 PM WARNING logger Model:647 - Ignored Run: a stop or resting move is still running.
09/15/2026 at 07:57:57 PM ERROR logger Model:229 - Not ready: The pistons must be homed before they can run. Press Start and it will do that first.
09/15/2026 at 07:57:57 PM ERROR logger Model:229 - Not ready: The pistons must be homed before they can run. Press Start and it will do that first.
09/15/2026 at 07:57:57 PM ERROR logger Model:229 - Nothing to prepare: Choose some pistons on the tank first.
09/15/2026 at 07:57:57 PM ERROR logger Model:229 - Nothing to prepare: Choose some pistons on the tank first.
09/15/2026 at 07:57:57 PM ERROR logger Model:229 - Nothing to prepare: Choose some pistons on the tank first.
09/15/2026 at 07:57:57 PM ERROR logger Model:229 - No pistons selected: Choose some pistons on the tank first.
09/15/2026 at 07:57:57 PM ERROR logger Model:229 - Not ready: The pistons must be homed before they can run. Press Start and it will do that first.
09/15/2026 at 07:57:57 PM ERROR logger Model:229 - Nothing to prepare: Choose some pistons on the tank first.
09/15/2026 at 07:57:57 PM ERROR logger Model:229 - Nothing to prepare: Choose some pistons on the tank first.
09/15/2026 at 07:57:57 PM ERROR logger Model:229 - Not ready: The pistons must be homed before they can run. Press Start and it will do that first.
09/15/2026 at 07:57:57 PM ERROR logger Model:229 - Nothing to prepare: Choose some pistons on the tank first.
09/15/2026 at 07:57:57 PM ERROR logger Model:229 - Not ready: The pistons must be homed before they can run. Press Start and it will do that first.
09/15/2026 at 07:57:57 PM ERROR logger Model:229 - No pistons selected: Choose some pistons on the tank first.
09/15/2026 at 07:57:57 PM ERROR logger Model:229 - Nothing to prepare: Choose some pistons on the tank first.
09/15/2026 at 07:57:57 PM WARNING logger Model:2052 - The curve command was sent, but no piston moved more than 0 mm.
09/15/2026 at 07:57:57 PM ERROR logger Model:229 - Nothing moved: The curve command was sent, but no piston moved more than 0 mm.

The command reached the controller, so this is not a connection problem. Likely causes:

  - the keyswitch on the front of the controller is at PROG, so the ladder is not scanning. Tags can still be read and written in that mode, which is why this looked like it connected. Turn it to RUN.
  - for a curve: no curve is loaded on the controller for the Curve ID you set, so there is nothing to run
  - the stroke is set so small there is nothing to see
09/15/2026 at 07:57:57 PM ERROR logger Model:229 - No pistons selected: Choose some pistons on the tank first.
09/15/2026 at 07:57:57 PM WARNING logger Model:2052 - The stroke command was sent, but no piston moved more than 0 mm.
09/15/2026 at 07:57:57 PM ERROR logger Model:229 - Nothing moved: The stroke command was sent, but no piston moved more than 0 mm.

The command reached the controller, so this is not a connection problem. Likely causes:

  - the keyswitch on the front of the controller is at PROG, so the ladder is not scanning. Tags can still be read and written in that mode, which is why this looked like it connected. Turn it to RUN.
  - for a curve: no curve is loaded on the controller for the Curve ID you set, so there is nothing to run
  - the stroke is set so small there is nothing to see
09/15/2026 at 07:57:57 PM WARNING logger Model:2277 - Pistons did not all reach the resting position.
09/15/2026 at 07:57:57 PM WARNING logger Model:2277 - Pistons did not all reach the resting position.
09/15/2026 at 07:57:57 PM ERROR logger Model:229 - Not ready: The pistons must be homed before they can run. Press Start and it will do that first.
09/15/2026 at 07:57:57 PM WARNING logger Model:2277 - Pistons did not all reach the resting position.
09/15/2026 at 07:57:57 PM WARNING logger Model:2052 - The stroke command was sent, but no piston moved more than 0 mm.
09/15/2026 at 07:57:57 PM ERROR logger Model:229 - Nothing moved: The stroke command was sent, but no piston moved more than 0 mm.

The command reached the controller, so this is not a connection problem. Likely causes:

  - the keyswitch on the front of the controller is at PROG, so the ladder is not scanning. Tags can still be read and written in that mode, which is why this looked like it connected. Turn it to RUN.
  - for a curve: no curve is loaded on the controller for the Curve ID you set, so there is nothing to run
  - the stroke is set so small there is nothing to see
09/15/2026 at 07:57:57 PM WARNING logger Model:2277 - Pistons did not all reach the resting position.
09/15/2026 at 07:57:57 PM ERROR logger Model:229 - Not ready: The pistons must be homed before they can run. Press Start and it will do that first.
09/15/2026 at 07:57:57 PM ERROR logger Model:229 - Not ready: The pistons must be homed before they can run. Press Start and it will do that first.
09/15/2026 at 07:57:57 PM ERROR logger Model:229 - Not ready: The pistons must be homed before they can run. Press Start and it will do that first.
09/15/2026 at 07:57:57 PM ERROR logger Model:229 - Not ready: The pistons must be homed before they can run. Press Start and it will do that first.
09/15/2026 at 07:57:57 PM WARNING logger Model:647 - Ignored Calibrate: a stop or resting move is still running.
09/15/2026 at 07:57:57 PM WARNING logger Model:647 - Ignored Calibrate: a stop or resting move is still running.
09/15/2026 at 07:57:57 PM ERROR logger Model:229 - No pistons selected: Choose some pistons on the tank first.
09/15/2026 at 07:57:57 PM ERROR logger Model:229 - Not ready: The pistons must be homed before they can run. Press Start and it will do that first.
09/15/2026 at 07:57:57 PM WARNING logger Model:2052 - The stroke command was sent, but no piston moved more than 0 mm.
09/15/2026 at 07:57:57 PM ERROR logger Model:229 - Nothing moved: The stroke command was sent, but no piston moved more than 0 mm.

The command reached the controller, so this is not a connection problem. Likely causes:

  - the keyswitch on the front of the controller is at PROG, so the ladder is not scanning. Tags can still be read and written in that mode, which is why this looked like it connected. Turn it to RUN.
  - for a curve: no curve is loaded on the controller for the Curve ID you set, so there is nothing to run
  - the stroke is set so small there is nothing to see
09/15/2026 at 07:57:57 PM ERROR logger Model:229 - Not ready: The pistons must be homed before they can run. Press Start and it will do that first.
09/15/2026 at 07:57:57 PM WARNING logger Model:2052 - The curve command was sent, but no piston moved more than 0 mm.
09/15/2026 at 07:57:57 PM ERROR logger Model:229 - Nothing moved: The curve command was sent, but no piston moved more than 0 mm.

The command reached the controller, so this is not a connection problem. Likely causes:

  - the keyswitch on the front of the controller is at PROG, so the ladder is not scanning. Tags can still be read and written in that mode, which is why this looked like it connected. Turn it to RUN.
  - for a curve: no curve is loaded on the controller for the Curve ID you set, so there is nothing to run
  - the stroke is set so small there is nothing to see
09/15/2026 at 07:57:57 PM ERROR logger Model:229 - Nothing to prepare: Choose some pistons on the tank first.
09/15/2026 at 07:57:57 PM ERROR logger Model:229 - No pistons selected: Choose some pistons on the tank first.
09/15/2026 at 07:57:57 PM ERROR logger Model:229 - No pistons selected: Choose some pistons on the tank first.
09/15/2026 at 07:57:57 PM ERROR logger Model:229 - Not ready: The pistons must be homed before they can run. Press Start and it will do that first.
09/15/2026 at 07:57:57 PM ERROR logger Model:229 - Not ready: The pistons must be homed before they can run. Press Start and it will do that first.
09/15/2026 at 07:57:57 PM ERROR logger Model:229 - Not ready: The pistons must be homed before they can run. Press Start and it will do that first.
09/15/2026 at 07:57:57 PM ERROR logger Model:229 - No pistons selected: Choose some pistons on the tank first.
09/15/2026 at 07:57:57 PM ERROR logger Model:229 - No pistons selected: Choose some pistons on the tank first.
09/15/2026 at 07:57:57 PM ERROR logger Model:229 - Not ready: The pistons must be homed before they can run. Press Start and it will do that first.
09/15/2026 at 07:57:57 PM ERROR logger Model:229 - No pistons selected: Choose some pistons on the tank first.
09/15/2026 at 07:57:57 PM WARNING logger Model:2052 - The stroke command was sent, but no piston moved more than 0 mm.
09/15/2026 at 07:57:57 PM ERROR logger Model:229 - Nothing moved: The stroke command was sent, but no piston moved more than 0 mm.

The command reached the controller, so this is not a connection problem. Likely causes:

  - the keyswitch on the front of the controller is at PROG, so the ladder is not scanning. Tags can still be read and written in that mode, which is why this looked like it connected. Turn it to RUN.
  - for a curve: no curve is loaded on the controller for the Curve ID you set, so there is nothing to run
  - the stroke is set so small there is nothing to see
09/15/2026 at 07:57:57 PM WARNING logger Model:2052 - The curve command was sent, but no piston moved more than 0 mm.
09/15/2026 at 07:57:57 PM ERROR logger Model:229 - Nothing moved: The curve command was sent, but no piston moved more than 0 mm.

The command reached the controller, so this is not a connection problem. Likely causes:

  - the keyswitch on the front of the controller is at PROG, so the ladder is not scanning. Tags can still be read and written in that mode, which is why this looked like it connected. Turn it to RUN.
  - for a curve: no curve is loaded on the controller for the Curve ID you set, so there is nothing to run
  - the stroke is set so small there is nothing to see
09/15/2026 at 07:57:57 PM WARNING logger Model:2277 - Pistons did not all reach the resting position.
09/15/2026 at 07:57:57 PM WARNING logger Model:2052 - The curve command was sent, but no piston moved more than 0 mm.
09/15/2026 at 07:57:57 PM ERROR logger Model:229 - Nothing moved: The curve command was sent, but no piston moved more than 0 mm.

The command reached the controller, so this is not a connection problem. Likely causes:

  - the keyswitch on the front of the controller is at PROG, so the ladder is not scanning. Tags can still be read and written in that mode, which is why this looked like it connected. Turn it to RUN.
  - for a curve: no curve is loaded on the controller for the Curve ID you set, so there is nothing to run
  - the stroke is set so small there is nothing to see
09/15/2026 at 07:57:57 PM WARNING logger Model:2277 - Pistons did not all reach the resting position.
09/15/2026 at 07:57:57 PM WARNING logger Model:2052 - The curve command was sent, but no piston moved more than 0 mm.
09/15/2026 at 07:57:57 PM ERROR logger Model:229 - Nothing moved: The curve command was sent, but no piston moved more than 0 mm.

The command reached the controller, so this is not a connection problem. Likely causes:

  - the keyswitch on the front of the controller is at PROG, so the ladder is not scanning. Tags can still be read and written in that mode, which is why this looked like it connected. Turn it to RUN.
  - for a curve: no curve is loaded on the controller for the Curve ID you set, so there is nothing to run
  - the stroke is set so small there is nothing to see
09/15/2026 at 07:57:57 PM ERROR logger Model:229 - No pistons selected: Choose some pistons on the tank first.
09/15/2026 at 07:57:57 PM ERROR logger Model:229 - Nothing to prepare: Choose some pistons on the tank first.
09/15/2026 at 07:57:57 PM ERROR logger Model:229 - Not ready: The pistons must be homed before they can run. Press Start and it will do that first.
09/15/2026 at 07:57:57 PM ERROR logger Model:229 - Not ready: The pistons must be homed before they can run. Press Start and it will do that first.
09/15/2026 at 07:57:57 PM ERROR logger Model:229 - Nothing to prepare: Choose some pistons on the tank first.
09/15/2026 at 07:57:57 PM ERROR logger Model:229 - Not ready: The pistons must be homed before they can run. Press Start and it will do that first.
09/15/2026 at 07:57:57 PM ERROR logger Model:229 - No pistons selected: Choose some pistons on the tank first.
09/15/2026 at 07:57:57 PM ERROR logger Model:229 - Not ready: The pistons must be homed before they can run. Press Start and it will do that first.
09/15/2026 at 07:57:57 PM ERROR logger Model:229 - Not ready: The pistons must be homed before they can run. Press Start and it will do that first.
09/15/2026 at 07:57:57 PM WARNING logger Model:2052 - The stroke command was sent, but no piston moved more than 0 mm.
09/15/2026 at 07:57:57 PM ERROR logger Model:229 - Nothing moved: The stroke command was sent, but no piston moved more than 0 mm.

The command reached the controller, so this is not a connection problem. Likely causes:

  - the keyswitch on the front of the controller is at PROG, so the ladder is not scanning. Tags can still be read and written in that mode, which is why this looked like it connected. Turn it to RUN.
  - for a curve: no curve is loaded on the controller for the Curve ID you set, so there is nothing to run
  - the stroke is set so small there is nothing to see
09/15/2026 at 07:57:57 PM WARNING logger Model:2277 - Pistons did not all reach the resting position.
09/15/2026 at 07:57:57 PM ERROR logger Model:229 - Not ready: The pistons must be homed before they can run. Press Start and it will do that first.
09/15/2026 at 07:57:57 PM ERROR logger Model:229 - Nothing to prepare: Choose some pistons on the tank first.
09/15/2026 at 07:57:57 PM ERROR logger Model:229 - Nothing to prepare: Choose some pistons on the tank first.
09/15/2026 at 07:57:57 PM ERROR logger Model:229 - Nothing to prepare: Choose some pistons on the tank first.
09/15/2026 at 07:57:57 PM ERROR logger Model:229 - Not ready: The pistons must be homed before they can run. Press Start and it will do that first.
09/15/2026 at 07:57:57 PM ERROR logger Model:229 - Not ready: The pistons must be homed before they can run. Press Start and it will do that first.
09/15/2026 at 07:57:57 PM WARNING logger Model:647 - Ignored Prepare: a stop or resting move is still running.
09/15/2026 at 07:57:57 PM ERROR logger Model:229 - Nothing to prepare: Choose some pistons on the tank first.
09/15/2026 at 07:57:57 PM ERROR logger Model:229 - Not ready: The pistons must be homed before they can run. Press Start and it will do that first.
09/15/2026 at 07:57:57 PM ERROR logger Model:229 - No pistons selected: Choose some pistons on the tank first.
09/15/2026 at 07:57:57 PM ERROR logger Model:229 - Not ready: The pistons must be homed before they can run. Press Start and it will do that first.
09/15/2026 at 07:57:57 PM ERROR logger Model:229 - Not ready: The pistons must be homed before they can run. Press Start and it will do that first.
09/15/2026 at 07:57:57 PM ERROR logger Model:229 - Not ready: The pistons must be homed before they can run. Press Start and it will do that first.
09/15/2026 at 07:57:57 PM WARNING logger Model:647 - Ignored Run: a stop or resting move is still running.
09/15/2026 at 07:57:57 PM WARNING logger Model:2277 - Pistons did not all reach the resting position.
09/15/2026 at 07:57:57 PM ERROR logger Model:229 - Not ready: The pistons must be homed before they can run. Press Start and it will do that first.
09/15/2026 at 07:57:57 PM ERROR logger Model:229 - No pistons selected: Choose some pistons on the tank first.
09/15/2026 at 07:57:57 PM WARNING logger Model:2052 - The curve command was sent, but no piston moved more than 0 mm.
09/15/2026 at 07:57:57 PM ERROR logger Model:229 - Nothing moved: The curve command was sent, but no piston moved more than 0 mm.

The command reached the controller, so this is not a connection problem. Likely causes:

  - the keyswitch on the front of the controller is at PROG, so the ladder is not scanning. Tags can still be read and written in that mode, which is why this looked like it connected. Turn it to RUN.
  - for a curve: no curve is loaded on the controller for the Curve ID you set, so there is nothing to run
  - the stroke is set so small there is nothing to see
09/15/2026 at 07:57:57 PM WARNING logger Model:2277 - Pistons did not all reach the resting position.
09/15/2026 at 07:57:57 PM WARNING logger Model:2277 - Pistons did not all reach the resting position.
09/15/2026 at 07:57:57 PM WARNING logger Model:2052 - The curve command was sent, but no piston moved more than 0 mm.
09/15/2026 at 07:57:57 PM ERROR logger Model:229 - Nothing moved: The curve command was sent, but no piston moved more than 0 mm.

The command reached the controller, so this is not a connection problem. Likely causes:

  - the keyswitch on the front of the controller is at PROG, so the ladder is not scanning. Tags can still be read and written in that mode, which is why this looked like it connected. Turn it to RUN.
  - for a curve: no curve is loaded on the controller for the Curve ID you set, so there is nothing to run
  - the stroke is set so small there is nothing to see
09/15/2026 at 07:57:57 PM WARNING logger Model:2277 - Pistons did not all reach the resting position.
09/15/2026 at 07:57:57 PM WARNING logger Model:647 - Ignored Calibrate: a stop or resting move is still running.
09/15/2026 at 07:57:57 PM ERROR logger Model:229 - Nothing to prepare: Choose some pistons on the tank first.
09/15/2026 at 07:57:57 PM WARNING logger Model:2052 - The curve command was sent, but no piston moved more than 0 mm.
09/15/2026 at 07:57:57 PM ERROR logger Model:229 - Nothing moved: The curve command was sent, but no piston moved more than 0 mm.

The command reached the controller, so this is not a connection problem. Likely causes:

  - the keyswitch on the front of the controller is at PROG, so the ladder is not scanning. Tags can still be read and written in that mode, which is why this looked like it connected. Turn it to RUN.
  - for a curve: no curve is loaded on the controller for the Curve ID you set, so there is nothing to run
  - the stroke is set so small there is nothing to see
09/15/2026 at 07:57:57 PM ERROR logger Model:229 - Nothing to prepare: Choose some pistons on the tank first.
09/15/2026 at 07:57:57 PM ERROR logger Model:229 - No pistons selected: Choose some pistons on the tank first.
09/15/2026 at 07:57:57 PM ERROR logger Model:229 - Not ready: The pistons must be homed before they can run. Press Start and it will do that first.
09/15/2026 at 07:57:57 PM WARNING logger Model:2052 - The stroke command was sent, but no piston moved more than 0 mm.
09/15/2026 at 07:57:57 PM ERROR logger Model:229 - Nothing moved: The stroke command was sent, but no piston moved more than 0 mm.

The command reached the controller, so this is not a connection problem. Likely causes:

  - the keyswitch on the front of the controller is at PROG, so the ladder is not scanning. Tags can still be read and written in that mode, which is why this looked like it connected. Turn it to RUN.
  - for a curve: no curve is loaded on the controller for the Curve ID you set, so there is nothing to run
  - the stroke is set so small there is nothing to see
09/15/2026 at 07:57:57 PM ERROR logger Model:229 - Not ready: The pistons must be homed before they can run. Press Start and it will do that first.
09/15/2026 at 07:57:57 PM WARNING logger Model:2052 - The curve command was sent, but no piston moved more than 0 mm.
09/15/2026 at 07:57:57 PM ERROR logger Model:229 - Nothing moved: The curve command was sent, but no piston moved more than 0 mm.

The command reached the controller, so this is not a connection problem. Likely causes:

  - the keyswitch on the front of the controller is at PROG, so the ladder is not scanning. Tags can still be read and written in that mode, which is why this looked like it connected. Turn it to RUN.
  - for a curve: no curve is loaded on the controller for the Curve ID you set, so there is nothing to run
  - the stroke is set so small there is nothing to see
09/15/2026 at 07:57:57 PM ERROR logger Model:229 - Not ready: The pistons must be homed before they can run. Press Start and it will do that first.
09/15/2026 at 07:57:57 PM WARNING logger Model:2052 - The stroke command was sent, but no piston moved more than 0 mm.
09/15/2026 at 07:57:57 PM ERROR logger Model:229 - Nothing moved: The stroke command was sent, but no piston moved more than 0 mm.

The command reached the controller, so this is not a connection problem. Likely causes:

  - the keyswitch on the front of the controller is at PROG, so the ladder is not scanning. Tags can still be read and written in that mode, which is why this looked like it connected. Turn it to RUN.
  - for a curve: no curve is loaded on the controller for the Curve ID you set, so there is nothing to run
  - the stroke is set so small there is nothing to see
09/15/2026 at 07:57:57 PM ERROR logger Model:229 - No pistons selected: Choose some pistons on the tank first.
09/15/2026 at 07:57:57 PM ERROR logger Model:229 - Not ready: The pistons must be homed before they can run. Press Start and it will do that first.
09/15/2026 at 07:57:57 PM ERROR logger Model:229 - Nothing to prepare: Choose some pistons on the tank first.
09/15/2026 at 07:57:57 PM ERROR logger Model:229 - Not ready: The pistons must be homed before they can run. Press Start and it will do that first.
09/15/2026 at 07:57:57 PM ERROR logger Model:229 - Not ready: The pistons must be homed before they can run. Press Start and it will do that first.
09/15/2026 at 07:57:57 PM ERROR logger Model:229 - No pistons selected: Choose some pistons on the tank first.
09/15/2026 at 07:57:57 PM ERROR logger Model:229 - Not ready: The pistons must be homed before they can run. Press Start and it will do that first.
09/15/2026 at 07:57:57 PM ERROR logger Model:229 - Not ready: The pistons must be homed before they can run. Press Start and it will do that first.
09/15/2026 at 07:57:57 PM WARNING logger Model:2052 - The curve command was sent, but no piston moved more than 0 mm.
09/15/2026 at 07:57:57 PM ERROR logger Model:229 - Nothing moved: The curve command was sent, but no piston moved more than 0 mm.

The command reached the controller, so this is not a connection problem. Likely causes:

  - the keyswitch on the front of the controller is at PROG, so the ladder is not scanning. Tags can still be read and written in that mode, which is why this looked like it connected. Turn it to RUN.
  - for a curve: no curve is loaded on the controller for the Curve ID you set, so there is nothing to run
  - the stroke is set so small there is nothing to see
09/15/2026 at 07:57:57 PM ERROR logger Model:229 - Not ready: The pistons must be homed before they can run. Press Start and it will do that first.
09/15/2026 at 07:57:57 PM ERROR logger Model:229 - Not ready: The pistons must be homed before they can run. Press Start and it will do that first.
09/15/2026 at 07:57:57 PM ERROR logger Model:229 - Nothing to prepare: Choose some pistons on the tank first.
09/15/2026 at 07:57:57 PM ERROR logger Model:229 - Not ready: The pistons must be homed before they can run. Press Start and it will do that first.
09/15/2026 at 07:57:57 PM ERROR logger Model:229 - No pistons selected: Choose some pistons on the tank first.
09/15/2026 at 07:57:57 PM ERROR logger Model:229 - No pistons selected: Choose some pistons on the tank first.
09/15/2026 at 07:57:57 PM ERROR logger Model:229 - Not ready: The pistons must be homed before they can run. Press Start and it will do that first.
09/15/2026 at 07:57:57 PM ERROR logger Model:229 - Not ready: The pistons must be homed before they can run. Press Start and it will do that first.
09/15/2026 at 07:57:57 PM ERROR logger Model:229 - Not ready: The pistons must be homed before they can run. Press Start and it will do that first.
09/15/2026 at 07:57:57 PM ERROR logger Model:229 - No pistons selected: Choose some pistons on the tank first.
09/15/2026 at 07:57:57 PM WARNING logger Model:2052 - The curve command was sent, but no piston moved more than 0 mm.
09/15/2026 at 07:57:57 PM ERROR logger Model:229 - Nothing moved: The curve command was sent, but no piston moved more than 0 mm.

The command reached the controller, so this is not a connection problem. Likely causes:

  - the keyswitch on the front of the controller is at PROG, so the ladder is not scanning. Tags can still be read and written in that mode, which is why this looked like it connected. Turn it to RUN.
  - for a curve: no curve is loaded on the controller for the Curve ID you set, so there is nothing to run
  - the stroke is set so small there is nothing to see
09/15/2026 at 07:57:57 PM ERROR logger Model:229 - Not ready: The pistons must be homed before they can run. Press Start and it will do that first.
09/15/2026 at 07:57:57 PM ERROR logger Model:229 - Nothing to prepare: Choose some pistons on the tank first.
09/15/2026 at 07:57:57 PM ERROR logger Model:229 - No pistons selected: Choose some pistons on the tank first.
09/15/2026 at 07:57:57 PM ERROR logger Model:229 - Not ready: The pistons must be homed before they can run. Press Start and it will do that first.
09/15/2026 at 07:57:57 PM ERROR logger Model:229 - No pistons selected: Choose some pistons on the tank first.
09/15/2026 at 07:57:57 PM ERROR logger Model:229 - Not ready: The pistons must be homed before they can run. Press Start and it will do that first.
09/15/2026 at 07:57:57 PM ERROR logger Model:229 - Not ready: The pistons must be homed before they can run. Press Start and it will do that first.
09/15/2026 at 07:57:57 PM ERROR logger Model:229 - No pistons selected: Choose some pistons on the tank first.
09/15/2026 at 07:57:57 PM ERROR logger Model:229 - Not ready: The pistons must be homed before they can run. Press Start and it will do that first.
09/15/2026 at 07:57:57 PM ERROR logger Model:229 - No pistons selected: Choose some pistons on the tank first.
09/15/2026 at 07:57:57 PM ERROR logger Model:229 - No pistons selected: Choose some pistons on the tank first.
09/15/2026 at 07:57:57 PM ERROR logger Model:229 - No pistons selected: Choose some pistons on the tank first.
09/15/2026 at 07:57:57 PM ERROR logger Model:229 - Not ready: The pistons must be homed before they can run. Press Start and it will do that first.
09/15/2026 at 07:57:57 PM ERROR logger Model:229 - No pistons selected: Choose some pistons on the tank first.
09/15/2026 at 07:57:57 PM ERROR logger Model:229 - Not ready: The pistons must be homed before they can run. Press Start and it will do that first.
09/15/2026 at 07:57:57 PM ERROR logger Model:229 - Nothing to prepare: Choose some pistons on the tank first.
09/15/2026 at 07:57:57 PM ERROR logger Model:229 - Nothing to prepare: Choose some pistons on the tank first.
09/15/2026 at 07:57:57 PM ERROR logger Model:229 - Not ready: The pistons must be homed before they can run. Press Start and it will do that first.
09/15/2026 at 07:57:57 PM ERROR logger Model:229 - Not ready: The pistons must be homed before they can run. Press Start and it will do that first.
09/15/2026 at 07:57:57 PM ERROR logger Model:229 - Nothing to prepare: Choose some pistons on the tank first.
09/15/2026 at 07:57:57 PM ERROR logger Model:229 - Not ready: The pistons must be homed before they can run. Press Start and it will do that first.
09/15/2026 at 07:57:57 PM ERROR logger Model:229 - Nothing to prepare: Choose some pistons on the tank first.
09/15/2026 at 07:57:57 PM ERROR logger Model:229 - Not ready: The pistons must be homed before they can run. Press Start and it will do that first.
09/15/2026 at 07:57:57 PM ERROR logger Model:229 - Nothing to prepare: Choose some pistons on the tank first.
09/15/2026 at 07:57:57 PM ERROR logger Model:229 - Nothing to prepare: Choose some pistons on the tank first.
09/15/2026 at 07:57:57 PM ERROR logger Model:229 - Nothing to prepare: Choose some pistons on the tank first.
09/15/2026 at 07:57:57 PM ERROR logger Model:229 - Nothing to prepare: Choose some pistons on the tank first.
09/15/2026 at 07:57:57 PM ERROR logger Model:229 - Not ready: The pistons must be homed before they can run. Press Start and it will do that first.
09/15/2026 at 07:57:58 PM WARNING logger Model:2052 - The curve command was sent, but no piston moved more than 0 mm.
09/15/2026 at 07:57:58 PM ERROR logger Model:229 - Nothing moved: The curve command was sent, but no piston moved more than 0 mm.

The command reached the controller, so this is not a connection problem. Likely causes:

  - the keyswitch on the front of the controller is at PROG, so the ladder is not scanning. Tags can still be read and written in that mode, which is why this looked like it connected. Turn it to RUN.
  - for a curve: no curve is loaded on the controller for the Curve ID you set, so there is nothing to run
  - the stroke is set so small there is nothing to see
09/15/2026 at 07:57:58 PM WARNING logger Model:2277 - Pistons did not all reach the resting position.
09/15/2026 at 07:57:58 PM ERROR logger Model:229 - Not ready: The pistons must be homed before they can run. Press Start and it will do that first.
09/15/2026 at 07:57:58 PM WARNING logger Model:2052 - The curve command was sent, but no piston moved more than 0 mm.
09/15/2026 at 07:57:58 PM ERROR logger Model:229 - Nothing moved: The curve command was sent, but no piston moved more than 0 mm.

The command reached the controller, so this is not a connection problem. Likely causes:

  - the keyswitch on the front of the controller is at PROG, so the ladder is not scanning. Tags can still be read and written in that mode, which is why this looked like it connected. Turn it to RUN.
  - for a curve: no curve is loaded on the controller for the Curve ID you set, so there is nothing to run
  - the stroke is set so small there is nothing to see
09/15/2026 at 07:57:58 PM WARNING logger Model:647 - Ignored Prepare: a stop or resting move is still running.
09/15/2026 at 07:57:58 PM ERROR logger Model:229 - Not ready: The pistons must be homed before they can run. Press Start and it will do that first.
09/15/2026 at 07:57:58 PM ERROR logger Model:229 - Not ready: The pistons must be homed before they can run. Press Start and it will do that first.
09/15/2026 at 07:57:58 PM ERROR logger Model:229 - No pistons selected: Choose some pistons on the tank first.
09/15/2026 at 07:57:58 PM ERROR logger Model:229 - Not ready: The pistons must be homed before they can run. Press Start and it will do that first.
09/15/2026 at 07:57:58 PM ERROR logger Model:229 - Nothing to prepare: Choose some pistons on the tank first.
09/15/2026 at 07:57:58 PM ERROR logger Model:229 - Nothing to prepare: Choose some pistons on the tank first.
09/15/2026 at 07:57:58 PM ERROR logger Model:229 - Not ready: The pistons must be homed before they can run. Press Start and it will do that first.
09/15/2026 at 07:57:58 PM ERROR logger Model:229 - Nothing to prepare: Choose some pistons on the tank first.
09/15/2026 at 07:57:58 PM ERROR logger Model:229 - No pistons selected: Choose some pistons on the tank first.
09/15/2026 at 07:57:58 PM ERROR logger Model:229 - Nothing to prepare: Choose some pistons on the tank first.
09/15/2026 at 07:57:58 PM ERROR logger Model:229 - No pistons selected: Choose some pistons on the tank first.
09/15/2026 at 07:57:58 PM ERROR logger Model:229 - No pistons selected: Choose some pistons on the tank first.
09/15/2026 at 07:57:58 PM ERROR logger Model:229 - Nothing to prepare: Choose some pistons on the tank first.
09/15/2026 at 07:57:58 PM ERROR logger Model:229 - Not ready: The pistons must be homed before they can run. Press Start and it will do that first.
09/15/2026 at 07:57:58 PM ERROR logger Model:229 - Not ready: The pistons must be homed before they can run. Press Start and it will do that first.
09/15/2026 at 07:57:58 PM ERROR logger Model:229 - No pistons selected: Choose some pistons on the tank first.
09/15/2026 at 07:57:58 PM ERROR logger Model:229 - Not ready: The pistons must be homed before they can run. Press Start and it will do that first.
09/15/2026 at 07:57:58 PM WARNING logger Model:2052 - The curve command was sent, but no piston moved more than 0 mm.
09/15/2026 at 07:57:58 PM ERROR logger Model:229 - Nothing moved: The curve command was sent, but no piston moved more than 0 mm.

The command reached the controller, so this is not a connection problem. Likely causes:

  - the keyswitch on the front of the controller is at PROG, so the ladder is not scanning. Tags can still be read and written in that mode, which is why this looked like it connected. Turn it to RUN.
  - for a curve: no curve is loaded on the controller for the Curve ID you set, so there is nothing to run
  - the stroke is set so small there is nothing to see
09/15/2026 at 07:58:08 PM WARNING logger Model:2277 - Pistons did not all reach the resting position.
09/15/2026 at 07:58:08 PM WARNING logger Model:647 - Ignored Calibrate: a stop or resting move is still running.
09/15/2026 at 07:58:08 PM ERROR logger Model:229 - Not ready: The pistons must be homed before they can run. Press Start and it will do that first.
09/15/2026 at 07:58:08 PM WARNING logger Model:647 - Ignored Run: a stop or resting move is still running.
09/15/2026 at 07:58:08 PM ERROR logger Model:229 - Not ready: The pistons must be homed before they can run. Press Start and it will do that first.
09/15/2026 at 07:58:08 PM WARNING logger Model:647 - Ignored Run: a stop or resting move is still running.
09/15/2026 at 07:58:08 PM ERROR logger Model:229 - Not ready: The pistons must be homed before they can run. Press Start and it will do that first.
09/15/2026 at 07:58:08 PM WARNING logger Model:647 - Ignored Run: a stop or resting move is still running.
09/15/2026 at 07:58:09 PM WARNING logger Model:2514 - Piston 30 covered only 0 mm of its 350 mm stroke over the last 3 seconds. It may be dragging or stuck.
09/15/2026 at 07:58:09 PM WARNING logger Model:2514 - Piston 29 covered only 0 mm of its 350 mm stroke over the last 3 seconds. It may be dragging or stuck.
09/15/2026 at 07:58:09 PM WARNING logger Model:2514 - Piston 28 covered only 0 mm of its 350 mm stroke over the last 3 seconds. It may be dragging or stuck.
09/15/2026 at 07:58:09 PM WARNING logger Model:2514 - Piston 27 covered only 0 mm of its 350 mm stroke over the last 3 seconds. It may be dragging or stuck.
09/15/2026 at 07:58:09 PM WARNING logger Model:2514 - Piston 26 covered only 0 mm of its 350 mm stroke over the last 3 seconds. It may be dragging or stuck.
09/15/2026 at 07:58:09 PM WARNING logger Model:2514 - Piston 25 covered only 0 mm of its 350 mm stroke over the last 3 seconds. It may be dragging or stuck.
09/15/2026 at 07:58:09 PM WARNING logger Model:2514 - Piston 24 covered only 0 mm of its 350 mm stroke over the last 3 seconds. It may be dragging or stuck.
09/15/2026 at 07:58:09 PM WARNING logger Model:2514 - Piston 23 covered only 0 mm of its 350 mm stroke over the last 3 seconds. It may be dragging or stuck.
09/15/2026 at 07:58:09 PM WARNING logger Model:2514 - Piston 22 covered only 0 mm of its 350 mm stroke over the last 3 seconds. It may be dragging or stuck.
09/15/2026 at 07:58:09 PM WARNING logger Model:2514 - Piston 21 covered only 0 mm of its 350 mm stroke over the last 3 seconds. It may be dragging or stuck.
09/15/2026 at 07:58:09 PM WARNING logger Model:2514 - Piston 20 covered only 0 mm of its 350 mm stroke over the last 3 seconds. It may be dragging or stuck.
09/15/2026 at 07:58:09 PM WARNING logger Model:2514 - Piston 19 covered only 0 mm of its 350 mm stroke over the last 3 seconds. It may be dragging or stuck.
09/15/2026 at 07:58:09 PM WARNING logger Model:2514 - Piston 18 covered only 0 mm of its 350 mm stroke over the last 3 seconds. It may be dragging or stuck.
09/15/2026 at 07:58:09 PM WARNING logger Model:2514 - Piston 17 covered only 0 mm of its 350 mm stroke over the last 3 seconds. It may be dragging or stuck.
09/15/2026 at 07:58:09 PM WARNING logger Model:2514 - Piston 16 covered only 0 mm of its 350 mm stroke over the last 3 seconds. It may be dragging or stuck.
09/15/2026 at 07:58:09 PM WARNING logger Model:2514 - Piston 15 covered only 0 mm of its 350 mm stroke over the last 3 seconds. It may be dragging or stuck.
09/15/2026 at 07:58:09 PM WARNING logger Model:2514 - Piston 14 covered only 0 mm of its 350 mm stroke over the last 3 seconds. It may be dragging or stuck.
09/15/2026 at 07:58:09 PM WARNING logger Model:2514 - Piston 13 covered only 0 mm of its 350 mm stroke over the last 3 seconds. It may be dragging or stuck.
09/15/2026 at 07:58:09 PM WARNING logger Model:2514 - Piston 12 covered only 0 mm of its 350 mm stroke over the last 3 seconds. It may be dragging or stuck.
09/15/2026 at 07:58:09 PM WARNING logger Model:2514 - Piston 11 covered only 0 mm of its 350 mm stroke over the last 3 seconds. It may be dragging or stuck.
09/15/2026 at 07:58:09 PM WARNING logger Model:2514 - Piston 10 covered only 0 mm of its 350 mm stroke over the last 3 seconds. It may be dragging or stuck.
09/15/2026 at 07:58:09 PM WARNING logger Model:2514 - Piston 9 covered only 0 mm of its 350 mm stroke over the last 3 seconds. It may be dragging or stuck.
09/15/2026 at 07:58:09 PM WARNING logger Model:2514 - Piston 8 covered only 0 mm of its 350 mm stroke over the last 3 seconds. It may be dragging or stuck.
09/15/2026 at 07:58:09 PM WARNING logger Model:2514 - Piston 7 covered only 0 mm of its 350 mm stroke over the last 3 seconds. It may be dragging or stuck.
09/15/2026 at 07:58:09 PM WARNING logger Model:2514 - Piston 6 covered only 0 mm of its 350 mm stroke over the last 3 seconds. It may be dragging or stuck.
09/15/2026 at 07:58:09 PM WARNING logger Model:2514 - Piston 5 covered only 0 mm of its 350 mm stroke over the last 3 seconds. It may be dragging or stuck.
09/15/2026 at 07:58:09 PM WARNING logger Model:2514 - Piston 4 covered only 0 mm of its 350 mm stroke over the last 3 seconds. It may be dragging or stuck.
09/15/2026 at 07:58:09 PM WARNING logger Model:2514 - Piston 3 covered only 0 mm of its 350 mm stroke over the last 3 seconds. It may be dragging or stuck.
09/15/2026 at 07:58:09 PM WARNING logger Model:2514 - Piston 2 covered only 0 mm of its 350 mm stroke over the last 3 seconds. It may be dragging or stuck.
09/15/2026 at 07:58:09 PM WARNING logger Model:2514 - Piston 1 covered only 0 mm of its 350 mm stroke over the last 3 seconds. It may be dragging or stuck.
09/15/2026 at 07:58:11 PM ERROR logger Model:229 - Nothing to prepare: Choose some pistons on the tank first.
09/15/2026 at 07:58:11 PM ERROR logger Model:229 - Not ready: The pistons must be homed before they can run. Press Start and it will do that first.
09/15/2026 at 07:58:11 PM ERROR logger Model:229 - No pistons selected: Choose some pistons on the tank first.
09/15/2026 at 07:58:11 PM ERROR logger Model:229 - No pistons selected: Choose some pistons on the tank first.
09/15/2026 at 07:58:11 PM ERROR logger Model:229 - Not ready: The pistons must be homed before they can run. Press Start and it will do that first.
09/15/2026 at 07:58:11 PM ERROR logger Model:229 - No pistons selected: Choose some pistons on the tank first.
09/15/2026 at 07:58:11 PM WARNING logger Model:2052 - The curve command was sent, but no piston moved more than 0 mm.
09/15/2026 at 07:58:11 PM ERROR logger Model:229 - Nothing moved: The curve command was sent, but no piston moved more than 0 mm.

The command reached the controller, so this is not a connection problem. Likely causes:

  - the keyswitch on the front of the controller is at PROG, so the ladder is not scanning. Tags can still be read and written in that mode, which is why this looked like it connected. Turn it to RUN.
  - for a curve: no curve is loaded on the controller for the Curve ID you set, so there is nothing to run
  - the stroke is set so small there is nothing to see
09/15/2026 at 07:58:11 PM WARNING logger Model:2277 - Pistons did not all reach the resting position.
09/15/2026 at 07:58:11 PM ERROR logger Model:229 - Not ready: The pistons must be homed before they can run. Press Start and it will do that first.
09/15/2026 at 07:58:11 PM ERROR logger Model:229 - Nothing to prepare: Choose some pistons on the tank first.
09/15/2026 at 07:58:11 PM ERROR logger Model:229 - Nothing to prepare: Choose some pistons on the tank first.
09/15/2026 at 07:58:11 PM ERROR logger Model:229 - Nothing to prepare: Choose some pistons on the tank first.
09/15/2026 at 07:58:11 PM ERROR logger Model:229 - No pistons selected: Choose some pistons on the tank first.
09/15/2026 at 07:58:11 PM ERROR logger Model:229 - Not ready: The pistons must be homed before they can run. Press Start and it will do that first.
09/15/2026 at 07:58:11 PM ERROR logger Model:229 - Not ready: The pistons must be homed before they can run. Press Start and it will do that first.
09/15/2026 at 07:58:11 PM ERROR logger Model:229 - Nothing to prepare: Choose some pistons on the tank first.
09/15/2026 at 07:58:11 PM ERROR logger Model:229 - Not ready: The pistons must be homed before they can run. Press Start and it will do that first.
09/15/2026 at 07:58:11 PM ERROR logger Model:229 - No pistons selected: Choose some pistons on the tank first.
09/15/2026 at 07:58:11 PM WARNING logger Model:2052 - The curve command was sent, but no piston moved more than 0 mm.
09/15/2026 at 07:58:11 PM ERROR logger Model:229 - Nothing moved: The curve command was sent, but no piston moved more than 0 mm.

The command reached the controller, so this is not a connection problem. Likely causes:

  - the keyswitch on the front of the controller is at PROG, so the ladder is not scanning. Tags can still be read and written in that mode, which is why this looked like it connected. Turn it to RUN.
  - for a curve: no curve is loaded on the controller for the Curve ID you set, so there is nothing to run
  - the stroke is set so small there is nothing to see
09/15/2026 at 07:58:11 PM ERROR logger Model:229 - Nothing to prepare: Choose some pistons on the tank first.
09/15/2026 at 07:58:11 PM ERROR logger Model:229 - No pistons selected: Choose some pistons on the tank first.
09/15/2026 at 07:58:11 PM ERROR logger Model:229 - Not ready: The pistons must be homed before they can run. Press Start and it will do that first.
09/15/2026 at 07:58:11 PM ERROR logger Model:229 - No pistons selected: Choose some pistons on the tank first.
09/15/2026 at 07:58:11 PM ERROR logger Model:229 - Not ready: The pistons must be homed before they can run. Press Start and it will do that first.
09/15/2026 at 07:58:11 PM WARNING logger Model:2052 - The stroke command was sent, but no piston moved more than 0 mm.
09/15/2026 at 07:58:11 PM ERROR logger Model:229 - Nothing moved: The stroke command was sent, but no piston moved more than 0 mm.

The command reached the controller, so this is not a connection problem. Likely causes:

  - the keyswitch on the front of the controller is at PROG, so the ladder is not scanning. Tags can still be read and written in that mode, which is why this looked like it connected. Turn it to RUN.
  - for a curve: no curve is loaded on the controller for the Curve ID you set, so there is nothing to run
  - the stroke is set so small there is nothing to see
09/15/2026 at 07:58:11 PM ERROR logger Model:229 - Not ready: The pistons must be homed before they can run. Press Start and it will do that first.
09/15/2026 at 07:58:11 PM WARNING logger Model:2052 - The curve command was sent, but no piston moved more than 0 mm.
09/15/2026 at 07:58:11 PM ERROR logger Model:229 - Nothing moved: The curve command was sent, but no piston moved more than 0 mm.

The command reached the controller, so this is not a connection problem. Likely causes:

  - the keyswitch on the front of the controller is at PROG, so the ladder is not scanning. Tags can still be read and written in that mode, which is why this looked like it connected. Turn it to RUN.
  - for a curve: no curve is loaded on the controller for the Curve ID you set, so there is nothing to run
  - the stroke is set so small there is nothing to see
09/15/2026 at 07:58:11 PM ERROR logger Model:229 - Not ready: The pistons must be homed before they can run. Press Start and it will do that first.
09/15/2026 at 07:58:11 PM ERROR logger Model:229 - Not ready: The pistons must be homed before they can run. Press Start and it will do that first.
09/15/2026 at 07:58:11 PM ERROR logger Model:229 - Not ready: The pistons must be homed before they can run. Press Start and it will do that first.
09/15/2026 at 07:58:11 PM WARNING logger Model:2052 - The stroke command was sent, but no piston moved more than 0 mm.
09/15/2026 at 07:58:11 PM ERROR logger Model:229 - Nothing moved: The stroke command was sent, but no piston moved more than 0 mm.

The command reached the controller, so this is not a connection problem. Likely causes:

  - the keyswitch on the front of the controller is at PROG, so the ladder is not scanning. Tags can still be read and written in that mode, which is why this looked like it connected. Turn it to RUN.
  - for a curve: no curve is loaded on the controller for the Curve ID you set, so there is nothing to run
  - the stroke is set so small there is nothing to see
09/15/2026 at 07:58:11 PM WARNING logger Model:2052 - The stroke command was sent, but no piston moved more than 0 mm.
09/15/2026 at 07:58:11 PM ERROR logger Model:229 - Nothing moved: The stroke command was sent, but no piston moved more than 0 mm.

The command reached the controller, so this is not a connection problem. Likely causes:

  - the keyswitch on the front of the controller is at PROG, so the ladder is not scanning. Tags can still be read and written in that mode, which is why this looked like it connected. Turn it to RUN.
  - for a curve: no curve is loaded on the controller for the Curve ID you set, so there is nothing to run
  - the stroke is set so small there is nothing to see
09/15/2026 at 07:58:11 PM WARNING logger Model:2052 - The curve command was sent, but no piston moved more than 0 mm.
09/15/2026 at 07:58:11 PM ERROR logger Model:229 - Nothing moved: The curve command was sent, but no piston moved more than 0 mm.

The command reached the controller, so this is not a connection problem. Likely causes:

  - the keyswitch on the front of the controller is at PROG, so the ladder is not scanning. Tags can still be read and written in that mode, which is why this looked like it connected. Turn it to RUN.
  - for a curve: no curve is loaded on the controller for the Curve ID you set, so there is nothing to run
  - the stroke is set so small there is nothing to see
09/15/2026 at 07:58:11 PM WARNING logger Model:2052 - The stroke command was sent, but no piston moved more than 0 mm.
09/15/2026 at 07:58:11 PM ERROR logger Model:229 - Nothing moved: The stroke command was sent, but no piston moved more than 0 mm.

The command reached the controller, so this is not a connection problem. Likely causes:

  - the keyswitch on the front of the controller is at PROG, so the ladder is not scanning. Tags can still be read and written in that mode, which is why this looked like it connected. Turn it to RUN.
  - for a curve: no curve is loaded on the controller for the Curve ID you set, so there is nothing to run
  - the stroke is set so small there is nothing to see
09/15/2026 at 07:58:11 PM WARNING logger Model:2052 - The stroke command was sent, but no piston moved more than 0 mm.
09/15/2026 at 07:58:11 PM ERROR logger Model:229 - Nothing moved: The stroke command was sent, but no piston moved more than 0 mm.

The command reached the controller, so this is not a connection problem. Likely causes:

  - the keyswitch on the front of the controller is at PROG, so the ladder is not scanning. Tags can still be read and written in that mode, which is why this looked like it connected. Turn it to RUN.
  - for a curve: no curve is loaded on the controller for the Curve ID you set, so there is nothing to run
  - the stroke is set so small there is nothing to see
09/15/2026 at 07:58:11 PM ERROR logger Model:229 - Not ready: The pistons must be homed before they can run. Press Start and it will do that first.
09/15/2026 at 07:58:11 PM ERROR logger Model:229 - Not ready: The pistons must be homed before they can run. Press Start and it will do that first.
09/15/2026 at 07:58:11 PM ERROR logger Model:229 - Nothing to prepare: Choose some pistons on the tank first.
09/15/2026 at 07:58:11 PM WARNING logger Model:2277 - Pistons did not all reach the resting position.
09/15/2026 at 07:58:11 PM WARNING logger Model:2277 - Pistons did not all reach the resting position.
09/15/2026 at 07:58:11 PM ERROR logger Model:229 - Not ready: The pistons must be homed before they can run. Press Start and it will do that first.
09/15/2026 at 07:58:11 PM ERROR logger Model:229 - Not ready: The pistons must be homed before they can run. Press Start and it will do that first.
09/15/2026 at 07:58:11 PM ERROR logger Model:229 - Nothing to prepare: Choose some pistons on the tank first.
09/15/2026 at 07:58:11 PM ERROR logger Model:229 - No pistons selected: Choose some pistons on the tank first.
09/15/2026 at 07:58:11 PM ERROR logger Model:229 - No pistons selected: Choose some pistons on the tank first.
09/15/2026 at 07:58:11 PM ERROR logger Model:229 - Nothing to prepare: Choose some pistons on the tank first.
09/15/2026 at 07:58:12 PM WARNING logger Model:647 - Ignored Prepare: a stop or resting move is still running.
09/15/2026 at 07:58:12 PM ERROR logger Model:229 - Nothing to prepare: Choose some pistons on the tank first.
09/15/2026 at 07:58:12 PM ERROR logger Model:229 - No pistons selected: Choose some pistons on the tank first.
09/15/2026 at 07:58:12 PM WARNING logger Model:2052 - The curve command was sent, but no piston moved more than 0 mm.
09/15/2026 at 07:58:12 PM ERROR logger Model:229 - Nothing moved: The curve command was sent, but no piston moved more than 0 mm.

The command reached the controller, so this is not a connection problem. Likely causes:

  - the keyswitch on the front of the controller is at PROG, so the ladder is not scanning. Tags can still be read and written in that mode, which is why this looked like it connected. Turn it to RUN.
  - for a curve: no curve is loaded on the controller for the Curve ID you set, so there is nothing to run
  - the stroke is set so small there is nothing to see
09/15/2026 at 07:58:12 PM ERROR logger Model:229 - Not ready: The pistons must be homed before they can run. Press Start and it will do that first.
09/15/2026 at 07:58:12 PM WARNING logger Model:2052 - The curve command was sent, but no piston moved more than 0 mm.
09/15/2026 at 07:58:12 PM ERROR logger Model:229 - Nothing moved: The curve command was sent, but no piston moved more than 0 mm.

The command reached the controller, so this is not a connection problem. Likely causes:

  - the keyswitch on the front of the controller is at PROG, so the ladder is not scanning. Tags can still be read and written in that mode, which is why this looked like it connected. Turn it to RUN.
  - for a curve: no curve is loaded on the controller for the Curve ID you set, so there is nothing to run
  - the stroke is set so small there is nothing to see
09/15/2026 at 07:58:12 PM ERROR logger Model:229 - Not ready: The pistons must be homed before they can run. Press Start and it will do that first.
09/15/2026 at 07:58:12 PM ERROR logger Model:229 - Nothing to prepare: Choose some pistons on the tank first.
09/15/2026 at 07:58:12 PM ERROR logger Model:229 - No pistons selected: Choose some pistons on the tank first.
09/15/2026 at 07:58:12 PM ERROR logger Model:229 - Nothing to prepare: Choose some pistons on the tank first.
09/15/2026 at 07:58:12 PM ERROR logger Model:229 - Nothing to prepare: Choose some pistons on the tank first.
09/15/2026 at 07:58:12 PM ERROR logger Model:229 - Nothing to prepare: Choose some pistons on the tank first.
09/15/2026 at 07:58:12 PM ERROR logger Model:229 - Not ready: The pistons must be homed before they can run. Press Start and it will do that first.
09/15/2026 at 07:58:12 PM ERROR logger Model:229 - Nothing to prepare: Choose some pistons on the tank first.
09/15/2026 at 07:58:12 PM ERROR logger Model:229 - Not ready: The pistons must be homed before they can run. Press Start and it will do that first.
09/15/2026 at 07:58:12 PM ERROR logger Model:229 - Nothing to prepare: Choose some pistons on the tank first.
09/15/2026 at 07:58:12 PM ERROR logger Model:229 - Nothing to prepare: Choose some pistons on the tank first.
09/15/2026 at 07:58:12 PM ERROR logger Model:229 - Not ready: The pistons must be homed before they can run. Press Start and it will do that first.
09/15/2026 at 07:58:12 PM ERROR logger Model:229 - Not ready: The pistons must be homed before they can run. Press Start and it will do that first.
09/15/2026 at 07:58:12 PM ERROR logger Model:229 - No pistons selected: Choose some pistons on the tank first.
09/15/2026 at 07:58:12 PM ERROR logger Model:229 - Not ready: The pistons must be homed before they can run. Press Start and it will do that first.
09/15/2026 at 07:58:12 PM WARNING logger Model:2052 - The stroke command was sent, but no piston moved more than 0 mm.
09/15/2026 at 07:58:12 PM ERROR logger Model:229 - Nothing moved: The stroke command was sent, but no piston moved more than 0 mm.

The command reached the controller, so this is not a connection problem. Likely causes:

  - the keyswitch on the front of the controller is at PROG, so the ladder is not scanning. Tags can still be read and written in that mode, which is why this looked like it connected. Turn it to RUN.
  - for a curve: no curve is loaded on the controller for the Curve ID you set, so there is nothing to run
  - the stroke is set so small there is nothing to see
09/15/2026 at 07:58:12 PM WARNING logger Model:2277 - Pistons did not all reach the resting position.
09/15/2026 at 07:58:12 PM ERROR logger Model:229 - Not ready: The pistons must be homed before they can run. Press Start and it will do that first.
09/15/2026 at 07:58:12 PM WARNING logger Model:2277 - Pistons did not all reach the resting position.
09/15/2026 at 07:58:12 PM WARNING logger Model:2277 - Pistons did not all reach the resting position.
09/15/2026 at 07:58:12 PM WARNING logger Model:2052 - The curve command was sent, but no piston moved more than 0 mm.
09/15/2026 at 07:58:12 PM ERROR logger Model:229 - Nothing moved: The curve command was sent, but no piston moved more than 0 mm.

The command reached the controller, so this is not a connection problem. Likely causes:

  - the keyswitch on the front of the controller is at PROG, so the ladder is not scanning. Tags can still be read and written in that mode, which is why this looked like it connected. Turn it to RUN.
  - for a curve: no curve is loaded on the controller for the Curve ID you set, so there is nothing to run
  - the stroke is set so small there is nothing to see
09/15/2026 at 07:58:12 PM WARNING logger Model:2277 - Pistons did not all reach the resting position.
09/15/2026 at 07:58:12 PM WARNING logger Model:2052 - The stroke command was sent, but no piston moved more than 0 mm.
09/15/2026 at 07:58:12 PM ERROR logger Model:229 - Nothing moved: The stroke command was sent, but no piston moved more than 0 mm.

The command reached the controller, so this is not a connection problem. Likely causes:

  - the keyswitch on the front of the controller is at PROG, so the ladder is not scanning. Tags can still be read and written in that mode, which is why this looked like it connected. Turn it to RUN.
  - for a curve: no curve is loaded on the controller for the Curve ID you set, so there is nothing to run
  - the stroke is set so small there is nothing to see
09/15/2026 at 07:58:12 PM WARNING logger Model:2052 - The curve command was sent, but no piston moved more than 0 mm.
09/15/2026 at 07:58:12 PM ERROR logger Model:229 - Nothing moved: The curve command was sent, but no piston moved more than 0 mm.

The command reached the controller, so this is not a connection problem. Likely causes:

  - the keyswitch on the front of the controller is at PROG, so the ladder is not scanning. Tags can still be read and written in that mode, which is why this looked like it connected. Turn it to RUN.
  - for a curve: no curve is loaded on the controller for the Curve ID you set, so there is nothing to run
  - the stroke is set so small there is nothing to see
09/15/2026 at 07:58:12 PM ERROR logger Model:229 - Not ready: The pistons must be homed before they can run. Press Start and it will do that first.
09/15/2026 at 07:58:12 PM ERROR logger Model:229 - No pistons selected: Choose some pistons on the tank first.
09/15/2026 at 07:58:12 PM ERROR logger Model:229 - Not ready: The pistons must be homed before they can run. Press Start and it will do that first.
09/15/2026 at 07:58:12 PM ERROR logger Model:229 - No pistons selected: Choose some pistons on the tank first.
09/15/2026 at 07:58:12 PM ERROR logger Model:229 - Not ready: The pistons must be homed before they can run. Press Start and it will do that first.
09/15/2026 at 07:58:12 PM ERROR logger Model:229 - Not ready: The pistons must be homed before they can run. Press Start and it will do that first.
09/15/2026 at 07:58:12 PM ERROR logger Model:229 - Not ready: The pistons must be homed before they can run. Press Start and it will do that first.
09/15/2026 at 07:58:12 PM ERROR logger Model:229 - Nothing to prepare: Choose some pistons on the tank first.
09/15/2026 at 07:58:12 PM WARNING logger Model:2052 - The curve command was sent, but no piston moved more than 0 mm.
09/15/2026 at 07:58:12 PM ERROR logger Model:229 - Nothing moved: The curve command was sent, but no piston moved more than 0 mm.

The command reached the controller, so this is not a connection problem. Likely causes:

  - the keyswitch on the front of the controller is at PROG, so the ladder is not scanning. Tags can still be read and written in that mode, which is why this looked like it connected. Turn it to RUN.
  - for a curve: no curve is loaded on the controller for the Curve ID you set, so there is nothing to run
  - the stroke is set so small there is nothing to see
09/15/2026 at 07:58:12 PM WARNING logger Model:2052 - The curve command was sent, but no piston moved more than 0 mm.
09/15/2026 at 07:58:12 PM ERROR logger Model:229 - Nothing moved: The curve command was sent, but no piston moved more than 0 mm.

The command reached the controller, so this is not a connection problem. Likely causes:

  - the keyswitch on the front of the controller is at PROG, so the ladder is not scanning. Tags can still be read and written in that mode, which is why this looked like it connected. Turn it to RUN.
  - for a curve: no curve is loaded on the controller for the Curve ID you set, so there is nothing to run
  - the stroke is set so small there is nothing to see
09/15/2026 at 07:58:12 PM WARNING logger Model:2052 - The curve command was sent, but no piston moved more than 0 mm.
09/15/2026 at 07:58:12 PM ERROR logger Model:229 - Nothing moved: The curve command was sent, but no piston moved more than 0 mm.

The command reached the controller, so this is not a connection problem. Likely causes:

  - the keyswitch on the front of the controller is at PROG, so the ladder is not scanning. Tags can still be read and written in that mode, which is why this looked like it connected. Turn it to RUN.
  - for a curve: no curve is loaded on the controller for the Curve ID you set, so there is nothing to run
  - the stroke is set so small there is nothing to see
09/15/2026 at 07:58:12 PM WARNING logger Model:647 - Ignored Run: a stop or resting move is still running.
09/15/2026 at 07:58:12 PM ERROR logger Model:229 - Nothing to prepare: Choose some pistons on the tank first.
09/15/2026 at 07:58:12 PM WARNING logger Model:2052 - The curve command was sent, but no piston moved more than 0 mm.
09/15/2026 at 07:58:12 PM ERROR logger Model:229 - Nothing moved: The curve command was sent, but no piston moved more than 0 mm.

The command reached the controller, so this is not a connection problem. Likely causes:

  - the keyswitch on the front of the controller is at PROG, so the ladder is not scanning. Tags can still be read and written in that mode, which is why this looked like it connected. Turn it to RUN.
  - for a curve: no curve is loaded on the controller for the Curve ID you set, so there is nothing to run
  - the stroke is set so small there is nothing to see
09/15/2026 at 07:58:12 PM ERROR logger Model:229 - Nothing to prepare: Choose some pistons on the tank first.
09/15/2026 at 07:58:12 PM ERROR logger Model:229 - Nothing to prepare: Choose some pistons on the tank first.
09/15/2026 at 07:58:12 PM ERROR logger Model:229 - No pistons selected: Choose some pistons on the tank first.
09/15/2026 at 07:58:12 PM ERROR logger Model:229 - Nothing to prepare: Choose some pistons on the tank first.
09/15/2026 at 07:58:12 PM ERROR logger Model:229 - Nothing to prepare: Choose some pistons on the tank first.
09/15/2026 at 07:58:12 PM ERROR logger Model:229 - Not ready: The pistons must be homed before they can run. Press Start and it will do that first.
09/15/2026 at 07:58:12 PM WARNING logger Model:647 - Ignored Prepare: a stop or resting move is still running.
09/15/2026 at 07:58:12 PM WARNING logger Model:647 - Ignored Run: a stop or resting move is still running.
09/15/2026 at 07:58:12 PM WARNING logger Model:647 - Ignored Calibrate: a stop or resting move is still running.
09/15/2026 at 07:58:12 PM WARNING logger Model:647 - Ignored Prepare: a stop or resting move is still running.
09/15/2026 at 07:58:12 PM WARNING logger Model:647 - Ignored Calibrate: a stop or resting move is still running.
09/15/2026 at 07:58:12 PM WARNING logger Model:647 - Ignored Prepare: a stop or resting move is still running.
09/15/2026 at 07:58:12 PM WARNING logger Model:647 - Ignored Prepare: a stop or resting move is still running.
09/15/2026 at 07:58:12 PM WARNING logger Model:647 - Ignored Prepare: a stop or resting move is still running.
09/15/2026 at 07:58:12 PM ERROR logger Model:229 - Not ready: The pistons must be homed before they can run. Press Start and it will do that first.
09/15/2026 at 07:58:12 PM ERROR logger Model:229 - Not ready: The pistons must be homed before they can run. Press Start and it will do that first.
09/15/2026 at 07:58:12 PM ERROR logger Model:229 - Nothing to prepare: Choose some pistons on the tank first.
09/15/2026 at 07:58:12 PM ERROR logger Model:229 - Not ready: The pistons must be homed before they can run. Press Start and it will do that first.
09/15/2026 at 07:58:12 PM ERROR logger Model:229 - Not ready: The pistons must be homed before they can run. Press Start and it will do that first.
09/15/2026 at 07:58:12 PM WARNING logger Model:2277 - Pistons did not all reach the resting position.
09/15/2026 at 07:58:12 PM WARNING logger Model:2277 - Pistons did not all reach the resting position.
09/15/2026 at 07:58:12 PM WARNING logger Model:2277 - Pistons did not all reach the resting position.
09/15/2026 at 07:58:12 PM ERROR logger Model:229 - Not ready: The pistons must be homed before they can run. Press Start and it will do that first.
09/15/2026 at 07:58:12 PM WARNING logger Model:2277 - Pistons did not all reach the resting position.
09/15/2026 at 07:58:12 PM WARNING logger Model:2052 - The curve command was sent, but no piston moved more than 0 mm.
09/15/2026 at 07:58:12 PM ERROR logger Model:229 - Nothing moved: The curve command was sent, but no piston moved more than 0 mm.

The command reached the controller, so this is not a connection problem. Likely causes:

  - the keyswitch on the front of the controller is at PROG, so the ladder is not scanning. Tags can still be read and written in that mode, which is why this looked like it connected. Turn it to RUN.
  - for a curve: no curve is loaded on the controller for the Curve ID you set, so there is nothing to run
  - the stroke is set so small there is nothing to see
09/15/2026 at 07:58:12 PM WARNING logger Model:2277 - Pistons did not all reach the resting position.
09/15/2026 at 07:58:12 PM WARNING logger Model:2277 - Pistons did not all reach the resting position.
09/15/2026 at 07:58:12 PM WARNING logger Model:2277 - Pistons did not all reach the resting position.
09/15/2026 at 07:58:12 PM WARNING logger Model:2052 - The curve command was sent, but no piston moved more than 0 mm.
09/15/2026 at 07:58:12 PM ERROR logger Model:229 - Nothing moved: The curve command was sent, but no piston moved more than 0 mm.

The command reached the controller, so this is not a connection problem. Likely causes:

  - the keyswitch on the front of the controller is at PROG, so the ladder is not scanning. Tags can still be read and written in that mode, which is why this looked like it connected. Turn it to RUN.
  - for a curve: no curve is loaded on the controller for the Curve ID you set, so there is nothing to run
  - the stroke is set so small there is nothing to see
09/15/2026 at 07:58:12 PM WARNING logger Model:2277 - Pistons did not all reach the resting position.
09/15/2026 at 07:58:12 PM WARNING logger Model:2277 - Pistons did not all reach the resting position.
09/15/2026 at 07:58:12 PM ERROR logger Model:229 - Not ready: The pistons must be homed before they can run. Press Start and it will do that first.
09/15/2026 at 07:58:12 PM WARNING logger Model:647 - Ignored Calibrate: a stop or resting move is still running.
09/15/2026 at 07:58:12 PM WARNING logger Model:2277 - Pistons did not all reach the resting position.
09/15/2026 at 07:58:12 PM WARNING logger Model:2277 - Pistons did not all reach the resting position.
09/15/2026 at 07:58:12 PM ERROR logger Model:229 - Not ready: The pistons must be homed before they can run. Press Start and it will do that first.
09/15/2026 at 07:58:12 PM ERROR logger Model:229 - Nothing to prepare: Choose some pistons on the tank first.
09/15/2026 at 07:58:12 PM ERROR logger Model:229 - No pistons selected: Choose some pistons on the tank first.
09/15/2026 at 07:58:12 PM ERROR logger Model:229 - No pistons selected: Choose some pistons on the tank first.
09/15/2026 at 07:58:12 PM ERROR logger Model:229 - Not ready: The pistons must be homed before they can run. Press Start and it will do that first.
09/15/2026 at 07:58:12 PM ERROR logger Model:229 - Not ready: The pistons must be homed before they can run. Press Start and it will do that first.
09/15/2026 at 07:58:12 PM ERROR logger Model:229 - No pistons selected: Choose some pistons on the tank first.
09/15/2026 at 07:58:12 PM WARNING logger Model:2052 - The stroke command was sent, but no piston moved more than 0 mm.
09/15/2026 at 07:58:12 PM ERROR logger Model:229 - Nothing moved: The stroke command was sent, but no piston moved more than 0 mm.

The command reached the controller, so this is not a connection problem. Likely causes:

  - the keyswitch on the front of the controller is at PROG, so the ladder is not scanning. Tags can still be read and written in that mode, which is why this looked like it connected. Turn it to RUN.
  - for a curve: no curve is loaded on the controller for the Curve ID you set, so there is nothing to run
  - the stroke is set so small there is nothing to see
09/15/2026 at 07:58:12 PM ERROR logger Model:229 - No pistons selected: Choose some pistons on the tank first.
09/15/2026 at 07:58:12 PM ERROR logger Model:229 - Nothing to prepare: Choose some pistons on the tank first.
09/15/2026 at 07:58:12 PM ERROR logger Model:229 - Not ready: The pistons must be homed before they can run. Press Start and it will do that first.
09/15/2026 at 07:58:12 PM ERROR logger Model:229 - Nothing to prepare: Choose some pistons on the tank first.
09/15/2026 at 07:58:12 PM ERROR logger Model:229 - Not ready: The pistons must be homed before they can run. Press Start and it will do that first.
09/15/2026 at 07:58:12 PM ERROR logger Model:229 - Nothing to prepare: Choose some pistons on the tank first.
09/15/2026 at 07:58:12 PM ERROR logger Model:229 - No pistons selected: Choose some pistons on the tank first.
09/15/2026 at 07:58:12 PM WARNING logger Model:2052 - The curve command was sent, but no piston moved more than 0 mm.
09/15/2026 at 07:58:12 PM ERROR logger Model:229 - Nothing moved: The curve command was sent, but no piston moved more than 0 mm.

The command reached the controller, so this is not a connection problem. Likely causes:

  - the keyswitch on the front of the controller is at PROG, so the ladder is not scanning. Tags can still be read and written in that mode, which is why this looked like it connected. Turn it to RUN.
  - for a curve: no curve is loaded on the controller for the Curve ID you set, so there is nothing to run
  - the stroke is set so small there is nothing to see
09/15/2026 at 07:58:12 PM WARNING logger Model:2277 - Pistons did not all reach the resting position.
09/15/2026 at 07:58:12 PM WARNING logger Model:2277 - Pistons did not all reach the resting position.
09/15/2026 at 07:58:12 PM WARNING logger Model:2052 - The stroke command was sent, but no piston moved more than 0 mm.
09/15/2026 at 07:58:12 PM ERROR logger Model:229 - Nothing moved: The stroke command was sent, but no piston moved more than 0 mm.

The command reached the controller, so this is not a connection problem. Likely causes:

  - the keyswitch on the front of the controller is at PROG, so the ladder is not scanning. Tags can still be read and written in that mode, which is why this looked like it connected. Turn it to RUN.
  - for a curve: no curve is loaded on the controller for the Curve ID you set, so there is nothing to run
  - the stroke is set so small there is nothing to see
09/15/2026 at 07:58:12 PM WARNING logger Model:1821 - Staging did not complete within 0.0 seconds; running unstaggered.
09/15/2026 at 07:58:12 PM ERROR logger Model:229 - Nothing to prepare: Choose some pistons on the tank first.
09/15/2026 at 07:58:12 PM ERROR logger Model:229 - Not ready: The pistons must be homed before they can run. Press Start and it will do that first.
09/15/2026 at 07:58:12 PM ERROR logger Model:229 - No pistons selected: Choose some pistons on the tank first.
09/15/2026 at 07:58:12 PM WARNING logger Model:2277 - Pistons did not all reach the resting position.
09/15/2026 at 07:58:12 PM ERROR logger Model:229 - Not ready: The pistons must be homed before they can run. Press Start and it will do that first.
09/15/2026 at 07:58:12 PM ERROR logger Model:229 - Nothing to prepare: Choose some pistons on the tank first.
09/15/2026 at 07:58:12 PM ERROR logger Model:229 - Not ready: The pistons must be homed before they can run. Press Start and it will do that first.
09/15/2026 at 07:58:12 PM ERROR logger Model:229 - Not ready: The pistons must be homed before they can run. Press Start and it will do that first.
09/15/2026 at 07:58:12 PM ERROR logger Model:229 - Not ready: The pistons must be homed before they can run. Press Start and it will do that first.
09/15/2026 at 07:58:12 PM ERROR logger Model:229 - Not ready: The pistons must be homed before they can run. Press Start and it will do that first.
09/15/2026 at 07:58:12 PM WARNING logger Model:2052 - The curve command was sent, but no piston moved more than 0 mm.
09/15/2026 at 07:58:12 PM ERROR logger Model:229 - Nothing moved: The curve command was sent, but no piston moved more than 0 mm.

The command reached the controller, so this is not a connection problem. Likely causes:

  - the keyswitch on the front of the controller is at PROG, so the ladder is not scanning. Tags can still be read and written in that mode, which is why this looked like it connected. Turn it to RUN.
  - for a curve: no curve is loaded on the controller for the Curve ID you set, so there is nothing to run
  - the stroke is set so small there is nothing to see
09/15/2026 at 07:58:12 PM ERROR logger Model:229 - Not ready: The pistons must be homed before they can run. Press Start and it will do that first.
09/15/2026 at 07:58:12 PM WARNING logger Model:2052 - The curve command was sent, but no piston moved more than 0 mm.
09/15/2026 at 07:58:12 PM ERROR logger Model:229 - Nothing moved: The curve command was sent, but no piston moved more than 0 mm.

The command reached the controller, so this is not a connection problem. Likely causes:

  - the keyswitch on the front of the controller is at PROG, so the ladder is not scanning. Tags can still be read and written in that mode, which is why this looked like it connected. Turn it to RUN.
  - for a curve: no curve is loaded on the controller for the Curve ID you set, so there is nothing to run
  - the stroke is set so small there is nothing to see
09/15/2026 at 07:58:12 PM ERROR logger Model:229 - Not ready: The pistons must be homed before they can run. Press Start and it will do that first.
09/15/2026 at 07:58:12 PM ERROR logger Model:229 - Nothing to prepare: Choose some pistons on the tank first.
09/15/2026 at 07:58:12 PM ERROR logger Model:229 - No pistons selected: Choose some pistons on the tank first.
09/15/2026 at 07:58:12 PM ERROR logger Model:229 - No pistons selected: Choose some pistons on the tank first.
09/15/2026 at 07:58:12 PM ERROR logger Model:229 - No pistons selected: Choose some pistons on the tank first.
09/15/2026 at 07:58:12 PM ERROR logger Model:229 - Not ready: The pistons must be homed before they can run. Press Start and it will do that first.
09/15/2026 at 07:58:12 PM ERROR logger Model:229 - Not ready: The pistons must be homed before they can run. Press Start and it will do that first.
09/15/2026 at 07:58:12 PM WARNING logger Model:2052 - The stroke command was sent, but no piston moved more than 0 mm.
09/15/2026 at 07:58:12 PM ERROR logger Model:229 - Nothing moved: The stroke command was sent, but no piston moved more than 0 mm.

The command reached the controller, so this is not a connection problem. Likely causes:

  - the keyswitch on the front of the controller is at PROG, so the ladder is not scanning. Tags can still be read and written in that mode, which is why this looked like it connected. Turn it to RUN.
  - for a curve: no curve is loaded on the controller for the Curve ID you set, so there is nothing to run
  - the stroke is set so small there is nothing to see
09/15/2026 at 07:58:12 PM WARNING logger Model:2052 - The stroke command was sent, but no piston moved more than 0 mm.
09/15/2026 at 07:58:12 PM ERROR logger Model:229 - Nothing moved: The stroke command was sent, but no piston moved more than 0 mm.

The command reached the controller, so this is not a connection problem. Likely causes:

  - the keyswitch on the front of the controller is at PROG, so the ladder is not scanning. Tags can still be read and written in that mode, which is why this looked like it connected. Turn it to RUN.
  - for a curve: no curve is loaded on the controller for the Curve ID you set, so there is nothing to run
  - the stroke is set so small there is nothing to see
09/15/2026 at 07:58:13 PM WARNING logger Model:2052 - The stroke command was sent, but no piston moved more than 0 mm.
09/15/2026 at 07:58:13 PM ERROR logger Model:229 - Nothing moved: The stroke command was sent, but no piston moved more than 0 mm.

The command reached the controller, so this is not a connection problem. Likely causes:

  - the keyswitch on the front of the controller is at PROG, so the ladder is not scanning. Tags can still be read and written in that mode, which is why this looked like it connected. Turn it to RUN.
  - for a curve: no curve is loaded on the controller for the Curve ID you set, so there is nothing to run
  - the stroke is set so small there is nothing to see
09/15/2026 at 07:58:13 PM ERROR logger Model:229 - Nothing to prepare: Choose some pistons on the tank first.
09/15/2026 at 07:58:13 PM ERROR logger Model:229 - Nothing to prepare: Choose some pistons on the tank first.
09/15/2026 at 07:58:13 PM ERROR logger Model:229 - Nothing to prepare: Choose some pistons on the tank first.
09/15/2026 at 07:58:13 PM ERROR logger Model:229 - Nothing to prepare: Choose some pistons on the tank first.
09/15/2026 at 07:58:13 PM ERROR logger Model:229 - Nothing to prepare: Choose some pistons on the tank first.
09/15/2026 at 07:58:13 PM ERROR logger Model:229 - No pistons selected: Choose some pistons on the tank first.
09/15/2026 at 07:58:13 PM WARNING logger Model:2052 - The curve command was sent, but no piston moved more than 0 mm.
09/15/2026 at 07:58:13 PM ERROR logger Model:229 - Nothing moved: The curve command was sent, but no piston moved more than 0 mm.

The command reached the controller, so this is not a connection problem. Likely causes:

  - the keyswitch on the front of the controller is at PROG, so the ladder is not scanning. Tags can still be read and written in that mode, which is why this looked like it connected. Turn it to RUN.
  - for a curve: no curve is loaded on the controller for the Curve ID you set, so there is nothing to run
  - the stroke is set so small there is nothing to see
09/15/2026 at 07:58:13 PM WARNING logger Model:2277 - Pistons did not all reach the resting position.
09/15/2026 at 07:58:13 PM WARNING logger Model:2052 - The curve command was sent, but no piston moved more than 0 mm.
09/15/2026 at 07:58:13 PM ERROR logger Model:229 - Nothing moved: The curve command was sent, but no piston moved more than 0 mm.

The command reached the controller, so this is not a connection problem. Likely causes:

  - the keyswitch on the front of the controller is at PROG, so the ladder is not scanning. Tags can still be read and written in that mode, which is why this looked like it connected. Turn it to RUN.
  - for a curve: no curve is loaded on the controller for the Curve ID you set, so there is nothing to run
  - the stroke is set so small there is nothing to see
09/15/2026 at 07:58:13 PM ERROR logger Model:229 - Not ready: The pistons must be homed before they can run. Press Start and it will do that first.
09/15/2026 at 07:58:13 PM ERROR logger Model:229 - Not ready: The pistons must be homed before they can run. Press Start and it will do that first.
09/15/2026 at 07:58:13 PM ERROR logger Model:229 - Not ready: The pistons must be homed before they can run. Press Start and it will do that first.
09/15/2026 at 07:58:13 PM ERROR logger Model:229 - Not ready: The pistons must be homed before they can run. Press Start and it will do that first.
09/15/2026 at 07:58:13 PM ERROR logger Model:229 - Nothing to prepare: Choose some pistons on the tank first.
09/15/2026 at 07:58:13 PM WARNING logger Model:2052 - The stroke command was sent, but no piston moved more than 0 mm.
09/15/2026 at 07:58:13 PM ERROR logger Model:229 - Nothing moved: The stroke command was sent, but no piston moved more than 0 mm.

The command reached the controller, so this is not a connection problem. Likely causes:

  - the keyswitch on the front of the controller is at PROG, so the ladder is not scanning. Tags can still be read and written in that mode, which is why this looked like it connected. Turn it to RUN.
  - for a curve: no curve is loaded on the controller for the Curve ID you set, so there is nothing to run
  - the stroke is set so small there is nothing to see
09/15/2026 at 07:58:13 PM WARNING logger Model:2052 - The stroke command was sent, but no piston moved more than 0 mm.
09/15/2026 at 07:58:13 PM ERROR logger Model:229 - Nothing moved: The stroke command was sent, but no piston moved more than 0 mm.

The command reached the controller, so this is not a connection problem. Likely causes:

  - the keyswitch on the front of the controller is at PROG, so the ladder is not scanning. Tags can still be read and written in that mode, which is why this looked like it connected. Turn it to RUN.
  - for a curve: no curve is loaded on the controller for the Curve ID you set, so there is nothing to run
  - the stroke is set so small there is nothing to see
09/15/2026 at 07:58:13 PM WARNING logger Model:2277 - Pistons did not all reach the resting position.
09/15/2026 at 07:58:13 PM ERROR logger Model:229 - No pistons selected: Choose some pistons on the tank first.
09/15/2026 at 07:58:13 PM ERROR logger Model:229 - Not ready: The pistons must be homed before they can run. Press Start and it will do that first.
09/15/2026 at 07:58:13 PM ERROR logger Model:229 - Nothing to prepare: Choose some pistons on the tank first.
09/15/2026 at 07:58:13 PM ERROR logger Model:229 - Not ready: The pistons must be homed before they can run. Press Start and it will do that first.
09/15/2026 at 07:58:13 PM ERROR logger Model:229 - No pistons selected: Choose some pistons on the tank first.
09/15/2026 at 07:58:13 PM ERROR logger Model:229 - Not ready: The pistons must be homed before they can run. Press Start and it will do that first.
09/15/2026 at 07:58:13 PM ERROR logger Model:229 - Nothing to prepare: Choose some pistons on the tank first.
09/15/2026 at 07:58:13 PM ERROR logger Model:229 - Nothing to prepare: Choose some pistons on the tank first.
09/15/2026 at 07:58:13 PM ERROR logger Model:229 - No pistons selected: Choose some pistons on the tank first.
09/15/2026 at 07:58:13 PM ERROR logger Model:229 - No pistons selected: Choose some pistons on the tank first.
09/15/2026 at 07:58:13 PM ERROR logger Model:229 - No pistons selected: Choose some pistons on the tank first.
09/15/2026 at 07:58:13 PM ERROR logger Model:229 - Not ready: The pistons must be homed before they can run. Press Start and it will do that first.
09/15/2026 at 07:58:13 PM ERROR logger Model:229 - Nothing to prepare: Choose some pistons on the tank first.
09/15/2026 at 07:58:13 PM ERROR logger Model:229 - No pistons selected: Choose some pistons on the tank first.
09/15/2026 at 07:58:13 PM ERROR logger Model:229 - No pistons selected: Choose some pistons on the tank first.
09/15/2026 at 07:58:13 PM ERROR logger Model:229 - Nothing to prepare: Choose some pistons on the tank first.
09/15/2026 at 07:58:13 PM ERROR logger Model:229 - Nothing to prepare: Choose some pistons on the tank first.
09/15/2026 at 07:58:13 PM ERROR logger Model:229 - No pistons selected: Choose some pistons on the tank first.
09/15/2026 at 07:58:13 PM ERROR logger Model:229 - Not ready: The pistons must be homed before they can run. Press Start and it will do that first.
09/15/2026 at 07:58:13 PM ERROR logger Model:229 - Nothing to prepare: Choose some pistons on the tank first.
09/15/2026 at 07:58:13 PM ERROR logger Model:229 - Not ready: The pistons must be homed before they can run. Press Start and it will do that first.
09/15/2026 at 07:58:13 PM ERROR logger Model:229 - No pistons selected: Choose some pistons on the tank first.
09/15/2026 at 07:58:13 PM ERROR logger Model:229 - Not ready: The pistons must be homed before they can run. Press Start and it will do that first.
09/15/2026 at 07:58:13 PM ERROR logger Model:229 - Not ready: The pistons must be homed before they can run. Press Start and it will do that first.
09/15/2026 at 07:58:13 PM WARNING logger Model:2052 - The curve command was sent, but no piston moved more than 0 mm.
09/15/2026 at 07:58:13 PM ERROR logger Model:229 - Nothing moved: The curve command was sent, but no piston moved more than 0 mm.

The command reached the controller, so this is not a connection problem. Likely causes:

  - the keyswitch on the front of the controller is at PROG, so the ladder is not scanning. Tags can still be read and written in that mode, which is why this looked like it connected. Turn it to RUN.
  - for a curve: no curve is loaded on the controller for the Curve ID you set, so there is nothing to run
  - the stroke is set so small there is nothing to see
09/15/2026 at 07:58:13 PM WARNING logger Model:2277 - Pistons did not all reach the resting position.
09/15/2026 at 07:58:13 PM ERROR logger Model:229 - No pistons selected: Choose some pistons on the tank first.
09/15/2026 at 07:58:13 PM ERROR logger Model:229 - No pistons selected: Choose some pistons on the tank first.
09/15/2026 at 07:58:13 PM ERROR logger Model:229 - Nothing to prepare: Choose some pistons on the tank first.
09/15/2026 at 07:58:13 PM ERROR logger Model:229 - Nothing to prepare: Choose some pistons on the tank first.
09/15/2026 at 07:58:13 PM ERROR logger Model:229 - No pistons selected: Choose some pistons on the tank first.
09/15/2026 at 07:58:13 PM ERROR logger Model:229 - Not ready: The pistons must be homed before they can run. Press Start and it will do that first.
09/15/2026 at 07:58:13 PM ERROR logger Model:229 - Not ready: The pistons must be homed before they can run. Press Start and it will do that first.
09/15/2026 at 07:58:13 PM ERROR logger Model:229 - Not ready: The pistons must be homed before they can run. Press Start and it will do that first.
09/15/2026 at 07:58:13 PM ERROR logger Model:229 - Nothing to prepare: Choose some pistons on the tank first.
09/15/2026 at 07:58:13 PM WARNING logger Model:2052 - The curve command was sent, but no piston moved more than 0 mm.
09/15/2026 at 07:58:13 PM ERROR logger Model:229 - Nothing moved: The curve command was sent, but no piston moved more than 0 mm.

The command reached the controller, so this is not a connection problem. Likely causes:

  - the keyswitch on the front of the controller is at PROG, so the ladder is not scanning. Tags can still be read and written in that mode, which is why this looked like it connected. Turn it to RUN.
  - for a curve: no curve is loaded on the controller for the Curve ID you set, so there is nothing to run
  - the stroke is set so small there is nothing to see
09/15/2026 at 07:58:13 PM WARNING logger Model:2277 - Pistons did not all reach the resting position.
09/15/2026 at 07:58:13 PM WARNING logger Model:2277 - Pistons did not all reach the resting position.
09/15/2026 at 07:58:13 PM ERROR logger Model:229 - Not ready: The pistons must be homed before they can run. Press Start and it will do that first.
09/15/2026 at 07:58:13 PM ERROR logger Model:229 - Not ready: The pistons must be homed before they can run. Press Start and it will do that first.
09/15/2026 at 07:58:13 PM ERROR logger Model:229 - Not ready: The pistons must be homed before they can run. Press Start and it will do that first.
09/15/2026 at 07:58:13 PM WARNING logger Model:2052 - The curve command was sent, but no piston moved more than 0 mm.
09/15/2026 at 07:58:13 PM ERROR logger Model:229 - Nothing moved: The curve command was sent, but no piston moved more than 0 mm.

The command reached the controller, so this is not a connection problem. Likely causes:

  - the keyswitch on the front of the controller is at PROG, so the ladder is not scanning. Tags can still be read and written in that mode, which is why this looked like it connected. Turn it to RUN.
  - for a curve: no curve is loaded on the controller for the Curve ID you set, so there is nothing to run
  - the stroke is set so small there is nothing to see
09/15/2026 at 07:58:13 PM WARNING logger Model:2052 - The stroke command was sent, but no piston moved more than 0 mm.
09/15/2026 at 07:58:13 PM ERROR logger Model:229 - Nothing moved: The stroke command was sent, but no piston moved more than 0 mm.

The command reached the controller, so this is not a connection problem. Likely causes:

  - the keyswitch on the front of the controller is at PROG, so the ladder is not scanning. Tags can still be read and written in that mode, which is why this looked like it connected. Turn it to RUN.
  - for a curve: no curve is loaded on the controller for the Curve ID you set, so there is nothing to run
  - the stroke is set so small there is nothing to see
09/15/2026 at 07:58:13 PM WARNING logger Model:2052 - The curve command was sent, but no piston moved more than 0 mm.
09/15/2026 at 07:58:13 PM ERROR logger Model:229 - Nothing moved: The curve command was sent, but no piston moved more than 0 mm.

The command reached the controller, so this is not a connection problem. Likely causes:

  - the keyswitch on the front of the controller is at PROG, so the ladder is not scanning. Tags can still be read and written in that mode, which is why this looked like it connected. Turn it to RUN.
  - for a curve: no curve is loaded on the controller for the Curve ID you set, so there is nothing to run
  - the stroke is set so small there is nothing to see
09/15/2026 at 07:58:13 PM ERROR logger Model:229 - Not ready: The pistons must be homed before they can run. Press Start and it will do that first.
09/15/2026 at 07:58:13 PM ERROR logger Model:229 - Not ready: The pistons must be homed before they can run. Press Start and it will do that first.
09/15/2026 at 07:58:13 PM ERROR logger Model:229 - Not ready: The pistons must be homed before they can run. Press Start and it will do that first.
09/15/2026 at 07:58:13 PM ERROR logger Model:229 - Not ready: The pistons must be homed before they can run. Press Start and it will do that first.
09/15/2026 at 07:58:13 PM ERROR logger Model:229 - Not ready: The pistons must be homed before they can run. Press Start and it will do that first.
09/15/2026 at 07:58:13 PM ERROR logger Model:229 - Not ready: The pistons must be homed before they can run. Press Start and it will do that first.
09/15/2026 at 07:58:13 PM WARNING logger Model:2277 - Pistons did not all reach the resting position.
09/15/2026 at 07:58:13 PM ERROR logger Model:229 - Not ready: The pistons must be homed before they can run. Press Start and it will do that first.
09/15/2026 at 07:58:13 PM WARNING logger Model:647 - Ignored Prepare: a stop or resting move is still running.
09/15/2026 at 07:58:13 PM WARNING logger Model:2277 - Pistons did not all reach the resting position.
09/15/2026 at 07:58:13 PM ERROR logger Model:229 - Not ready: The pistons must be homed before they can run. Press Start and it will do that first.
09/15/2026 at 07:58:13 PM ERROR logger Model:229 - Not ready: The pistons must be homed before they can run. Press Start and it will do that first.
09/15/2026 at 07:58:33 PM WARNING logger Model:2052 - The stroke command was sent, but no piston moved more than 0 mm.
09/15/2026 at 07:58:33 PM ERROR logger Model:229 - Nothing moved: The stroke command was sent, but no piston moved more than 0 mm.

The command reached the controller, so this is not a connection problem. Likely causes:

  - the keyswitch on the front of the controller is at PROG, so the ladder is not scanning. Tags can still be read and written in that mode, which is why this looked like it connected. Turn it to RUN.
  - for a curve: no curve is loaded on the controller for the Curve ID you set, so there is nothing to run
  - the stroke is set so small there is nothing to see
09/15/2026 at 07:58:33 PM WARNING logger Model:2052 - The curve command was sent, but no piston moved more than 0 mm.
09/15/2026 at 07:58:33 PM ERROR logger Model:229 - Nothing moved: The curve command was sent, but no piston moved more than 0 mm.

The command reached the controller, so this is not a connection problem. Likely causes:

  - the keyswitch on the front of the controller is at PROG, so the ladder is not scanning. Tags can still be read and written in that mode, which is why this looked like it connected. Turn it to RUN.
  - for a curve: no curve is loaded on the controller for the Curve ID you set, so there is nothing to run
  - the stroke is set so small there is nothing to see
09/15/2026 at 07:58:33 PM ERROR logger Model:229 - Nothing to prepare: Choose some pistons on the tank first.
09/15/2026 at 07:58:33 PM ERROR logger Model:229 - Nothing to prepare: Choose some pistons on the tank first.
09/15/2026 at 07:58:33 PM ERROR logger Model:229 - No pistons selected: Choose some pistons on the tank first.
09/15/2026 at 07:58:33 PM ERROR logger Model:229 - Nothing to prepare: Choose some pistons on the tank first.
09/15/2026 at 07:58:33 PM ERROR logger Model:229 - Nothing to prepare: Choose some pistons on the tank first.
09/15/2026 at 07:58:33 PM ERROR logger Model:229 - Not ready: The pistons must be homed before they can run. Press Start and it will do that first.
09/15/2026 at 07:58:33 PM ERROR logger Model:229 - Nothing to prepare: Choose some pistons on the tank first.
09/15/2026 at 07:58:33 PM ERROR logger Model:229 - Not ready: The pistons must be homed before they can run. Press Start and it will do that first.
09/15/2026 at 07:58:33 PM ERROR logger Model:229 - Not ready: The pistons must be homed before they can run. Press Start and it will do that first.
09/15/2026 at 07:58:33 PM WARNING logger Model:2052 - The curve command was sent, but no piston moved more than 0 mm.
09/15/2026 at 07:58:33 PM ERROR logger Model:229 - Nothing moved: The curve command was sent, but no piston moved more than 0 mm.

The command reached the controller, so this is not a connection problem. Likely causes:

  - the keyswitch on the front of the controller is at PROG, so the ladder is not scanning. Tags can still be read and written in that mode, which is why this looked like it connected. Turn it to RUN.
  - for a curve: no curve is loaded on the controller for the Curve ID you set, so there is nothing to run
  - the stroke is set so small there is nothing to see
09/15/2026 at 07:58:33 PM ERROR logger Model:229 - Not ready: The pistons must be homed before they can run. Press Start and it will do that first.
09/15/2026 at 07:58:33 PM ERROR logger Model:229 - No pistons selected: Choose some pistons on the tank first.
09/15/2026 at 07:58:33 PM ERROR logger Model:229 - Not ready: The pistons must be homed before they can run. Press Start and it will do that first.
09/15/2026 at 07:58:33 PM ERROR logger Model:229 - No pistons selected: Choose some pistons on the tank first.
09/15/2026 at 07:58:33 PM ERROR logger Model:229 - Nothing to prepare: Choose some pistons on the tank first.
09/15/2026 at 07:58:33 PM ERROR logger Model:229 - Not ready: The pistons must be homed before they can run. Press Start and it will do that first.
09/15/2026 at 07:58:33 PM ERROR logger Model:229 - No pistons selected: Choose some pistons on the tank first.
09/15/2026 at 07:58:33 PM ERROR logger Model:229 - Not ready: The pistons must be homed before they can run. Press Start and it will do that first.
09/15/2026 at 07:58:33 PM ERROR logger Model:229 - No pistons selected: Choose some pistons on the tank first.
09/15/2026 at 07:58:33 PM ERROR logger Model:229 - No pistons selected: Choose some pistons on the tank first.
09/15/2026 at 07:58:33 PM ERROR logger Model:229 - Not ready: The pistons must be homed before they can run. Press Start and it will do that first.
09/15/2026 at 07:58:33 PM ERROR logger Model:229 - Not ready: The pistons must be homed before they can run. Press Start and it will do that first.
09/15/2026 at 07:58:33 PM ERROR logger Model:229 - Nothing to prepare: Choose some pistons on the tank first.
09/15/2026 at 07:58:33 PM ERROR logger Model:229 - Not ready: The pistons must be homed before they can run. Press Start and it will do that first.
09/15/2026 at 07:58:33 PM ERROR logger Model:229 - No pistons selected: Choose some pistons on the tank first.
09/15/2026 at 07:58:33 PM ERROR logger Model:229 - No pistons selected: Choose some pistons on the tank first.
09/15/2026 at 07:58:33 PM ERROR logger Model:229 - Nothing to prepare: Choose some pistons on the tank first.
09/15/2026 at 07:58:33 PM WARNING logger Model:2052 - The curve command was sent, but no piston moved more than 0 mm.
09/15/2026 at 07:58:33 PM ERROR logger Model:229 - Nothing moved: The curve command was sent, but no piston moved more than 0 mm.

The command reached the controller, so this is not a connection problem. Likely causes:

  - the keyswitch on the front of the controller is at PROG, so the ladder is not scanning. Tags can still be read and written in that mode, which is why this looked like it connected. Turn it to RUN.
  - for a curve: no curve is loaded on the controller for the Curve ID you set, so there is nothing to run
  - the stroke is set so small there is nothing to see
09/15/2026 at 07:58:33 PM WARNING logger Model:2277 - Pistons did not all reach the resting position.
09/15/2026 at 07:58:33 PM ERROR logger Model:229 - Not ready: The pistons must be homed before they can run. Press Start and it will do that first.
09/15/2026 at 07:58:33 PM ERROR logger Model:229 - Nothing to prepare: Choose some pistons on the tank first.
09/15/2026 at 07:58:33 PM ERROR logger Model:229 - Not ready: The pistons must be homed before they can run. Press Start and it will do that first.
09/15/2026 at 07:58:33 PM ERROR logger Model:229 - Not ready: The pistons must be homed before they can run. Press Start and it will do that first.
09/15/2026 at 07:58:33 PM WARNING logger Model:2052 - The stroke command was sent, but no piston moved more than 0 mm.
09/15/2026 at 07:58:33 PM ERROR logger Model:229 - Nothing moved: The stroke command was sent, but no piston moved more than 0 mm.

The command reached the controller, so this is not a connection problem. Likely causes:

  - the keyswitch on the front of the controller is at PROG, so the ladder is not scanning. Tags can still be read and written in that mode, which is why this looked like it connected. Turn it to RUN.
  - for a curve: no curve is loaded on the controller for the Curve ID you set, so there is nothing to run
  - the stroke is set so small there is nothing to see
09/15/2026 at 07:58:33 PM WARNING logger Model:2052 - The stroke command was sent, but no piston moved more than 0 mm.
09/15/2026 at 07:58:33 PM ERROR logger Model:229 - Nothing moved: The stroke command was sent, but no piston moved more than 0 mm.

The command reached the controller, so this is not a connection problem. Likely causes:

  - the keyswitch on the front of the controller is at PROG, so the ladder is not scanning. Tags can still be read and written in that mode, which is why this looked like it connected. Turn it to RUN.
  - for a curve: no curve is loaded on the controller for the Curve ID you set, so there is nothing to run
  - the stroke is set so small there is nothing to see
09/15/2026 at 07:58:33 PM ERROR logger Model:229 - No pistons selected: Choose some pistons on the tank first.
09/15/2026 at 07:58:33 PM ERROR logger Model:229 - No pistons selected: Choose some pistons on the tank first.
09/15/2026 at 07:58:33 PM WARNING logger Model:2052 - The stroke command was sent, but no piston moved more than 0 mm.
09/15/2026 at 07:58:33 PM ERROR logger Model:229 - Nothing moved: The stroke command was sent, but no piston moved more than 0 mm.

The command reached the controller, so this is not a connection problem. Likely causes:

  - the keyswitch on the front of the controller is at PROG, so the ladder is not scanning. Tags can still be read and written in that mode, which is why this looked like it connected. Turn it to RUN.
  - for a curve: no curve is loaded on the controller for the Curve ID you set, so there is nothing to run
  - the stroke is set so small there is nothing to see
09/15/2026 at 07:58:33 PM WARNING logger Model:2052 - The curve command was sent, but no piston moved more than 0 mm.
09/15/2026 at 07:58:33 PM ERROR logger Model:229 - Nothing moved: The curve command was sent, but no piston moved more than 0 mm.

The command reached the controller, so this is not a connection problem. Likely causes:

  - the keyswitch on the front of the controller is at PROG, so the ladder is not scanning. Tags can still be read and written in that mode, which is why this looked like it connected. Turn it to RUN.
  - for a curve: no curve is loaded on the controller for the Curve ID you set, so there is nothing to run
  - the stroke is set so small there is nothing to see
09/15/2026 at 07:58:33 PM WARNING logger Model:647 - Ignored Run: a stop or resting move is still running.
09/15/2026 at 07:58:33 PM ERROR logger Model:229 - Not ready: The pistons must be homed before they can run. Press Start and it will do that first.
09/15/2026 at 07:58:33 PM ERROR logger Model:229 - Not ready: The pistons must be homed before they can run. Press Start and it will do that first.
09/15/2026 at 07:58:33 PM ERROR logger Model:229 - Nothing to prepare: Choose some pistons on the tank first.
09/15/2026 at 07:58:33 PM ERROR logger Model:229 - Nothing to prepare: Choose some pistons on the tank first.
09/15/2026 at 07:58:33 PM ERROR logger Model:229 - Nothing to prepare: Choose some pistons on the tank first.
09/15/2026 at 07:58:33 PM ERROR logger Model:229 - No pistons selected: Choose some pistons on the tank first.
09/15/2026 at 07:58:33 PM ERROR logger Model:229 - Not ready: The pistons must be homed before they can run. Press Start and it will do that first.
09/15/2026 at 07:58:33 PM ERROR logger Model:229 - Nothing to prepare: Choose some pistons on the tank first.
09/15/2026 at 07:58:33 PM ERROR logger Model:229 - Nothing to prepare: Choose some pistons on the tank first.
09/15/2026 at 07:58:33 PM ERROR logger Model:229 - Not ready: The pistons must be homed before they can run. Press Start and it will do that first.
09/15/2026 at 07:58:33 PM ERROR logger Model:229 - Nothing to prepare: Choose some pistons on the tank first.
09/15/2026 at 07:58:33 PM ERROR logger Model:229 - Not ready: The pistons must be homed before they can run. Press Start and it will do that first.
09/15/2026 at 07:58:33 PM ERROR logger Model:229 - No pistons selected: Choose some pistons on the tank first.
09/15/2026 at 07:58:33 PM ERROR logger Model:229 - Nothing to prepare: Choose some pistons on the tank first.
09/15/2026 at 07:58:33 PM WARNING logger Model:2052 - The curve command was sent, but no piston moved more than 0 mm.
09/15/2026 at 07:58:33 PM ERROR logger Model:229 - Nothing moved: The curve command was sent, but no piston moved more than 0 mm.

The command reached the controller, so this is not a connection problem. Likely causes:

  - the keyswitch on the front of the controller is at PROG, so the ladder is not scanning. Tags can still be read and written in that mode, which is why this looked like it connected. Turn it to RUN.
  - for a curve: no curve is loaded on the controller for the Curve ID you set, so there is nothing to run
  - the stroke is set so small there is nothing to see
09/15/2026 at 07:58:33 PM ERROR logger Model:229 - No pistons selected: Choose some pistons on the tank first.
09/15/2026 at 07:58:33 PM WARNING logger Model:2052 - The stroke command was sent, but no piston moved more than 0 mm.
09/15/2026 at 07:58:33 PM ERROR logger Model:229 - Nothing moved: The stroke command was sent, but no piston moved more than 0 mm.

The command reached the controller, so this is not a connection problem. Likely causes:

  - the keyswitch on the front of the controller is at PROG, so the ladder is not scanning. Tags can still be read and written in that mode, which is why this looked like it connected. Turn it to RUN.
  - for a curve: no curve is loaded on the controller for the Curve ID you set, so there is nothing to run
  - the stroke is set so small there is nothing to see
09/15/2026 at 07:58:33 PM WARNING logger Model:2277 - Pistons did not all reach the resting position.
09/15/2026 at 07:58:33 PM WARNING logger Model:2277 - Pistons did not all reach the resting position.
09/15/2026 at 07:58:33 PM ERROR logger Model:229 - Not ready: The pistons must be homed before they can run. Press Start and it will do that first.
09/15/2026 at 07:58:33 PM WARNING logger Model:2277 - Pistons did not all reach the resting position.
09/15/2026 at 07:58:33 PM WARNING logger Model:2052 - The stroke command was sent, but no piston moved more than 0 mm.
09/15/2026 at 07:58:33 PM ERROR logger Model:229 - Nothing moved: The stroke command was sent, but no piston moved more than 0 mm.

The command reached the controller, so this is not a connection problem. Likely causes:

  - the keyswitch on the front of the controller is at PROG, so the ladder is not scanning. Tags can still be read and written in that mode, which is why this looked like it connected. Turn it to RUN.
  - for a curve: no curve is loaded on the controller for the Curve ID you set, so there is nothing to run
  - the stroke is set so small there is nothing to see
09/15/2026 at 07:58:33 PM WARNING logger Model:2277 - Pistons did not all reach the resting position.
09/15/2026 at 07:58:33 PM ERROR logger Model:229 - Not ready: The pistons must be homed before they can run. Press Start and it will do that first.
09/15/2026 at 07:58:33 PM ERROR logger Model:229 - Not ready: The pistons must be homed before they can run. Press Start and it will do that first.
09/15/2026 at 07:58:33 PM ERROR logger Model:229 - Not ready: The pistons must be homed before they can run. Press Start and it will do that first.
09/15/2026 at 07:58:33 PM ERROR logger Model:229 - Not ready: The pistons must be homed before they can run. Press Start and it will do that first.
09/15/2026 at 07:58:33 PM WARNING logger Model:647 - Ignored Calibrate: a stop or resting move is still running.
09/15/2026 at 07:58:33 PM WARNING logger Model:647 - Ignored Calibrate: a stop or resting move is still running.
09/15/2026 at 07:58:33 PM ERROR logger Model:229 - No pistons selected: Choose some pistons on the tank first.
09/15/2026 at 07:58:33 PM ERROR logger Model:229 - Not ready: The pistons must be homed before they can run. Press Start and it will do that first.
09/15/2026 at 07:58:33 PM WARNING logger Model:2052 - The stroke command was sent, but no piston moved more than 0 mm.
09/15/2026 at 07:58:33 PM ERROR logger Model:229 - Nothing moved: The stroke command was sent, but no piston moved more than 0 mm.

The command reached the controller, so this is not a connection problem. Likely causes:

  - the keyswitch on the front of the controller is at PROG, so the ladder is not scanning. Tags can still be read and written in that mode, which is why this looked like it connected. Turn it to RUN.
  - for a curve: no curve is loaded on the controller for the Curve ID you set, so there is nothing to run
  - the stroke is set so small there is nothing to see
09/15/2026 at 07:58:33 PM ERROR logger Model:229 - Not ready: The pistons must be homed before they can run. Press Start and it will do that first.
09/15/2026 at 07:58:33 PM WARNING logger Model:2052 - The curve command was sent, but no piston moved more than 0 mm.
09/15/2026 at 07:58:33 PM ERROR logger Model:229 - Nothing moved: The curve command was sent, but no piston moved more than 0 mm.

The command reached the controller, so this is not a connection problem. Likely causes:

  - the keyswitch on the front of the controller is at PROG, so the ladder is not scanning. Tags can still be read and written in that mode, which is why this looked like it connected. Turn it to RUN.
  - for a curve: no curve is loaded on the controller for the Curve ID you set, so there is nothing to run
  - the stroke is set so small there is nothing to see
09/15/2026 at 07:58:33 PM ERROR logger Model:229 - Nothing to prepare: Choose some pistons on the tank first.
09/15/2026 at 07:58:33 PM ERROR logger Model:229 - No pistons selected: Choose some pistons on the tank first.
09/15/2026 at 07:58:33 PM ERROR logger Model:229 - No pistons selected: Choose some pistons on the tank first.
09/15/2026 at 07:58:33 PM ERROR logger Model:229 - Not ready: The pistons must be homed before they can run. Press Start and it will do that first.
09/15/2026 at 07:58:33 PM ERROR logger Model:229 - Not ready: The pistons must be homed before they can run. Press Start and it will do that first.
09/15/2026 at 07:58:33 PM ERROR logger Model:229 - Not ready: The pistons must be homed before they can run. Press Start and it will do that first.
09/15/2026 at 07:58:33 PM ERROR logger Model:229 - No pistons selected: Choose some pistons on the tank first.
09/15/2026 at 07:58:33 PM ERROR logger Model:229 - No pistons selected: Choose some pistons on the tank first.
09/15/2026 at 07:58:33 PM ERROR logger Model:229 - Not ready: The pistons must be homed before they can run. Press Start and it will do that first.
09/15/2026 at 07:58:33 PM ERROR logger Model:229 - No pistons selected: Choose some pistons on the tank first.
09/15/2026 at 07:58:33 PM WARNING logger Model:2052 - The stroke command was sent, but no piston moved more than 0 mm.
09/15/2026 at 07:58:33 PM ERROR logger Model:229 - Nothing moved: The stroke command was sent, but no piston moved more than 0 mm.

The command reached the controller, so this is not a connection problem. Likely causes:

  - the keyswitch on the front of the controller is at PROG, so the ladder is not scanning. Tags can still be read and written in that mode, which is why this looked like it connected. Turn it to RUN.
  - for a curve: no curve is loaded on the controller for the Curve ID you set, so there is nothing to run
  - the stroke is set so small there is nothing to see
09/15/2026 at 07:58:33 PM WARNING logger Model:2052 - The curve command was sent, but no piston moved more than 0 mm.
09/15/2026 at 07:58:33 PM ERROR logger Model:229 - Nothing moved: The curve command was sent, but no piston moved more than 0 mm.

The command reached the controller, so this is not a connection problem. Likely causes:

  - the keyswitch on the front of the controller is at PROG, so the ladder is not scanning. Tags can still be read and written in that mode, which is why this looked like it connected. Turn it to RUN.
  - for a curve: no curve is loaded on the controller for the Curve ID you set, so there is nothing to run
  - the stroke is set so small there is nothing to see
09/15/2026 at 07:58:33 PM WARNING logger Model:2277 - Pistons did not all reach the resting position.
09/15/2026 at 07:58:33 PM WARNING logger Model:2052 - The curve command was sent, but no piston moved more than 0 mm.
09/15/2026 at 07:58:33 PM ERROR logger Model:229 - Nothing moved: The curve command was sent, but no piston moved more than 0 mm.

The command reached the controller, so this is not a connection problem. Likely causes:

  - the keyswitch on the front of the controller is at PROG, so the ladder is not scanning. Tags can still be read and written in that mode, which is why this looked like it connected. Turn it to RUN.
  - for a curve: no curve is loaded on the controller for the Curve ID you set, so there is nothing to run
  - the stroke is set so small there is nothing to see
09/15/2026 at 07:58:33 PM WARNING logger Model:2277 - Pistons did not all reach the resting position.
09/15/2026 at 07:58:33 PM WARNING logger Model:2052 - The curve command was sent, but no piston moved more than 0 mm.
09/15/2026 at 07:58:33 PM ERROR logger Model:229 - Nothing moved: The curve command was sent, but no piston moved more than 0 mm.

The command reached the controller, so this is not a connection problem. Likely causes:

  - the keyswitch on the front of the controller is at PROG, so the ladder is not scanning. Tags can still be read and written in that mode, which is why this looked like it connected. Turn it to RUN.
  - for a curve: no curve is loaded on the controller for the Curve ID you set, so there is nothing to run
  - the stroke is set so small there is nothing to see
09/15/2026 at 07:58:33 PM ERROR logger Model:229 - No pistons selected: Choose some pistons on the tank first.
09/15/2026 at 07:58:33 PM ERROR logger Model:229 - Nothing to prepare: Choose some pistons on the tank first.
09/15/2026 at 07:58:33 PM ERROR logger Model:229 - Not ready: The pistons must be homed before they can run. Press Start and it will do that first.
09/15/2026 at 07:58:33 PM ERROR logger Model:229 - Not ready: The pistons must be homed before they can run. Press Start and it will do that first.
09/15/2026 at 07:58:33 PM ERROR logger Model:229 - Nothing to prepare: Choose some pistons on the tank first.
09/15/2026 at 07:58:33 PM ERROR logger Model:229 - Not ready: The pistons must be homed before they can run. Press Start and it will do that first.
09/15/2026 at 07:58:33 PM ERROR logger Model:229 - No pistons selected: Choose some pistons on the tank first.
09/15/2026 at 07:58:33 PM ERROR logger Model:229 - Not ready: The pistons must be homed before they can run. Press Start and it will do that first.
09/15/2026 at 07:58:33 PM ERROR logger Model:229 - Not ready: The pistons must be homed before they can run. Press Start and it will do that first.
09/15/2026 at 07:58:33 PM WARNING logger Model:2052 - The stroke command was sent, but no piston moved more than 0 mm.
09/15/2026 at 07:58:33 PM ERROR logger Model:229 - Nothing moved: The stroke command was sent, but no piston moved more than 0 mm.

The command reached the controller, so this is not a connection problem. Likely causes:

  - the keyswitch on the front of the controller is at PROG, so the ladder is not scanning. Tags can still be read and written in that mode, which is why this looked like it connected. Turn it to RUN.
  - for a curve: no curve is loaded on the controller for the Curve ID you set, so there is nothing to run
  - the stroke is set so small there is nothing to see
09/15/2026 at 07:58:33 PM WARNING logger Model:2277 - Pistons did not all reach the resting position.
09/15/2026 at 07:58:33 PM ERROR logger Model:229 - Not ready: The pistons must be homed before they can run. Press Start and it will do that first.
09/15/2026 at 07:58:33 PM ERROR logger Model:229 - Nothing to prepare: Choose some pistons on the tank first.
09/15/2026 at 07:58:33 PM ERROR logger Model:229 - Nothing to prepare: Choose some pistons on the tank first.
09/15/2026 at 07:58:33 PM ERROR logger Model:229 - Nothing to prepare: Choose some pistons on the tank first.
09/15/2026 at 07:58:33 PM ERROR logger Model:229 - Not ready: The pistons must be homed before they can run. Press Start and it will do that first.
09/15/2026 at 07:58:33 PM ERROR logger Model:229 - Not ready: The pistons must be homed before they can run. Press Start and it will do that first.
09/15/2026 at 07:58:33 PM WARNING logger Model:647 - Ignored Prepare: a stop or resting move is still running.
09/15/2026 at 07:58:33 PM ERROR logger Model:229 - Nothing to prepare: Choose some pistons on the tank first.
09/15/2026 at 07:58:33 PM ERROR logger Model:229 - Not ready: The pistons must be homed before they can run. Press Start and it will do that first.
09/15/2026 at 07:58:33 PM ERROR logger Model:229 - No pistons selected: Choose some pistons on the tank first.
09/15/2026 at 07:58:33 PM ERROR logger Model:229 - Not ready: The pistons must be homed before they can run. Press Start and it will do that first.
09/15/2026 at 07:58:33 PM ERROR logger Model:229 - Not ready: The pistons must be homed before they can run. Press Start and it will do that first.
09/15/2026 at 07:58:33 PM ERROR logger Model:229 - Not ready: The pistons must be homed before they can run. Press Start and it will do that first.
09/15/2026 at 07:58:33 PM WARNING logger Model:647 - Ignored Run: a stop or resting move is still running.
09/15/2026 at 07:58:33 PM WARNING logger Model:2277 - Pistons did not all reach the resting position.
09/15/2026 at 07:58:33 PM ERROR logger Model:229 - Not ready: The pistons must be homed before they can run. Press Start and it will do that first.
09/15/2026 at 07:58:33 PM ERROR logger Model:229 - No pistons selected: Choose some pistons on the tank first.
09/15/2026 at 07:58:33 PM WARNING logger Model:2052 - The curve command was sent, but no piston moved more than 0 mm.
09/15/2026 at 07:58:33 PM ERROR logger Model:229 - Nothing moved: The curve command was sent, but no piston moved more than 0 mm.

The command reached the controller, so this is not a connection problem. Likely causes:

  - the keyswitch on the front of the controller is at PROG, so the ladder is not scanning. Tags can still be read and written in that mode, which is why this looked like it connected. Turn it to RUN.
  - for a curve: no curve is loaded on the controller for the Curve ID you set, so there is nothing to run
  - the stroke is set so small there is nothing to see
09/15/2026 at 07:58:33 PM WARNING logger Model:2277 - Pistons did not all reach the resting position.
09/15/2026 at 07:58:33 PM WARNING logger Model:2277 - Pistons did not all reach the resting position.
09/15/2026 at 07:58:33 PM WARNING logger Model:2052 - The curve command was sent, but no piston moved more than 0 mm.
09/15/2026 at 07:58:33 PM ERROR logger Model:229 - Nothing moved: The curve command was sent, but no piston moved more than 0 mm.

The command reached the controller, so this is not a connection problem. Likely causes:

  - the keyswitch on the front of the controller is at PROG, so the ladder is not scanning. Tags can still be read and written in that mode, which is why this looked like it connected. Turn it to RUN.
  - for a curve: no curve is loaded on the controller for the Curve ID you set, so there is nothing to run
  - the stroke is set so small there is nothing to see
09/15/2026 at 07:58:33 PM WARNING logger Model:2277 - Pistons did not all reach the resting position.
09/15/2026 at 07:58:33 PM WARNING logger Model:647 - Ignored Calibrate: a stop or resting move is still running.
09/15/2026 at 07:58:33 PM ERROR logger Model:229 - Nothing to prepare: Choose some pistons on the tank first.
09/15/2026 at 07:58:33 PM WARNING logger Model:2052 - The curve command was sent, but no piston moved more than 0 mm.
09/15/2026 at 07:58:33 PM ERROR logger Model:229 - Nothing moved: The curve command was sent, but no piston moved more than 0 mm.

The command reached the controller, so this is not a connection problem. Likely causes:

  - the keyswitch on the front of the controller is at PROG, so the ladder is not scanning. Tags can still be read and written in that mode, which is why this looked like it connected. Turn it to RUN.
  - for a curve: no curve is loaded on the controller for the Curve ID you set, so there is nothing to run
  - the stroke is set so small there is nothing to see
09/15/2026 at 07:58:33 PM ERROR logger Model:229 - Nothing to prepare: Choose some pistons on the tank first.
09/15/2026 at 07:58:33 PM ERROR logger Model:229 - No pistons selected: Choose some pistons on the tank first.
09/15/2026 at 07:58:33 PM ERROR logger Model:229 - Not ready: The pistons must be homed before they can run. Press Start and it will do that first.
09/15/2026 at 07:58:33 PM WARNING logger Model:2052 - The stroke command was sent, but no piston moved more than 0 mm.
09/15/2026 at 07:58:33 PM ERROR logger Model:229 - Nothing moved: The stroke command was sent, but no piston moved more than 0 mm.

The command reached the controller, so this is not a connection problem. Likely causes:

  - the keyswitch on the front of the controller is at PROG, so the ladder is not scanning. Tags can still be read and written in that mode, which is why this looked like it connected. Turn it to RUN.
  - for a curve: no curve is loaded on the controller for the Curve ID you set, so there is nothing to run
  - the stroke is set so small there is nothing to see
09/15/2026 at 07:58:33 PM ERROR logger Model:229 - Not ready: The pistons must be homed before they can run. Press Start and it will do that first.
09/15/2026 at 07:58:33 PM WARNING logger Model:2052 - The curve command was sent, but no piston moved more than 0 mm.
09/15/2026 at 07:58:33 PM ERROR logger Model:229 - Nothing moved: The curve command was sent, but no piston moved more than 0 mm.

The command reached the controller, so this is not a connection problem. Likely causes:

  - the keyswitch on the front of the controller is at PROG, so the ladder is not scanning. Tags can still be read and written in that mode, which is why this looked like it connected. Turn it to RUN.
  - for a curve: no curve is loaded on the controller for the Curve ID you set, so there is nothing to run
  - the stroke is set so small there is nothing to see
09/15/2026 at 07:58:33 PM ERROR logger Model:229 - Not ready: The pistons must be homed before they can run. Press Start and it will do that first.
09/15/2026 at 07:58:33 PM WARNING logger Model:2052 - The stroke command was sent, but no piston moved more than 0 mm.
09/15/2026 at 07:58:33 PM ERROR logger Model:229 - Nothing moved: The stroke command was sent, but no piston moved more than 0 mm.

The command reached the controller, so this is not a connection problem. Likely causes:

  - the keyswitch on the front of the controller is at PROG, so the ladder is not scanning. Tags can still be read and written in that mode, which is why this looked like it connected. Turn it to RUN.
  - for a curve: no curve is loaded on the controller for the Curve ID you set, so there is nothing to run
  - the stroke is set so small there is nothing to see
09/15/2026 at 07:58:33 PM ERROR logger Model:229 - No pistons selected: Choose some pistons on the tank first.
09/15/2026 at 07:58:33 PM ERROR logger Model:229 - Not ready: The pistons must be homed before they can run. Press Start and it will do that first.
09/15/2026 at 07:58:33 PM ERROR logger Model:229 - Nothing to prepare: Choose some pistons on the tank first.
09/15/2026 at 07:58:33 PM ERROR logger Model:229 - Not ready: The pistons must be homed before they can run. Press Start and it will do that first.
09/15/2026 at 07:58:33 PM ERROR logger Model:229 - Not ready: The pistons must be homed before they can run. Press Start and it will do that first.
09/15/2026 at 07:58:33 PM ERROR logger Model:229 - No pistons selected: Choose some pistons on the tank first.
09/15/2026 at 07:58:33 PM ERROR logger Model:229 - Not ready: The pistons must be homed before they can run. Press Start and it will do that first.
09/15/2026 at 07:58:33 PM ERROR logger Model:229 - Not ready: The pistons must be homed before they can run. Press Start and it will do that first.
09/15/2026 at 07:58:33 PM WARNING logger Model:2052 - The curve command was sent, but no piston moved more than 0 mm.
09/15/2026 at 07:58:33 PM ERROR logger Model:229 - Nothing moved: The curve command was sent, but no piston moved more than 0 mm.

The command reached the controller, so this is not a connection problem. Likely causes:

  - the keyswitch on the front of the controller is at PROG, so the ladder is not scanning. Tags can still be read and written in that mode, which is why this looked like it connected. Turn it to RUN.
  - for a curve: no curve is loaded on the controller for the Curve ID you set, so there is nothing to run
  - the stroke is set so small there is nothing to see
09/15/2026 at 07:58:33 PM ERROR logger Model:229 - Not ready: The pistons must be homed before they can run. Press Start and it will do that first.
09/15/2026 at 07:58:33 PM ERROR logger Model:229 - Not ready: The pistons must be homed before they can run. Press Start and it will do that first.
09/15/2026 at 07:58:33 PM ERROR logger Model:229 - Nothing to prepare: Choose some pistons on the tank first.
09/15/2026 at 07:58:33 PM ERROR logger Model:229 - Not ready: The pistons must be homed before they can run. Press Start and it will do that first.
09/15/2026 at 07:58:33 PM ERROR logger Model:229 - No pistons selected: Choose some pistons on the tank first.
09/15/2026 at 07:58:33 PM ERROR logger Model:229 - No pistons selected: Choose some pistons on the tank first.
09/15/2026 at 07:58:33 PM ERROR logger Model:229 - Not ready: The pistons must be homed before they can run. Press Start and it will do that first.
09/15/2026 at 07:58:33 PM ERROR logger Model:229 - Not ready: The pistons must be homed before they can run. Press Start and it will do that first.
09/15/2026 at 07:58:33 PM ERROR logger Model:229 - Not ready: The pistons must be homed before they can run. Press Start and it will do that first.
09/15/2026 at 07:58:33 PM ERROR logger Model:229 - No pistons selected: Choose some pistons on the tank first.
09/15/2026 at 07:58:33 PM WARNING logger Model:2052 - The curve command was sent, but no piston moved more than 0 mm.
09/15/2026 at 07:58:33 PM ERROR logger Model:229 - Nothing moved: The curve command was sent, but no piston moved more than 0 mm.

The command reached the controller, so this is not a connection problem. Likely causes:

  - the keyswitch on the front of the controller is at PROG, so the ladder is not scanning. Tags can still be read and written in that mode, which is why this looked like it connected. Turn it to RUN.
  - for a curve: no curve is loaded on the controller for the Curve ID you set, so there is nothing to run
  - the stroke is set so small there is nothing to see
09/15/2026 at 07:58:33 PM ERROR logger Model:229 - Not ready: The pistons must be homed before they can run. Press Start and it will do that first.
09/15/2026 at 07:58:33 PM ERROR logger Model:229 - Nothing to prepare: Choose some pistons on the tank first.
09/15/2026 at 07:58:33 PM ERROR logger Model:229 - No pistons selected: Choose some pistons on the tank first.
09/15/2026 at 07:58:33 PM ERROR logger Model:229 - Not ready: The pistons must be homed before they can run. Press Start and it will do that first.
09/15/2026 at 07:58:33 PM ERROR logger Model:229 - No pistons selected: Choose some pistons on the tank first.
09/15/2026 at 07:58:33 PM ERROR logger Model:229 - Not ready: The pistons must be homed before they can run. Press Start and it will do that first.
09/15/2026 at 07:58:33 PM ERROR logger Model:229 - Not ready: The pistons must be homed before they can run. Press Start and it will do that first.
09/15/2026 at 07:58:33 PM ERROR logger Model:229 - No pistons selected: Choose some pistons on the tank first.
09/15/2026 at 07:58:33 PM ERROR logger Model:229 - Not ready: The pistons must be homed before they can run. Press Start and it will do that first.
09/15/2026 at 07:58:33 PM ERROR logger Model:229 - No pistons selected: Choose some pistons on the tank first.
09/15/2026 at 07:58:33 PM ERROR logger Model:229 - No pistons selected: Choose some pistons on the tank first.
09/15/2026 at 07:58:33 PM ERROR logger Model:229 - No pistons selected: Choose some pistons on the tank first.
09/15/2026 at 07:58:33 PM ERROR logger Model:229 - Not ready: The pistons must be homed before they can run. Press Start and it will do that first.
09/15/2026 at 07:58:33 PM ERROR logger Model:229 - No pistons selected: Choose some pistons on the tank first.
09/15/2026 at 07:58:33 PM ERROR logger Model:229 - Not ready: The pistons must be homed before they can run. Press Start and it will do that first.
09/15/2026 at 07:58:33 PM ERROR logger Model:229 - Nothing to prepare: Choose some pistons on the tank first.
09/15/2026 at 07:58:33 PM ERROR logger Model:229 - Nothing to prepare: Choose some pistons on the tank first.
09/15/2026 at 07:58:33 PM ERROR logger Model:229 - Not ready: The pistons must be homed before they can run. Press Start and it will do that first.
09/15/2026 at 07:58:33 PM ERROR logger Model:229 - Not ready: The pistons must be homed before they can run. Press Start and it will do that first.
09/15/2026 at 07:58:33 PM ERROR logger Model:229 - Nothing to prepare: Choose some pistons on the tank first.
09/15/2026 at 07:58:33 PM ERROR logger Model:229 - Not ready: The pistons must be homed before they can run. Press Start and it will do that first.
09/15/2026 at 07:58:33 PM ERROR logger Model:229 - Nothing to prepare: Choose some pistons on the tank first.
09/15/2026 at 07:58:33 PM ERROR logger Model:229 - Not ready: The pistons must be homed before they can run. Press Start and it will do that first.
09/15/2026 at 07:58:33 PM ERROR logger Model:229 - Nothing to prepare: Choose some pistons on the tank first.
09/15/2026 at 07:58:33 PM ERROR logger Model:229 - Nothing to prepare: Choose some pistons on the tank first.
09/15/2026 at 07:58:33 PM ERROR logger Model:229 - Nothing to prepare: Choose some pistons on the tank first.
09/15/2026 at 07:58:33 PM ERROR logger Model:229 - Nothing to prepare: Choose some pistons on the tank first.
09/15/2026 at 07:58:33 PM ERROR logger Model:229 - Not ready: The pistons must be homed before they can run. Press Start and it will do that first.
09/15/2026 at 07:58:33 PM WARNING logger Model:2052 - The curve command was sent, but no piston moved more than 0 mm.
09/15/2026 at 07:58:33 PM ERROR logger Model:229 - Nothing moved: The curve command was sent, but no piston moved more than 0 mm.

The command reached the controller, so this is not a connection problem. Likely causes:

  - the keyswitch on the front of the controller is at PROG, so the ladder is not scanning. Tags can still be read and written in that mode, which is why this looked like it connected. Turn it to RUN.
  - for a curve: no curve is loaded on the controller for the Curve ID you set, so there is nothing to run
  - the stroke is set so small there is nothing to see
09/15/2026 at 07:58:33 PM WARNING logger Model:2277 - Pistons did not all reach the resting position.
09/15/2026 at 07:58:33 PM ERROR logger Model:229 - Not ready: The pistons must be homed before they can run. Press Start and it will do that first.
09/15/2026 at 07:58:33 PM WARNING logger Model:2052 - The curve command was sent, but no piston moved more than 0 mm.
09/15/2026 at 07:58:33 PM ERROR logger Model:229 - Nothing moved: The curve command was sent, but no piston moved more than 0 mm.

The command reached the controller, so this is not a connection problem. Likely causes:

  - the keyswitch on the front of the controller is at PROG, so the ladder is not scanning. Tags can still be read and written in that mode, which is why this looked like it connected. Turn it to RUN.
  - for a curve: no curve is loaded on the controller for the Curve ID you set, so there is nothing to run
  - the stroke is set so small there is nothing to see
09/15/2026 at 07:58:33 PM WARNING logger Model:647 - Ignored Prepare: a stop or resting move is still running.
09/15/2026 at 07:58:33 PM ERROR logger Model:229 - Not ready: The pistons must be homed before they can run. Press Start and it will do that first.
09/15/2026 at 07:58:33 PM ERROR logger Model:229 - Not ready: The pistons must be homed before they can run. Press Start and it will do that first.
09/15/2026 at 07:58:33 PM ERROR logger Model:229 - No pistons selected: Choose some pistons on the tank first.
09/15/2026 at 07:58:33 PM ERROR logger Model:229 - Not ready: The pistons must be homed before they can run. Press Start and it will do that first.
09/15/2026 at 07:58:33 PM ERROR logger Model:229 - Nothing to prepare: Choose some pistons on the tank first.
09/15/2026 at 07:58:33 PM ERROR logger Model:229 - Nothing to prepare: Choose some pistons on the tank first.
09/15/2026 at 07:58:33 PM ERROR logger Model:229 - Not ready: The pistons must be homed before they can run. Press Start and it will do that first.
09/15/2026 at 07:58:33 PM ERROR logger Model:229 - Nothing to prepare: Choose some pistons on the tank first.
09/15/2026 at 07:58:33 PM ERROR logger Model:229 - No pistons selected: Choose some pistons on the tank first.
09/15/2026 at 07:58:33 PM ERROR logger Model:229 - Nothing to prepare: Choose some pistons on the tank first.
09/15/2026 at 07:58:33 PM ERROR logger Model:229 - No pistons selected: Choose some pistons on the tank first.
09/15/2026 at 07:58:33 PM ERROR logger Model:229 - No pistons selected: Choose some pistons on the tank first.
09/15/2026 at 07:58:33 PM ERROR logger Model:229 - Nothing to prepare: Choose some pistons on the tank first.
09/15/2026 at 07:58:33 PM ERROR logger Model:229 - Not ready: The pistons must be homed before they can run. Press Start and it will do that first.
09/15/2026 at 07:58:33 PM ERROR logger Model:229 - Not ready: The pistons must be homed before they can run. Press Start and it will do that first.
09/15/2026 at 07:58:33 PM ERROR logger Model:229 - No pistons selected: Choose some pistons on the tank first.
09/15/2026 at 07:58:33 PM ERROR logger Model:229 - Not ready: The pistons must be homed before they can run. Press Start and it will do that first.
09/15/2026 at 07:58:33 PM WARNING logger Model:2052 - The curve command was sent, but no piston moved more than 0 mm.
09/15/2026 at 07:58:33 PM ERROR logger Model:229 - Nothing moved: The curve command was sent, but no piston moved more than 0 mm.

The command reached the controller, so this is not a connection problem. Likely causes:

  - the keyswitch on the front of the controller is at PROG, so the ladder is not scanning. Tags can still be read and written in that mode, which is why this looked like it connected. Turn it to RUN.
  - for a curve: no curve is loaded on the controller for the Curve ID you set, so there is nothing to run
  - the stroke is set so small there is nothing to see
09/15/2026 at 07:58:33 PM WARNING logger Model:2277 - Pistons did not all reach the resting position.
09/15/2026 at 07:58:44 PM WARNING logger Model:2052 - The stroke command was sent, but no piston moved more than 0 mm.
09/15/2026 at 07:58:44 PM ERROR logger Model:229 - Nothing moved: The stroke command was sent, but no piston moved more than 0 mm.

The command reached the controller, so this is not a connection problem. Likely causes:

  - the keyswitch on the front of the controller is at PROG, so the ladder is not scanning. Tags can still be read and written in that mode, which is why this looked like it connected. Turn it to RUN.
  - for a curve: no curve is loaded on the controller for the Curve ID you set, so there is nothing to run
  - the stroke is set so small there is nothing to see
09/15/2026 at 07:58:47 PM WARNING logger Model:2277 - Pistons did not all reach the resting position.
09/15/2026 at 07:58:47 PM ERROR logger Model:229 - Live speed change failed: The speed was updated on pistons 30, then stopped at piston 30: the machine is stopping.
09/15/2026 at 07:58:48 PM WARNING logger Model:647 - Ignored Calibrate: a stop or resting move is still running.
09/15/2026 at 07:58:48 PM WARNING logger Model:2582 - Axis 0 reports position 0, which looks like millimetres rather than drive counts. If the controller now publishes millimetres, set POSITION_COUNTS_PER_MM to 1 in app/params.py.
09/15/2026 at 07:58:48 PM WARNING logger Model:2277 - Pistons did not all reach the resting position.
09/15/2026 at 07:58:48 PM WARNING logger Model:647 - Ignored Calibrate: a stop or resting move is still running.
09/15/2026 at 07:58:48 PM ERROR logger Model:229 - Not ready: The pistons must be homed before they can run. Press Start and it will do that first.
09/15/2026 at 07:58:48 PM WARNING logger Model:647 - Ignored Run: a stop or resting move is still running.
09/15/2026 at 07:58:48 PM ERROR logger Model:229 - Not ready: The pistons must be homed before they can run. Press Start and it will do that first.
09/15/2026 at 07:58:48 PM WARNING logger Model:647 - Ignored Run: a stop or resting move is still running.
09/15/2026 at 07:58:48 PM ERROR logger Model:229 - Not ready: The pistons must be homed before they can run. Press Start and it will do that first.
09/15/2026 at 07:58:48 PM WARNING logger Model:647 - Ignored Run: a stop or resting move is still running.
09/15/2026 at 07:58:49 PM WARNING logger Model:2514 - Piston 30 covered only 0 mm of its 350 mm stroke over the last 3 seconds. It may be dragging or stuck.
09/15/2026 at 07:58:49 PM WARNING logger Model:2514 - Piston 29 covered only 0 mm of its 350 mm stroke over the last 3 seconds. It may be dragging or stuck.
09/15/2026 at 07:58:49 PM WARNING logger Model:2514 - Piston 28 covered only 0 mm of its 350 mm stroke over the last 3 seconds. It may be dragging or stuck.
09/15/2026 at 07:58:49 PM WARNING logger Model:2514 - Piston 27 covered only 0 mm of its 350 mm stroke over the last 3 seconds. It may be dragging or stuck.
09/15/2026 at 07:58:49 PM WARNING logger Model:2514 - Piston 26 covered only 0 mm of its 350 mm stroke over the last 3 seconds. It may be dragging or stuck.
09/15/2026 at 07:58:49 PM WARNING logger Model:2514 - Piston 25 covered only 0 mm of its 350 mm stroke over the last 3 seconds. It may be dragging or stuck.
09/15/2026 at 07:58:49 PM WARNING logger Model:2514 - Piston 24 covered only 0 mm of its 350 mm stroke over the last 3 seconds. It may be dragging or stuck.
09/15/2026 at 07:58:49 PM WARNING logger Model:2514 - Piston 23 covered only 0 mm of its 350 mm stroke over the last 3 seconds. It may be dragging or stuck.
09/15/2026 at 07:58:49 PM WARNING logger Model:2514 - Piston 22 covered only 0 mm of its 350 mm stroke over the last 3 seconds. It may be dragging or stuck.
09/15/2026 at 07:58:49 PM WARNING logger Model:2514 - Piston 21 covered only 0 mm of its 350 mm stroke over the last 3 seconds. It may be dragging or stuck.
09/15/2026 at 07:58:49 PM WARNING logger Model:2514 - Piston 20 covered only 0 mm of its 350 mm stroke over the last 3 seconds. It may be dragging or stuck.
09/15/2026 at 07:58:49 PM WARNING logger Model:2514 - Piston 19 covered only 0 mm of its 350 mm stroke over the last 3 seconds. It may be dragging or stuck.
09/15/2026 at 07:58:49 PM WARNING logger Model:2514 - Piston 18 covered only 0 mm of its 350 mm stroke over the last 3 seconds. It may be dragging or stuck.
09/15/2026 at 07:58:49 PM WARNING logger Model:2514 - Piston 17 covered only 0 mm of its 350 mm stroke over the last 3 seconds. It may be dragging or stuck.
09/15/2026 at 07:58:49 PM WARNING logger Model:2514 - Piston 16 covered only 0 mm of its 350 mm stroke over the last 3 seconds. It may be dragging or stuck.
09/15/2026 at 07:58:49 PM WARNING logger Model:2514 - Piston 15 covered only 0 mm of its 350 mm stroke over the last 3 seconds. It may be dragging or stuck.
09/15/2026 at 07:58:49 PM WARNING logger Model:2514 - Piston 14 covered only 0 mm of its 350 mm stroke over the last 3 seconds. It may be dragging or stuck.
09/15/2026 at 07:58:49 PM WARNING logger Model:2514 - Piston 13 covered only 0 mm of its 350 mm stroke over the last 3 seconds. It may be dragging or stuck.
09/15/2026 at 07:58:49 PM WARNING logger Model:2514 - Piston 12 covered only 0 mm of its 350 mm stroke over the last 3 seconds. It may be dragging or stuck.
09/15/2026 at 07:58:49 PM WARNING logger Model:2514 - Piston 11 covered only 0 mm of its 350 mm stroke over the last 3 seconds. It may be dragging or stuck.
09/15/2026 at 07:58:49 PM WARNING logger Model:2514 - Piston 10 covered only 0 mm of its 350 mm stroke over the last 3 seconds. It may be dragging or stuck.
09/15/2026 at 07:58:49 PM WARNING logger Model:2514 - Piston 9 covered only 0 mm of its 350 mm stroke over the last 3 seconds. It may be dragging or stuck.
09/15/2026 at 07:58:49 PM WARNING logger Model:2514 - Piston 8 covered only 0 mm of its 350 mm stroke over the last 3 seconds. It may be dragging or stuck.
09/15/2026 at 07:58:49 PM WARNING logger Model:2514 - Piston 7 covered only 0 mm of its 350 mm stroke over the last 3 seconds. It may be dragging or stuck.
09/15/2026 at 07:58:49 PM WARNING logger Model:2514 - Piston 6 covered only 0 mm of its 350 mm stroke over the last 3 seconds. It may be dragging or stuck.
09/15/2026 at 07:58:49 PM WARNING logger Model:2514 - Piston 5 covered only 0 mm of its 350 mm stroke over the last 3 seconds. It may be dragging or stuck.
09/15/2026 at 07:58:49 PM WARNING logger Model:2514 - Piston 4 covered only 0 mm of its 350 mm stroke over the last 3 seconds. It may be dragging or stuck.
09/15/2026 at 07:58:49 PM WARNING logger Model:2514 - Piston 3 covered only 0 mm of its 350 mm stroke over the last 3 seconds. It may be dragging or stuck.
09/15/2026 at 07:58:49 PM WARNING logger Model:2514 - Piston 2 covered only 0 mm of its 350 mm stroke over the last 3 seconds. It may be dragging or stuck.
09/15/2026 at 07:58:49 PM WARNING logger Model:2514 - Piston 1 covered only 0 mm of its 350 mm stroke over the last 3 seconds. It may be dragging or stuck.
09/15/2026 at 07:58:51 PM ERROR logger Model:662 - Start failed: transient write failure
09/15/2026 at 07:58:51 PM ERROR logger Model:229 - Machine error: transient write failure
09/15/2026 at 07:58:51 PM ERROR logger Model:229 - Nothing to prepare: Choose some pistons on the tank first.
09/15/2026 at 07:58:51 PM ERROR logger Model:229 - Not ready: The pistons must be homed before they can run. Press Start and it will do that first.
09/15/2026 at 07:58:51 PM ERROR logger Model:229 - No pistons selected: Choose some pistons on the tank first.
09/15/2026 at 07:58:51 PM ERROR logger Model:229 - No pistons selected: Choose some pistons on the tank first.
09/15/2026 at 07:58:51 PM ERROR logger Model:229 - Not ready: The pistons must be homed before they can run. Press Start and it will do that first.
09/15/2026 at 07:58:51 PM ERROR logger Model:229 - No pistons selected: Choose some pistons on the tank first.
09/15/2026 at 07:58:51 PM WARNING logger Model:2052 - The curve command was sent, but no piston moved more than 0 mm.
09/15/2026 at 07:58:51 PM ERROR logger Model:229 - Nothing moved: The curve command was sent, but no piston moved more than 0 mm.

The command reached the controller, so this is not a connection problem. Likely causes:

  - the keyswitch on the front of the controller is at PROG, so the ladder is not scanning. Tags can still be read and written in that mode, which is why this looked like it connected. Turn it to RUN.
  - for a curve: no curve is loaded on the controller for the Curve ID you set, so there is nothing to run
  - the stroke is set so small there is nothing to see
09/15/2026 at 07:58:51 PM WARNING logger Model:2277 - Pistons did not all reach the resting position.
09/15/2026 at 07:58:51 PM ERROR logger Model:229 - Not ready: The pistons must be homed before they can run. Press Start and it will do that first.
09/15/2026 at 07:58:51 PM ERROR logger Model:229 - Nothing to prepare: Choose some pistons on the tank first.
09/15/2026 at 07:58:51 PM ERROR logger Model:229 - Nothing to prepare: Choose some pistons on the tank first.
09/15/2026 at 07:58:51 PM ERROR logger Model:229 - Nothing to prepare: Choose some pistons on the tank first.
09/15/2026 at 07:58:51 PM ERROR logger Model:229 - No pistons selected: Choose some pistons on the tank first.
09/15/2026 at 07:58:51 PM ERROR logger Model:229 - Not ready: The pistons must be homed before they can run. Press Start and it will do that first.
09/15/2026 at 07:58:51 PM ERROR logger Model:229 - Not ready: The pistons must be homed before they can run. Press Start and it will do that first.
09/15/2026 at 07:58:51 PM ERROR logger Model:229 - Nothing to prepare: Choose some pistons on the tank first.
09/15/2026 at 07:58:51 PM ERROR logger Model:229 - Not ready: The pistons must be homed before they can run. Press Start and it will do that first.
09/15/2026 at 07:58:51 PM ERROR logger Model:229 - No pistons selected: Choose some pistons on the tank first.
09/15/2026 at 07:58:51 PM WARNING logger Model:2052 - The curve command was sent, but no piston moved more than 0 mm.
09/15/2026 at 07:58:51 PM ERROR logger Model:229 - Nothing moved: The curve command was sent, but no piston moved more than 0 mm.

The command reached the controller, so this is not a connection problem. Likely causes:

  - the keyswitch on the front of the controller is at PROG, so the ladder is not scanning. Tags can still be read and written in that mode, which is why this looked like it connected. Turn it to RUN.
  - for a curve: no curve is loaded on the controller for the Curve ID you set, so there is nothing to run
  - the stroke is set so small there is nothing to see
09/15/2026 at 07:58:51 PM ERROR logger Model:229 - Nothing to prepare: Choose some pistons on the tank first.
09/15/2026 at 07:58:51 PM ERROR logger Model:229 - No pistons selected: Choose some pistons on the tank first.
09/15/2026 at 07:58:51 PM ERROR logger Model:229 - Not ready: The pistons must be homed before they can run. Press Start and it will do that first.
09/15/2026 at 07:58:51 PM ERROR logger Model:229 - No pistons selected: Choose some pistons on the tank first.
09/15/2026 at 07:58:51 PM ERROR logger Model:229 - Not ready: The pistons must be homed before they can run. Press Start and it will do that first.
09/15/2026 at 07:58:51 PM WARNING logger Model:2052 - The stroke command was sent, but no piston moved more than 0 mm.
09/15/2026 at 07:58:51 PM ERROR logger Model:229 - Nothing moved: The stroke command was sent, but no piston moved more than 0 mm.

The command reached the controller, so this is not a connection problem. Likely causes:

  - the keyswitch on the front of the controller is at PROG, so the ladder is not scanning. Tags can still be read and written in that mode, which is why this looked like it connected. Turn it to RUN.
  - for a curve: no curve is loaded on the controller for the Curve ID you set, so there is nothing to run
  - the stroke is set so small there is nothing to see
09/15/2026 at 07:58:51 PM ERROR logger Model:229 - Not ready: The pistons must be homed before they can run. Press Start and it will do that first.
09/15/2026 at 07:58:51 PM WARNING logger Model:2052 - The curve command was sent, but no piston moved more than 0 mm.
09/15/2026 at 07:58:52 PM ERROR logger Model:229 - Nothing moved: The curve command was sent, but no piston moved more than 0 mm.

The command reached the controller, so this is not a connection problem. Likely causes:

  - the keyswitch on the front of the controller is at PROG, so the ladder is not scanning. Tags can still be read and written in that mode, which is why this looked like it connected. Turn it to RUN.
  - for a curve: no curve is loaded on the controller for the Curve ID you set, so there is nothing to run
  - the stroke is set so small there is nothing to see
09/15/2026 at 07:58:52 PM ERROR logger Model:229 - Not ready: The pistons must be homed before they can run. Press Start and it will do that first.
09/15/2026 at 07:58:52 PM ERROR logger Model:229 - Not ready: The pistons must be homed before they can run. Press Start and it will do that first.
09/15/2026 at 07:58:52 PM ERROR logger Model:229 - Not ready: The pistons must be homed before they can run. Press Start and it will do that first.
09/15/2026 at 07:58:52 PM WARNING logger Model:2052 - The stroke command was sent, but no piston moved more than 0 mm.
09/15/2026 at 07:58:52 PM ERROR logger Model:229 - Nothing moved: The stroke command was sent, but no piston moved more than 0 mm.

The command reached the controller, so this is not a connection problem. Likely causes:

  - the keyswitch on the front of the controller is at PROG, so the ladder is not scanning. Tags can still be read and written in that mode, which is why this looked like it connected. Turn it to RUN.
  - for a curve: no curve is loaded on the controller for the Curve ID you set, so there is nothing to run
  - the stroke is set so small there is nothing to see
09/15/2026 at 07:58:52 PM WARNING logger Model:2052 - The stroke command was sent, but no piston moved more than 0 mm.
09/15/2026 at 07:58:52 PM ERROR logger Model:229 - Nothing moved: The stroke command was sent, but no piston moved more than 0 mm.

The command reached the controller, so this is not a connection problem. Likely causes:

  - the keyswitch on the front of the controller is at PROG, so the ladder is not scanning. Tags can still be read and written in that mode, which is why this looked like it connected. Turn it to RUN.
  - for a curve: no curve is loaded on the controller for the Curve ID you set, so there is nothing to run
  - the stroke is set so small there is nothing to see
09/15/2026 at 07:58:52 PM WARNING logger Model:2052 - The curve command was sent, but no piston moved more than 0 mm.
09/15/2026 at 07:58:52 PM ERROR logger Model:229 - Nothing moved: The curve command was sent, but no piston moved more than 0 mm.

The command reached the controller, so this is not a connection problem. Likely causes:

  - the keyswitch on the front of the controller is at PROG, so the ladder is not scanning. Tags can still be read and written in that mode, which is why this looked like it connected. Turn it to RUN.
  - for a curve: no curve is loaded on the controller for the Curve ID you set, so there is nothing to run
  - the stroke is set so small there is nothing to see
09/15/2026 at 07:58:52 PM WARNING logger Model:2052 - The stroke command was sent, but no piston moved more than 0 mm.
09/15/2026 at 07:58:52 PM ERROR logger Model:229 - Nothing moved: The stroke command was sent, but no piston moved more than 0 mm.

The command reached the controller, so this is not a connection problem. Likely causes:

  - the keyswitch on the front of the controller is at PROG, so the ladder is not scanning. Tags can still be read and written in that mode, which is why this looked like it connected. Turn it to RUN.
  - for a curve: no curve is loaded on the controller for the Curve ID you set, so there is nothing to run
  - the stroke is set so small there is nothing to see
09/15/2026 at 07:58:52 PM WARNING logger Model:2052 - The stroke command was sent, but no piston moved more than 0 mm.
09/15/2026 at 07:58:52 PM ERROR logger Model:229 - Nothing moved: The stroke command was sent, but no piston moved more than 0 mm.

The command reached the controller, so this is not a connection problem. Likely causes:

  - the keyswitch on the front of the controller is at PROG, so the ladder is not scanning. Tags can still be read and written in that mode, which is why this looked like it connected. Turn it to RUN.
  - for a curve: no curve is loaded on the controller for the Curve ID you set, so there is nothing to run
  - the stroke is set so small there is nothing to see
09/15/2026 at 07:58:52 PM ERROR logger Model:229 - Not ready: The pistons must be homed before they can run. Press Start and it will do that first.
09/15/2026 at 07:58:52 PM ERROR logger Model:229 - Not ready: The pistons must be homed before they can run. Press Start and it will do that first.
09/15/2026 at 07:58:52 PM ERROR logger Model:229 - Nothing to prepare: Choose some pistons on the tank first.
09/15/2026 at 07:58:52 PM WARNING logger Model:2277 - Pistons did not all reach the resting position.
09/15/2026 at 07:58:52 PM WARNING logger Model:2277 - Pistons did not all reach the resting position.
09/15/2026 at 07:58:52 PM ERROR logger Model:229 - Not ready: The pistons must be homed before they can run. Press Start and it will do that first.
09/15/2026 at 07:58:52 PM ERROR logger Model:229 - Not ready: The pistons must be homed before they can run. Press Start and it will do that first.
09/15/2026 at 07:58:52 PM ERROR logger Model:229 - Nothing to prepare: Choose some pistons on the tank first.
09/15/2026 at 07:58:52 PM ERROR logger Model:229 - No pistons selected: Choose some pistons on the tank first.
09/15/2026 at 07:58:52 PM ERROR logger Model:229 - No pistons selected: Choose some pistons on the tank first.
09/15/2026 at 07:58:52 PM ERROR logger Model:229 - Nothing to prepare: Choose some pistons on the tank first.
09/15/2026 at 07:58:52 PM WARNING logger Model:647 - Ignored Prepare: a stop or resting move is still running.
09/15/2026 at 07:58:52 PM ERROR logger Model:229 - Nothing to prepare: Choose some pistons on the tank first.
09/15/2026 at 07:58:52 PM ERROR logger Model:229 - No pistons selected: Choose some pistons on the tank first.
09/15/2026 at 07:58:52 PM WARNING logger Model:2052 - The curve command was sent, but no piston moved more than 0 mm.
09/15/2026 at 07:58:52 PM ERROR logger Model:229 - Nothing moved: The curve command was sent, but no piston moved more than 0 mm.

The command reached the controller, so this is not a connection problem. Likely causes:

  - the keyswitch on the front of the controller is at PROG, so the ladder is not scanning. Tags can still be read and written in that mode, which is why this looked like it connected. Turn it to RUN.
  - for a curve: no curve is loaded on the controller for the Curve ID you set, so there is nothing to run
  - the stroke is set so small there is nothing to see
09/15/2026 at 07:58:52 PM ERROR logger Model:229 - Not ready: The pistons must be homed before they can run. Press Start and it will do that first.
09/15/2026 at 07:58:52 PM WARNING logger Model:2052 - The curve command was sent, but no piston moved more than 0 mm.
09/15/2026 at 07:58:52 PM ERROR logger Model:229 - Nothing moved: The curve command was sent, but no piston moved more than 0 mm.

The command reached the controller, so this is not a connection problem. Likely causes:

  - the keyswitch on the front of the controller is at PROG, so the ladder is not scanning. Tags can still be read and written in that mode, which is why this looked like it connected. Turn it to RUN.
  - for a curve: no curve is loaded on the controller for the Curve ID you set, so there is nothing to run
  - the stroke is set so small there is nothing to see
09/15/2026 at 07:58:52 PM ERROR logger Model:229 - Not ready: The pistons must be homed before they can run. Press Start and it will do that first.
09/15/2026 at 07:58:52 PM ERROR logger Model:229 - Nothing to prepare: Choose some pistons on the tank first.
09/15/2026 at 07:58:52 PM ERROR logger Model:229 - No pistons selected: Choose some pistons on the tank first.
09/15/2026 at 07:58:52 PM ERROR logger Model:229 - Nothing to prepare: Choose some pistons on the tank first.
09/15/2026 at 07:58:52 PM ERROR logger Model:229 - Nothing to prepare: Choose some pistons on the tank first.
09/15/2026 at 07:58:52 PM ERROR logger Model:229 - Nothing to prepare: Choose some pistons on the tank first.
09/15/2026 at 07:58:52 PM ERROR logger Model:229 - Not ready: The pistons must be homed before they can run. Press Start and it will do that first.
09/15/2026 at 07:58:52 PM ERROR logger Model:229 - Nothing to prepare: Choose some pistons on the tank first.
09/15/2026 at 07:58:52 PM ERROR logger Model:229 - Not ready: The pistons must be homed before they can run. Press Start and it will do that first.
09/15/2026 at 07:58:52 PM ERROR logger Model:229 - Nothing to prepare: Choose some pistons on the tank first.
09/15/2026 at 07:58:52 PM ERROR logger Model:229 - Nothing to prepare: Choose some pistons on the tank first.
09/15/2026 at 07:58:52 PM ERROR logger Model:229 - Not ready: The pistons must be homed before they can run. Press Start and it will do that first.
09/15/2026 at 07:58:52 PM ERROR logger Model:229 - Not ready: The pistons must be homed before they can run. Press Start and it will do that first.
09/15/2026 at 07:58:52 PM ERROR logger Model:229 - No pistons selected: Choose some pistons on the tank first.
09/15/2026 at 07:58:52 PM ERROR logger Model:229 - Not ready: The pistons must be homed before they can run. Press Start and it will do that first.
09/15/2026 at 07:58:52 PM WARNING logger Model:2052 - The stroke command was sent, but no piston moved more than 0 mm.
09/15/2026 at 07:58:52 PM ERROR logger Model:229 - Nothing moved: The stroke command was sent, but no piston moved more than 0 mm.

The command reached the controller, so this is not a connection problem. Likely causes:

  - the keyswitch on the front of the controller is at PROG, so the ladder is not scanning. Tags can still be read and written in that mode, which is why this looked like it connected. Turn it to RUN.
  - for a curve: no curve is loaded on the controller for the Curve ID you set, so there is nothing to run
  - the stroke is set so small there is nothing to see
09/15/2026 at 07:58:52 PM WARNING logger Model:2277 - Pistons did not all reach the resting position.
09/15/2026 at 07:58:52 PM ERROR logger Model:229 - Not ready: The pistons must be homed before they can run. Press Start and it will do that first.
09/15/2026 at 07:58:52 PM WARNING logger Model:2277 - Pistons did not all reach the resting position.
09/15/2026 at 07:58:52 PM WARNING logger Model:2277 - Pistons did not all reach the resting position.
09/15/2026 at 07:58:52 PM WARNING logger Model:2052 - The curve command was sent, but no piston moved more than 0 mm.
09/15/2026 at 07:58:52 PM ERROR logger Model:229 - Nothing moved: The curve command was sent, but no piston moved more than 0 mm.

The command reached the controller, so this is not a connection problem. Likely causes:

  - the keyswitch on the front of the controller is at PROG, so the ladder is not scanning. Tags can still be read and written in that mode, which is why this looked like it connected. Turn it to RUN.
  - for a curve: no curve is loaded on the controller for the Curve ID you set, so there is nothing to run
  - the stroke is set so small there is nothing to see
09/15/2026 at 07:58:52 PM WARNING logger Model:2277 - Pistons did not all reach the resting position.
09/15/2026 at 07:58:52 PM WARNING logger Model:2052 - The stroke command was sent, but no piston moved more than 0 mm.
09/15/2026 at 07:58:52 PM ERROR logger Model:229 - Nothing moved: The stroke command was sent, but no piston moved more than 0 mm.

The command reached the controller, so this is not a connection problem. Likely causes:

  - the keyswitch on the front of the controller is at PROG, so the ladder is not scanning. Tags can still be read and written in that mode, which is why this looked like it connected. Turn it to RUN.
  - for a curve: no curve is loaded on the controller for the Curve ID you set, so there is nothing to run
  - the stroke is set so small there is nothing to see
09/15/2026 at 07:58:52 PM WARNING logger Model:2052 - The curve command was sent, but no piston moved more than 0 mm.
09/15/2026 at 07:58:52 PM ERROR logger Model:229 - Nothing moved: The curve command was sent, but no piston moved more than 0 mm.

The command reached the controller, so this is not a connection problem. Likely causes:

  - the keyswitch on the front of the controller is at PROG, so the ladder is not scanning. Tags can still be read and written in that mode, which is why this looked like it connected. Turn it to RUN.
  - for a curve: no curve is loaded on the controller for the Curve ID you set, so there is nothing to run
  - the stroke is set so small there is nothing to see
09/15/2026 at 07:58:52 PM ERROR logger Model:229 - Not ready: The pistons must be homed before they can run. Press Start and it will do that first.
09/15/2026 at 07:58:52 PM ERROR logger Model:229 - No pistons selected: Choose some pistons on the tank first.
09/15/2026 at 07:58:52 PM ERROR logger Model:229 - Not ready: The pistons must be homed before they can run. Press Start and it will do that first.
09/15/2026 at 07:58:52 PM ERROR logger Model:229 - No pistons selected: Choose some pistons on the tank first.
09/15/2026 at 07:58:52 PM ERROR logger Model:229 - Not ready: The pistons must be homed before they can run. Press Start and it will do that first.
09/15/2026 at 07:58:52 PM ERROR logger Model:229 - Not ready: The pistons must be homed before they can run. Press Start and it will do that first.
09/15/2026 at 07:58:52 PM ERROR logger Model:229 - Not ready: The pistons must be homed before they can run. Press Start and it will do that first.
09/15/2026 at 07:58:52 PM ERROR logger Model:229 - Nothing to prepare: Choose some pistons on the tank first.
09/15/2026 at 07:58:52 PM WARNING logger Model:2052 - The curve command was sent, but no piston moved more than 0 mm.
09/15/2026 at 07:58:52 PM ERROR logger Model:229 - Nothing moved: The curve command was sent, but no piston moved more than 0 mm.

The command reached the controller, so this is not a connection problem. Likely causes:

  - the keyswitch on the front of the controller is at PROG, so the ladder is not scanning. Tags can still be read and written in that mode, which is why this looked like it connected. Turn it to RUN.
  - for a curve: no curve is loaded on the controller for the Curve ID you set, so there is nothing to run
  - the stroke is set so small there is nothing to see
09/15/2026 at 07:58:52 PM WARNING logger Model:2052 - The curve command was sent, but no piston moved more than 0 mm.
09/15/2026 at 07:58:52 PM ERROR logger Model:229 - Nothing moved: The curve command was sent, but no piston moved more than 0 mm.

The command reached the controller, so this is not a connection problem. Likely causes:

  - the keyswitch on the front of the controller is at PROG, so the ladder is not scanning. Tags can still be read and written in that mode, which is why this looked like it connected. Turn it to RUN.
  - for a curve: no curve is loaded on the controller for the Curve ID you set, so there is nothing to run
  - the stroke is set so small there is nothing to see
09/15/2026 at 07:58:52 PM WARNING logger Model:2052 - The curve command was sent, but no piston moved more than 0 mm.
09/15/2026 at 07:58:52 PM ERROR logger Model:229 - Nothing moved: The curve command was sent, but no piston moved more than 0 mm.

The command reached the controller, so this is not a connection problem. Likely causes:

  - the keyswitch on the front of the controller is at PROG, so the ladder is not scanning. Tags can still be read and written in that mode, which is why this looked like it connected. Turn it to RUN.
  - for a curve: no curve is loaded on the controller for the Curve ID you set, so there is nothing to run
  - the stroke is set so small there is nothing to see
09/15/2026 at 07:58:52 PM WARNING logger Model:647 - Ignored Run: a stop or resting move is still running.
09/15/2026 at 07:58:52 PM ERROR logger Model:229 - Nothing to prepare: Choose some pistons on the tank first.
09/15/2026 at 07:58:52 PM WARNING logger Model:2052 - The curve command was sent, but no piston moved more than 0 mm.
09/15/2026 at 07:58:52 PM ERROR logger Model:229 - Nothing moved: The curve command was sent, but no piston moved more than 0 mm.

The command reached the controller, so this is not a connection problem. Likely causes:

  - the keyswitch on the front of the controller is at PROG, so the ladder is not scanning. Tags can still be read and written in that mode, which is why this looked like it connected. Turn it to RUN.
  - for a curve: no curve is loaded on the controller for the Curve ID you set, so there is nothing to run
  - the stroke is set so small there is nothing to see
09/15/2026 at 07:58:52 PM ERROR logger Model:229 - Nothing to prepare: Choose some pistons on the tank first.
09/15/2026 at 07:58:52 PM ERROR logger Model:229 - Nothing to prepare: Choose some pistons on the tank first.
09/15/2026 at 07:58:52 PM ERROR logger Model:229 - No pistons selected: Choose some pistons on the tank first.
09/15/2026 at 07:58:52 PM ERROR logger Model:229 - Nothing to prepare: Choose some pistons on the tank first.
09/15/2026 at 07:58:52 PM ERROR logger Model:229 - Nothing to prepare: Choose some pistons on the tank first.
09/15/2026 at 07:58:52 PM ERROR logger Model:229 - Not ready: The pistons must be homed before they can run. Press Start and it will do that first.
09/15/2026 at 07:58:52 PM WARNING logger Model:647 - Ignored Prepare: a stop or resting move is still running.
09/15/2026 at 07:58:52 PM WARNING logger Model:647 - Ignored Run: a stop or resting move is still running.
09/15/2026 at 07:58:52 PM WARNING logger Model:647 - Ignored Calibrate: a stop or resting move is still running.
09/15/2026 at 07:58:52 PM WARNING logger Model:647 - Ignored Prepare: a stop or resting move is still running.
09/15/2026 at 07:58:52 PM WARNING logger Model:647 - Ignored Calibrate: a stop or resting move is still running.
09/15/2026 at 07:58:52 PM WARNING logger Model:647 - Ignored Prepare: a stop or resting move is still running.
09/15/2026 at 07:58:52 PM WARNING logger Model:647 - Ignored Prepare: a stop or resting move is still running.
09/15/2026 at 07:58:52 PM WARNING logger Model:647 - Ignored Prepare: a stop or resting move is still running.
09/15/2026 at 07:58:52 PM ERROR logger Model:229 - Not ready: The pistons must be homed before they can run. Press Start and it will do that first.
09/15/2026 at 07:58:52 PM ERROR logger Model:229 - Not ready: The pistons must be homed before they can run. Press Start and it will do that first.
09/15/2026 at 07:58:52 PM ERROR logger Model:229 - Nothing to prepare: Choose some pistons on the tank first.
09/15/2026 at 07:58:52 PM ERROR logger Model:229 - Not ready: The pistons must be homed before they can run. Press Start and it will do that first.
09/15/2026 at 07:58:52 PM ERROR logger Model:229 - Not ready: The pistons must be homed before they can run. Press Start and it will do that first.
09/15/2026 at 07:58:52 PM WARNING logger Model:2277 - Pistons did not all reach the resting position.
09/15/2026 at 07:58:52 PM WARNING logger Model:2277 - Pistons did not all reach the resting position.
09/15/2026 at 07:58:52 PM WARNING logger Model:2277 - Pistons did not all reach the resting position.
09/15/2026 at 07:58:52 PM ERROR logger Model:229 - Not ready: The pistons must be homed before they can run. Press Start and it will do that first.
09/15/2026 at 07:58:52 PM WARNING logger Model:2277 - Pistons did not all reach the resting position.
09/15/2026 at 07:58:52 PM WARNING logger Model:2052 - The curve command was sent, but no piston moved more than 0 mm.
09/15/2026 at 07:58:52 PM ERROR logger Model:229 - Nothing moved: The curve command was sent, but no piston moved more than 0 mm.

The command reached the controller, so this is not a connection problem. Likely causes:

  - the keyswitch on the front of the controller is at PROG, so the ladder is not scanning. Tags can still be read and written in that mode, which is why this looked like it connected. Turn it to RUN.
  - for a curve: no curve is loaded on the controller for the Curve ID you set, so there is nothing to run
  - the stroke is set so small there is nothing to see
09/15/2026 at 07:58:52 PM WARNING logger Model:2277 - Pistons did not all reach the resting position.
09/15/2026 at 07:58:52 PM WARNING logger Model:2277 - Pistons did not all reach the resting position.
09/15/2026 at 07:58:52 PM WARNING logger Model:2277 - Pistons did not all reach the resting position.
09/15/2026 at 07:58:52 PM WARNING logger Model:2052 - The curve command was sent, but no piston moved more than 0 mm.
09/15/2026 at 07:58:52 PM ERROR logger Model:229 - Nothing moved: The curve command was sent, but no piston moved more than 0 mm.

The command reached the controller, so this is not a connection problem. Likely causes:

  - the keyswitch on the front of the controller is at PROG, so the ladder is not scanning. Tags can still be read and written in that mode, which is why this looked like it connected. Turn it to RUN.
  - for a curve: no curve is loaded on the controller for the Curve ID you set, so there is nothing to run
  - the stroke is set so small there is nothing to see
09/15/2026 at 07:58:52 PM WARNING logger Model:2277 - Pistons did not all reach the resting position.
09/15/2026 at 07:58:52 PM WARNING logger Model:2277 - Pistons did not all reach the resting position.
09/15/2026 at 07:58:52 PM ERROR logger Model:229 - Not ready: The pistons must be homed before they can run. Press Start and it will do that first.
09/15/2026 at 07:58:52 PM WARNING logger Model:647 - Ignored Calibrate: a stop or resting move is still running.
09/15/2026 at 07:58:52 PM WARNING logger Model:2277 - Pistons did not all reach the resting position.
09/15/2026 at 07:58:52 PM WARNING logger Model:2277 - Pistons did not all reach the resting position.
09/15/2026 at 07:58:52 PM ERROR logger Model:229 - Not ready: The pistons must be homed before they can run. Press Start and it will do that first.
09/15/2026 at 07:58:52 PM ERROR logger Model:229 - Nothing to prepare: Choose some pistons on the tank first.
09/15/2026 at 07:58:52 PM ERROR logger Model:229 - No pistons selected: Choose some pistons on the tank first.
09/15/2026 at 07:58:52 PM ERROR logger Model:229 - No pistons selected: Choose some pistons on the tank first.
09/15/2026 at 07:58:52 PM ERROR logger Model:229 - Not ready: The pistons must be homed before they can run. Press Start and it will do that first.
09/15/2026 at 07:58:52 PM ERROR logger Model:229 - Not ready: The pistons must be homed before they can run. Press Start and it will do that first.
09/15/2026 at 07:58:52 PM ERROR logger Model:229 - No pistons selected: Choose some pistons on the tank first.
09/15/2026 at 07:58:52 PM WARNING logger Model:2052 - The stroke command was sent, but no piston moved more than 0 mm.
09/15/2026 at 07:58:52 PM ERROR logger Model:229 - Nothing moved: The stroke command was sent, but no piston moved more than 0 mm.

The command reached the controller, so this is not a connection problem. Likely causes:

  - the keyswitch on the front of the controller is at PROG, so the ladder is not scanning. Tags can still be read and written in that mode, which is why this looked like it connected. Turn it to RUN.
  - for a curve: no curve is loaded on the controller for the Curve ID you set, so there is nothing to run
  - the stroke is set so small there is nothing to see
09/15/2026 at 07:58:52 PM ERROR logger Model:229 - No pistons selected: Choose some pistons on the tank first.
09/15/2026 at 07:58:52 PM ERROR logger Model:229 - Nothing to prepare: Choose some pistons on the tank first.
09/15/2026 at 07:58:52 PM ERROR logger Model:229 - Not ready: The pistons must be homed before they can run. Press Start and it will do that first.
09/15/2026 at 07:58:52 PM ERROR logger Model:229 - Nothing to prepare: Choose some pistons on the tank first.
09/15/2026 at 07:58:52 PM ERROR logger Model:229 - Not ready: The pistons must be homed before they can run. Press Start and it will do that first.
09/15/2026 at 07:58:52 PM ERROR logger Model:229 - Nothing to prepare: Choose some pistons on the tank first.
09/15/2026 at 07:58:52 PM ERROR logger Model:229 - No pistons selected: Choose some pistons on the tank first.
09/15/2026 at 07:58:52 PM WARNING logger Model:2052 - The curve command was sent, but no piston moved more than 0 mm.
09/15/2026 at 07:58:52 PM ERROR logger Model:229 - Nothing moved: The curve command was sent, but no piston moved more than 0 mm.

The command reached the controller, so this is not a connection problem. Likely causes:

  - the keyswitch on the front of the controller is at PROG, so the ladder is not scanning. Tags can still be read and written in that mode, which is why this looked like it connected. Turn it to RUN.
  - for a curve: no curve is loaded on the controller for the Curve ID you set, so there is nothing to run
  - the stroke is set so small there is nothing to see
09/15/2026 at 07:58:52 PM WARNING logger Model:2277 - Pistons did not all reach the resting position.
09/15/2026 at 07:58:52 PM WARNING logger Model:2277 - Pistons did not all reach the resting position.
09/15/2026 at 07:58:52 PM WARNING logger Model:2052 - The stroke command was sent, but no piston moved more than 0 mm.
09/15/2026 at 07:58:52 PM ERROR logger Model:229 - Nothing moved: The stroke command was sent, but no piston moved more than 0 mm.

The command reached the controller, so this is not a connection problem. Likely causes:

  - the keyswitch on the front of the controller is at PROG, so the ladder is not scanning. Tags can still be read and written in that mode, which is why this looked like it connected. Turn it to RUN.
  - for a curve: no curve is loaded on the controller for the Curve ID you set, so there is nothing to run
  - the stroke is set so small there is nothing to see
09/15/2026 at 07:58:52 PM WARNING logger Model:1821 - Staging did not complete within 0.0 seconds; running unstaggered.
09/15/2026 at 07:58:52 PM ERROR logger Model:229 - Nothing to prepare: Choose some pistons on the tank first.
09/15/2026 at 07:58:52 PM ERROR logger Model:229 - Not ready: The pistons must be homed before they can run. Press Start and it will do that first.
09/15/2026 at 07:58:52 PM ERROR logger Model:229 - No pistons selected: Choose some pistons on the tank first.
09/15/2026 at 07:58:52 PM WARNING logger Model:2277 - Pistons did not all reach the resting position.
09/15/2026 at 07:58:52 PM ERROR logger Model:229 - Not ready: The pistons must be homed before they can run. Press Start and it will do that first.
09/15/2026 at 07:58:52 PM ERROR logger Model:229 - Nothing to prepare: Choose some pistons on the tank first.
09/15/2026 at 07:58:52 PM ERROR logger Model:229 - Not ready: The pistons must be homed before they can run. Press Start and it will do that first.
09/15/2026 at 07:58:52 PM ERROR logger Model:229 - Not ready: The pistons must be homed before they can run. Press Start and it will do that first.
09/15/2026 at 07:58:52 PM ERROR logger Model:229 - Not ready: The pistons must be homed before they can run. Press Start and it will do that first.
09/15/2026 at 07:58:52 PM ERROR logger Model:229 - Not ready: The pistons must be homed before they can run. Press Start and it will do that first.
09/15/2026 at 07:58:52 PM WARNING logger Model:2052 - The curve command was sent, but no piston moved more than 0 mm.
09/15/2026 at 07:58:52 PM ERROR logger Model:229 - Nothing moved: The curve command was sent, but no piston moved more than 0 mm.

The command reached the controller, so this is not a connection problem. Likely causes:

  - the keyswitch on the front of the controller is at PROG, so the ladder is not scanning. Tags can still be read and written in that mode, which is why this looked like it connected. Turn it to RUN.
  - for a curve: no curve is loaded on the controller for the Curve ID you set, so there is nothing to run
  - the stroke is set so small there is nothing to see
09/15/2026 at 07:58:52 PM ERROR logger Model:229 - Not ready: The pistons must be homed before they can run. Press Start and it will do that first.
09/15/2026 at 07:58:52 PM WARNING logger Model:2052 - The curve command was sent, but no piston moved more than 0 mm.
09/15/2026 at 07:58:52 PM ERROR logger Model:229 - Nothing moved: The curve command was sent, but no piston moved more than 0 mm.

The command reached the controller, so this is not a connection problem. Likely causes:

  - the keyswitch on the front of the controller is at PROG, so the ladder is not scanning. Tags can still be read and written in that mode, which is why this looked like it connected. Turn it to RUN.
  - for a curve: no curve is loaded on the controller for the Curve ID you set, so there is nothing to run
  - the stroke is set so small there is nothing to see
09/15/2026 at 07:58:52 PM ERROR logger Model:229 - Not ready: The pistons must be homed before they can run. Press Start and it will do that first.
09/15/2026 at 07:58:52 PM ERROR logger Model:229 - Nothing to prepare: Choose some pistons on the tank first.
09/15/2026 at 07:58:52 PM ERROR logger Model:229 - No pistons selected: Choose some pistons on the tank first.
09/15/2026 at 07:58:52 PM ERROR logger Model:229 - No pistons selected: Choose some pistons on the tank first.
09/15/2026 at 07:58:52 PM ERROR logger Model:229 - No pistons selected: Choose some pistons on the tank first.
09/15/2026 at 07:58:52 PM ERROR logger Model:229 - Not ready: The pistons must be homed before they can run. Press Start and it will do that first.
09/15/2026 at 07:58:52 PM ERROR logger Model:229 - Not ready: The pistons must be homed before they can run. Press Start and it will do that first.
09/15/2026 at 07:58:52 PM WARNING logger Model:2052 - The stroke command was sent, but no piston moved more than 0 mm.
09/15/2026 at 07:58:52 PM ERROR logger Model:229 - Nothing moved: The stroke command was sent, but no piston moved more than 0 mm.

The command reached the controller, so this is not a connection problem. Likely causes:

  - the keyswitch on the front of the controller is at PROG, so the ladder is not scanning. Tags can still be read and written in that mode, which is why this looked like it connected. Turn it to RUN.
  - for a curve: no curve is loaded on the controller for the Curve ID you set, so there is nothing to run
  - the stroke is set so small there is nothing to see
09/15/2026 at 07:58:52 PM WARNING logger Model:2052 - The stroke command was sent, but no piston moved more than 0 mm.
09/15/2026 at 07:58:52 PM ERROR logger Model:229 - Nothing moved: The stroke command was sent, but no piston moved more than 0 mm.

The command reached the controller, so this is not a connection problem. Likely causes:

  - the keyswitch on the front of the controller is at PROG, so the ladder is not scanning. Tags can still be read and written in that mode, which is why this looked like it connected. Turn it to RUN.
  - for a curve: no curve is loaded on the controller for the Curve ID you set, so there is nothing to run
  - the stroke is set so small there is nothing to see
09/15/2026 at 07:58:53 PM WARNING logger Model:2052 - The stroke command was sent, but no piston moved more than 0 mm.
09/15/2026 at 07:58:53 PM ERROR logger Model:229 - Nothing moved: The stroke command was sent, but no piston moved more than 0 mm.

The command reached the controller, so this is not a connection problem. Likely causes:

  - the keyswitch on the front of the controller is at PROG, so the ladder is not scanning. Tags can still be read and written in that mode, which is why this looked like it connected. Turn it to RUN.
  - for a curve: no curve is loaded on the controller for the Curve ID you set, so there is nothing to run
  - the stroke is set so small there is nothing to see
09/15/2026 at 07:58:53 PM ERROR logger Model:229 - Nothing to prepare: Choose some pistons on the tank first.
09/15/2026 at 07:58:53 PM ERROR logger Model:229 - Nothing to prepare: Choose some pistons on the tank first.
09/15/2026 at 07:58:53 PM ERROR logger Model:229 - Nothing to prepare: Choose some pistons on the tank first.
09/15/2026 at 07:58:53 PM ERROR logger Model:229 - Nothing to prepare: Choose some pistons on the tank first.
09/15/2026 at 07:58:53 PM ERROR logger Model:229 - Nothing to prepare: Choose some pistons on the tank first.
09/15/2026 at 07:58:53 PM ERROR logger Model:229 - No pistons selected: Choose some pistons on the tank first.
09/15/2026 at 07:58:53 PM WARNING logger Model:2052 - The curve command was sent, but no piston moved more than 0 mm.
09/15/2026 at 07:58:53 PM ERROR logger Model:229 - Nothing moved: The curve command was sent, but no piston moved more than 0 mm.

The command reached the controller, so this is not a connection problem. Likely causes:

  - the keyswitch on the front of the controller is at PROG, so the ladder is not scanning. Tags can still be read and written in that mode, which is why this looked like it connected. Turn it to RUN.
  - for a curve: no curve is loaded on the controller for the Curve ID you set, so there is nothing to run
  - the stroke is set so small there is nothing to see
09/15/2026 at 07:58:53 PM WARNING logger Model:2277 - Pistons did not all reach the resting position.
09/15/2026 at 07:58:53 PM WARNING logger Model:2052 - The curve command was sent, but no piston moved more than 0 mm.
09/15/2026 at 07:58:53 PM ERROR logger Model:229 - Nothing moved: The curve command was sent, but no piston moved more than 0 mm.

The command reached the controller, so this is not a connection problem. Likely causes:

  - the keyswitch on the front of the controller is at PROG, so the ladder is not scanning. Tags can still be read and written in that mode, which is why this looked like it connected. Turn it to RUN.
  - for a curve: no curve is loaded on the controller for the Curve ID you set, so there is nothing to run
  - the stroke is set so small there is nothing to see
09/15/2026 at 07:58:53 PM ERROR logger Model:229 - Not ready: The pistons must be homed before they can run. Press Start and it will do that first.
09/15/2026 at 07:58:53 PM ERROR logger Model:229 - Not ready: The pistons must be homed before they can run. Press Start and it will do that first.
09/15/2026 at 07:58:53 PM ERROR logger Model:229 - Not ready: The pistons must be homed before they can run. Press Start and it will do that first.
09/15/2026 at 07:58:53 PM ERROR logger Model:229 - Not ready: The pistons must be homed before they can run. Press Start and it will do that first.
09/15/2026 at 07:58:53 PM ERROR logger Model:229 - Nothing to prepare: Choose some pistons on the tank first.
09/15/2026 at 07:58:53 PM WARNING logger Model:2052 - The stroke command was sent, but no piston moved more than 0 mm.
09/15/2026 at 07:58:53 PM ERROR logger Model:229 - Nothing moved: The stroke command was sent, but no piston moved more than 0 mm.

The command reached the controller, so this is not a connection problem. Likely causes:

  - the keyswitch on the front of the controller is at PROG, so the ladder is not scanning. Tags can still be read and written in that mode, which is why this looked like it connected. Turn it to RUN.
  - for a curve: no curve is loaded on the controller for the Curve ID you set, so there is nothing to run
  - the stroke is set so small there is nothing to see
09/15/2026 at 07:58:53 PM WARNING logger Model:2052 - The stroke command was sent, but no piston moved more than 0 mm.
09/15/2026 at 07:58:53 PM ERROR logger Model:229 - Nothing moved: The stroke command was sent, but no piston moved more than 0 mm.

The command reached the controller, so this is not a connection problem. Likely causes:

  - the keyswitch on the front of the controller is at PROG, so the ladder is not scanning. Tags can still be read and written in that mode, which is why this looked like it connected. Turn it to RUN.
  - for a curve: no curve is loaded on the controller for the Curve ID you set, so there is nothing to run
  - the stroke is set so small there is nothing to see
09/15/2026 at 07:58:53 PM WARNING logger Model:2277 - Pistons did not all reach the resting position.
09/15/2026 at 07:58:53 PM ERROR logger Model:229 - No pistons selected: Choose some pistons on the tank first.
09/15/2026 at 07:58:53 PM ERROR logger Model:229 - Not ready: The pistons must be homed before they can run. Press Start and it will do that first.
09/15/2026 at 07:58:53 PM ERROR logger Model:229 - Nothing to prepare: Choose some pistons on the tank first.
09/15/2026 at 07:58:53 PM ERROR logger Model:229 - Not ready: The pistons must be homed before they can run. Press Start and it will do that first.
09/15/2026 at 07:58:53 PM ERROR logger Model:229 - No pistons selected: Choose some pistons on the tank first.
09/15/2026 at 07:58:53 PM ERROR logger Model:229 - Not ready: The pistons must be homed before they can run. Press Start and it will do that first.
09/15/2026 at 07:58:53 PM ERROR logger Model:229 - Nothing to prepare: Choose some pistons on the tank first.
09/15/2026 at 07:58:53 PM ERROR logger Model:229 - Nothing to prepare: Choose some pistons on the tank first.
09/15/2026 at 07:58:53 PM ERROR logger Model:229 - No pistons selected: Choose some pistons on the tank first.
09/15/2026 at 07:58:53 PM ERROR logger Model:229 - No pistons selected: Choose some pistons on the tank first.
09/15/2026 at 07:58:53 PM ERROR logger Model:229 - No pistons selected: Choose some pistons on the tank first.
09/15/2026 at 07:58:53 PM ERROR logger Model:229 - Not ready: The pistons must be homed before they can run. Press Start and it will do that first.
09/15/2026 at 07:58:53 PM ERROR logger Model:229 - Nothing to prepare: Choose some pistons on the tank first.
09/15/2026 at 07:58:53 PM ERROR logger Model:229 - No pistons selected: Choose some pistons on the tank first.
09/15/2026 at 07:58:53 PM ERROR logger Model:229 - No pistons selected: Choose some pistons on the tank first.
09/15/2026 at 07:58:53 PM ERROR logger Model:229 - Nothing to prepare: Choose some pistons on the tank first.
09/15/2026 at 07:58:53 PM ERROR logger Model:229 - Nothing to prepare: Choose some pistons on the tank first.
09/15/2026 at 07:58:53 PM ERROR logger Model:229 - No pistons selected: Choose some pistons on the tank first.
09/15/2026 at 07:58:53 PM ERROR logger Model:229 - Not ready: The pistons must be homed before they can run. Press Start and it will do that first.
09/15/2026 at 07:58:53 PM ERROR logger Model:229 - Nothing to prepare: Choose some pistons on the tank first.
09/15/2026 at 07:58:53 PM ERROR logger Model:229 - Not ready: The pistons must be homed before they can run. Press Start and it will do that first.
09/15/2026 at 07:58:53 PM ERROR logger Model:229 - No pistons selected: Choose some pistons on the tank first.
09/15/2026 at 07:58:53 PM ERROR logger Model:229 - Not ready: The pistons must be homed before they can run. Press Start and it will do that first.
09/15/2026 at 07:58:53 PM ERROR logger Model:229 - Not ready: The pistons must be homed before they can run. Press Start and it will do that first.
09/15/2026 at 07:58:53 PM WARNING logger Model:2052 - The curve command was sent, but no piston moved more than 0 mm.
09/15/2026 at 07:58:53 PM ERROR logger Model:229 - Nothing moved: The curve command was sent, but no piston moved more than 0 mm.

The command reached the controller, so this is not a connection problem. Likely causes:

  - the keyswitch on the front of the controller is at PROG, so the ladder is not scanning. Tags can still be read and written in that mode, which is why this looked like it connected. Turn it to RUN.
  - for a curve: no curve is loaded on the controller for the Curve ID you set, so there is nothing to run
  - the stroke is set so small there is nothing to see
09/15/2026 at 07:58:53 PM WARNING logger Model:2277 - Pistons did not all reach the resting position.
09/15/2026 at 07:58:53 PM ERROR logger Model:229 - No pistons selected: Choose some pistons on the tank first.
09/15/2026 at 07:58:53 PM ERROR logger Model:229 - No pistons selected: Choose some pistons on the tank first.
09/15/2026 at 07:58:53 PM ERROR logger Model:229 - Nothing to prepare: Choose some pistons on the tank first.
09/15/2026 at 07:58:53 PM ERROR logger Model:229 - Nothing to prepare: Choose some pistons on the tank first.
09/15/2026 at 07:58:53 PM ERROR logger Model:229 - No pistons selected: Choose some pistons on the tank first.
09/15/2026 at 07:58:53 PM ERROR logger Model:229 - Not ready: The pistons must be homed before they can run. Press Start and it will do that first.
09/15/2026 at 07:58:53 PM ERROR logger Model:229 - Not ready: The pistons must be homed before they can run. Press Start and it will do that first.
09/15/2026 at 07:58:53 PM ERROR logger Model:229 - Not ready: The pistons must be homed before they can run. Press Start and it will do that first.
09/15/2026 at 07:58:53 PM ERROR logger Model:229 - Nothing to prepare: Choose some pistons on the tank first.
09/15/2026 at 07:58:53 PM WARNING logger Model:2052 - The curve command was sent, but no piston moved more than 0 mm.
09/15/2026 at 07:58:53 PM ERROR logger Model:229 - Nothing moved: The curve command was sent, but no piston moved more than 0 mm.

The command reached the controller, so this is not a connection problem. Likely causes:

  - the keyswitch on the front of the controller is at PROG, so the ladder is not scanning. Tags can still be read and written in that mode, which is why this looked like it connected. Turn it to RUN.
  - for a curve: no curve is loaded on the controller for the Curve ID you set, so there is nothing to run
  - the stroke is set so small there is nothing to see
09/15/2026 at 07:58:53 PM WARNING logger Model:2277 - Pistons did not all reach the resting position.
09/15/2026 at 07:58:53 PM WARNING logger Model:2277 - Pistons did not all reach the resting position.
09/15/2026 at 07:58:53 PM ERROR logger Model:229 - Not ready: The pistons must be homed before they can run. Press Start and it will do that first.
09/15/2026 at 07:58:53 PM ERROR logger Model:229 - Not ready: The pistons must be homed before they can run. Press Start and it will do that first.
09/15/2026 at 07:58:53 PM ERROR logger Model:229 - Not ready: The pistons must be homed before they can run. Press Start and it will do that first.
09/15/2026 at 07:58:53 PM WARNING logger Model:2052 - The curve command was sent, but no piston moved more than 0 mm.
09/15/2026 at 07:58:53 PM ERROR logger Model:229 - Nothing moved: The curve command was sent, but no piston moved more than 0 mm.

The command reached the controller, so this is not a connection problem. Likely causes:

  - the keyswitch on the front of the controller is at PROG, so the ladder is not scanning. Tags can still be read and written in that mode, which is why this looked like it connected. Turn it to RUN.
  - for a curve: no curve is loaded on the controller for the Curve ID you set, so there is nothing to run
  - the stroke is set so small there is nothing to see
09/15/2026 at 07:58:53 PM WARNING logger Model:2052 - The stroke command was sent, but no piston moved more than 0 mm.
09/15/2026 at 07:58:53 PM ERROR logger Model:229 - Nothing moved: The stroke command was sent, but no piston moved more than 0 mm.

The command reached the controller, so this is not a connection problem. Likely causes:

  - the keyswitch on the front of the controller is at PROG, so the ladder is not scanning. Tags can still be read and written in that mode, which is why this looked like it connected. Turn it to RUN.
  - for a curve: no curve is loaded on the controller for the Curve ID you set, so there is nothing to run
  - the stroke is set so small there is nothing to see
09/15/2026 at 07:58:53 PM WARNING logger Model:2052 - The curve command was sent, but no piston moved more than 0 mm.
09/15/2026 at 07:58:53 PM ERROR logger Model:229 - Nothing moved: The curve command was sent, but no piston moved more than 0 mm.

The command reached the controller, so this is not a connection problem. Likely causes:

  - the keyswitch on the front of the controller is at PROG, so the ladder is not scanning. Tags can still be read and written in that mode, which is why this looked like it connected. Turn it to RUN.
  - for a curve: no curve is loaded on the controller for the Curve ID you set, so there is nothing to run
  - the stroke is set so small there is nothing to see
09/15/2026 at 07:58:53 PM ERROR logger Model:229 - Not ready: The pistons must be homed before they can run. Press Start and it will do that first.
09/15/2026 at 07:58:53 PM ERROR logger Model:229 - Not ready: The pistons must be homed before they can run. Press Start and it will do that first.
09/15/2026 at 07:58:53 PM ERROR logger Model:229 - Not ready: The pistons must be homed before they can run. Press Start and it will do that first.
09/15/2026 at 07:58:53 PM ERROR logger Model:229 - Not ready: The pistons must be homed before they can run. Press Start and it will do that first.
09/15/2026 at 07:58:53 PM ERROR logger Model:229 - Not ready: The pistons must be homed before they can run. Press Start and it will do that first.
09/15/2026 at 07:58:53 PM ERROR logger Model:229 - Not ready: The pistons must be homed before they can run. Press Start and it will do that first.
09/15/2026 at 07:58:53 PM WARNING logger Model:2277 - Pistons did not all reach the resting position.
09/15/2026 at 07:58:53 PM ERROR logger Model:229 - Not ready: The pistons must be homed before they can run. Press Start and it will do that first.
09/15/2026 at 07:58:53 PM WARNING logger Model:647 - Ignored Prepare: a stop or resting move is still running.
09/15/2026 at 07:58:53 PM WARNING logger Model:2277 - Pistons did not all reach the resting position.
09/15/2026 at 07:58:53 PM ERROR logger Model:229 - Not ready: The pistons must be homed before they can run. Press Start and it will do that first.
09/15/2026 at 07:58:53 PM ERROR logger Model:229 - Not ready: The pistons must be homed before they can run. Press Start and it will do that first.
09/15/2026 at 07:58:55 PM WARNING logger Model:2052 - The stroke command was sent, but no piston moved more than 0 mm.
09/15/2026 at 07:58:55 PM ERROR logger Model:229 - Nothing moved: The stroke command was sent, but no piston moved more than 0 mm.

The command reached the controller, so this is not a connection problem. Likely causes:

  - the keyswitch on the front of the controller is at PROG, so the ladder is not scanning. Tags can still be read and written in that mode, which is why this looked like it connected. Turn it to RUN.
  - for a curve: no curve is loaded on the controller for the Curve ID you set, so there is nothing to run
  - the stroke is set so small there is nothing to see
09/15/2026 at 07:58:55 PM WARNING logger Model:650 - Ignored Start: Movement test is still running.
09/15/2026 at 07:58:55 PM WARNING logger Model:2277 - Pistons did not all reach the resting position.
09/15/2026 at 07:58:55 PM WARNING logger Model:1821 - Staging did not complete within 0.2 seconds; running unstaggered.
09/15/2026 at 07:58:55 PM ERROR logger test_error_log:60 - Piston 7 stuck: drive fault 0x40b7
09/15/2026 at 07:58:55 PM ERROR logger test_error_log:73 - Homing failed
Traceback (most recent call last):
  File "C:\Users\ahito\wavemaker-f25\tests\test_error_log.py", line 71, in test_exception_includes_the_traceback
    raise ValueError("bad home offset")
ValueError: bad home offset
09/15/2026 at 07:58:55 PM WARNING logger test_error_log:99 - Position 2 out of range
09/15/2026 at 07:58:55 PM ERROR logger test_error_log:118 - Piston 7 stuck
09/15/2026 at 07:58:55 PM ERROR logger test_error_log:135 - first fault
09/15/2026 at 07:58:56 PM ERROR logger Model:229 - Live speed change failed: The speed was updated on pistons , then stopped at piston 30: offline.
09/15/2026 at 07:58:56 PM ERROR logger Model:229 - Staging failed: Piston 30: restore failed
09/15/2026 at 07:58:56 PM ERROR logger Model:229 - Movement test cleanup failed: Could not clear movement-test run bit: clear failed
09/15/2026 at 07:58:56 PM WARNING logger Model:1821 - Staging did not complete within 0 seconds; running unstaggered.
09/15/2026 at 07:58:56 PM ERROR logger Model:229 - Movement test cleanup failed: Could not restore Program:Wave_Control.Live_Motors.1: selection restore failed
09/15/2026 at 07:58:56 PM ERROR logger Model:229 - Staging failed: Could not clear staging run bit: stop failed
09/15/2026 at 07:58:56 PM CRITICAL logger Model:2187 - STOP FAILED: Program:Wave_Control.Run_1: first stop failed
09/15/2026 at 07:58:56 PM ERROR logger Model:229 - Stop failed: The machine did not acknowledge the stop command:
Program:Wave_Control.Run_1: first stop failed

Use the physical stop and check the connection.
09/15/2026 at 07:58:56 PM WARNING logger Model:647 - Ignored Calibrate: a stop or resting move is still running.
09/15/2026 at 07:58:59 PM WARNING logger Model:2277 - Pistons did not all reach the resting position.
09/15/2026 at 07:59:02 PM WARNING logger Model:2277 - Pistons did not all reach the resting position.
09/15/2026 at 07:59:11 PM WARNING logger Model:2277 - Pistons did not all reach the resting position.
09/15/2026 at 07:59:13 PM WARNING logger Model:2052 - The stroke command was sent, but no piston moved more than 0 mm.
09/15/2026 at 07:59:13 PM ERROR logger Model:229 - Nothing moved: The stroke command was sent, but no piston moved more than 0 mm.

The command reached the controller, so this is not a connection problem. Likely causes:

  - the keyswitch on the front of the controller is at PROG, so the ladder is not scanning. Tags can still be read and written in that mode, which is why this looked like it connected. Turn it to RUN.
  - for a curve: no curve is loaded on the controller for the Curve ID you set, so there is nothing to run
  - the stroke is set so small there is nothing to see
09/15/2026 at 07:59:13 PM WARNING logger Model:2052 - The curve command was sent, but no piston moved more than 0 mm.
09/15/2026 at 07:59:13 PM ERROR logger Model:229 - Nothing moved: The curve command was sent, but no piston moved more than 0 mm.

The command reached the controller, so this is not a connection problem. Likely causes:

  - the keyswitch on the front of the controller is at PROG, so the ladder is not scanning. Tags can still be read and written in that mode, which is why this looked like it connected. Turn it to RUN.
  - for a curve: no curve is loaded on the controller for the Curve ID you set, so there is nothing to run
  - the stroke is set so small there is nothing to see
09/15/2026 at 07:59:13 PM ERROR logger Model:229 - Nothing to prepare: Choose some pistons on the tank first.
09/15/2026 at 07:59:13 PM ERROR logger Model:229 - Nothing to prepare: Choose some pistons on the tank first.
09/15/2026 at 07:59:13 PM ERROR logger Model:229 - No pistons selected: Choose some pistons on the tank first.
09/15/2026 at 07:59:13 PM ERROR logger Model:229 - Nothing to prepare: Choose some pistons on the tank first.
09/15/2026 at 07:59:13 PM ERROR logger Model:229 - Nothing to prepare: Choose some pistons on the tank first.
09/15/2026 at 07:59:13 PM ERROR logger Model:229 - Not ready: The pistons must be homed before they can run. Press Start and it will do that first.
09/15/2026 at 07:59:13 PM ERROR logger Model:229 - Nothing to prepare: Choose some pistons on the tank first.
09/15/2026 at 07:59:13 PM ERROR logger Model:229 - Not ready: The pistons must be homed before they can run. Press Start and it will do that first.
09/15/2026 at 07:59:13 PM ERROR logger Model:229 - Not ready: The pistons must be homed before they can run. Press Start and it will do that first.
09/15/2026 at 07:59:13 PM WARNING logger Model:2052 - The curve command was sent, but no piston moved more than 0 mm.
09/15/2026 at 07:59:13 PM ERROR logger Model:229 - Nothing moved: The curve command was sent, but no piston moved more than 0 mm.

The command reached the controller, so this is not a connection problem. Likely causes:

  - the keyswitch on the front of the controller is at PROG, so the ladder is not scanning. Tags can still be read and written in that mode, which is why this looked like it connected. Turn it to RUN.
  - for a curve: no curve is loaded on the controller for the Curve ID you set, so there is nothing to run
  - the stroke is set so small there is nothing to see
09/15/2026 at 07:59:13 PM ERROR logger Model:229 - Not ready: The pistons must be homed before they can run. Press Start and it will do that first.
09/15/2026 at 07:59:13 PM ERROR logger Model:229 - No pistons selected: Choose some pistons on the tank first.
09/15/2026 at 07:59:13 PM ERROR logger Model:229 - Not ready: The pistons must be homed before they can run. Press Start and it will do that first.
09/15/2026 at 07:59:13 PM ERROR logger Model:229 - No pistons selected: Choose some pistons on the tank first.
09/15/2026 at 07:59:13 PM ERROR logger Model:229 - Nothing to prepare: Choose some pistons on the tank first.
09/15/2026 at 07:59:13 PM ERROR logger Model:229 - Not ready: The pistons must be homed before they can run. Press Start and it will do that first.
09/15/2026 at 07:59:13 PM ERROR logger Model:229 - No pistons selected: Choose some pistons on the tank first.
09/15/2026 at 07:59:13 PM ERROR logger Model:229 - Not ready: The pistons must be homed before they can run. Press Start and it will do that first.
09/15/2026 at 07:59:13 PM ERROR logger Model:229 - No pistons selected: Choose some pistons on the tank first.
09/15/2026 at 07:59:13 PM ERROR logger Model:229 - No pistons selected: Choose some pistons on the tank first.
09/15/2026 at 07:59:13 PM ERROR logger Model:229 - Not ready: The pistons must be homed before they can run. Press Start and it will do that first.
09/15/2026 at 07:59:13 PM ERROR logger Model:229 - Not ready: The pistons must be homed before they can run. Press Start and it will do that first.
09/15/2026 at 07:59:13 PM ERROR logger Model:229 - Nothing to prepare: Choose some pistons on the tank first.
09/15/2026 at 07:59:13 PM ERROR logger Model:229 - Not ready: The pistons must be homed before they can run. Press Start and it will do that first.
09/15/2026 at 07:59:13 PM ERROR logger Model:229 - No pistons selected: Choose some pistons on the tank first.
09/15/2026 at 07:59:13 PM ERROR logger Model:229 - No pistons selected: Choose some pistons on the tank first.
09/15/2026 at 07:59:13 PM ERROR logger Model:229 - Nothing to prepare: Choose some pistons on the tank first.
09/15/2026 at 07:59:13 PM WARNING logger Model:2052 - The curve command was sent, but no piston moved more than 0 mm.
09/15/2026 at 07:59:13 PM ERROR logger Model:229 - Nothing moved: The curve command was sent, but no piston moved more than 0 mm.

The command reached the controller, so this is not a connection problem. Likely causes:

  - the keyswitch on the front of the controller is at PROG, so the ladder is not scanning. Tags can still be read and written in that mode, which is why this looked like it connected. Turn it to RUN.
  - for a curve: no curve is loaded on the controller for the Curve ID you set, so there is nothing to run
  - the stroke is set so small there is nothing to see
09/15/2026 at 07:59:13 PM WARNING logger Model:2277 - Pistons did not all reach the resting position.
09/15/2026 at 07:59:13 PM ERROR logger Model:229 - Not ready: The pistons must be homed before they can run. Press Start and it will do that first.
09/15/2026 at 07:59:13 PM ERROR logger Model:229 - Nothing to prepare: Choose some pistons on the tank first.
09/15/2026 at 07:59:13 PM ERROR logger Model:229 - Not ready: The pistons must be homed before they can run. Press Start and it will do that first.
09/15/2026 at 07:59:13 PM ERROR logger Model:229 - Not ready: The pistons must be homed before they can run. Press Start and it will do that first.
09/15/2026 at 07:59:13 PM WARNING logger Model:2052 - The stroke command was sent, but no piston moved more than 0 mm.
09/15/2026 at 07:59:13 PM ERROR logger Model:229 - Nothing moved: The stroke command was sent, but no piston moved more than 0 mm.

The command reached the controller, so this is not a connection problem. Likely causes:

  - the keyswitch on the front of the controller is at PROG, so the ladder is not scanning. Tags can still be read and written in that mode, which is why this looked like it connected. Turn it to RUN.
  - for a curve: no curve is loaded on the controller for the Curve ID you set, so there is nothing to run
  - the stroke is set so small there is nothing to see
09/15/2026 at 07:59:13 PM WARNING logger Model:2052 - The stroke command was sent, but no piston moved more than 0 mm.
09/15/2026 at 07:59:13 PM ERROR logger Model:229 - Nothing moved: The stroke command was sent, but no piston moved more than 0 mm.

The command reached the controller, so this is not a connection problem. Likely causes:

  - the keyswitch on the front of the controller is at PROG, so the ladder is not scanning. Tags can still be read and written in that mode, which is why this looked like it connected. Turn it to RUN.
  - for a curve: no curve is loaded on the controller for the Curve ID you set, so there is nothing to run
  - the stroke is set so small there is nothing to see
09/15/2026 at 07:59:13 PM ERROR logger Model:229 - No pistons selected: Choose some pistons on the tank first.
09/15/2026 at 07:59:13 PM ERROR logger Model:229 - No pistons selected: Choose some pistons on the tank first.
09/15/2026 at 07:59:13 PM WARNING logger Model:2052 - The stroke command was sent, but no piston moved more than 0 mm.
09/15/2026 at 07:59:13 PM ERROR logger Model:229 - Nothing moved: The stroke command was sent, but no piston moved more than 0 mm.

The command reached the controller, so this is not a connection problem. Likely causes:

  - the keyswitch on the front of the controller is at PROG, so the ladder is not scanning. Tags can still be read and written in that mode, which is why this looked like it connected. Turn it to RUN.
  - for a curve: no curve is loaded on the controller for the Curve ID you set, so there is nothing to run
  - the stroke is set so small there is nothing to see
09/15/2026 at 07:59:13 PM WARNING logger Model:2052 - The curve command was sent, but no piston moved more than 0 mm.
09/15/2026 at 07:59:13 PM ERROR logger Model:229 - Nothing moved: The curve command was sent, but no piston moved more than 0 mm.

The command reached the controller, so this is not a connection problem. Likely causes:

  - the keyswitch on the front of the controller is at PROG, so the ladder is not scanning. Tags can still be read and written in that mode, which is why this looked like it connected. Turn it to RUN.
  - for a curve: no curve is loaded on the controller for the Curve ID you set, so there is nothing to run
  - the stroke is set so small there is nothing to see
09/15/2026 at 07:59:13 PM WARNING logger Model:647 - Ignored Run: a stop or resting move is still running.
09/15/2026 at 07:59:13 PM ERROR logger Model:229 - Not ready: The pistons must be homed before they can run. Press Start and it will do that first.
09/15/2026 at 07:59:13 PM ERROR logger Model:229 - Not ready: The pistons must be homed before they can run. Press Start and it will do that first.
09/15/2026 at 07:59:13 PM ERROR logger Model:229 - Nothing to prepare: Choose some pistons on the tank first.
09/15/2026 at 07:59:13 PM ERROR logger Model:229 - Nothing to prepare: Choose some pistons on the tank first.
09/15/2026 at 07:59:13 PM ERROR logger Model:229 - Nothing to prepare: Choose some pistons on the tank first.
09/15/2026 at 07:59:13 PM ERROR logger Model:229 - No pistons selected: Choose some pistons on the tank first.
09/15/2026 at 07:59:13 PM ERROR logger Model:229 - Not ready: The pistons must be homed before they can run. Press Start and it will do that first.
09/15/2026 at 07:59:13 PM ERROR logger Model:229 - Nothing to prepare: Choose some pistons on the tank first.
09/15/2026 at 07:59:13 PM ERROR logger Model:229 - Nothing to prepare: Choose some pistons on the tank first.
09/15/2026 at 07:59:13 PM ERROR logger Model:229 - Not ready: The pistons must be homed before they can run. Press Start and it will do that first.
09/15/2026 at 07:59:13 PM ERROR logger Model:229 - Nothing to prepare: Choose some pistons on the tank first.
09/15/2026 at 07:59:13 PM ERROR logger Model:229 - Not ready: The pistons must be homed before they can run. Press Start and it will do that first.
09/15/2026 at 07:59:13 PM ERROR logger Model:229 - No pistons selected: Choose some pistons on the tank first.
09/15/2026 at 07:59:13 PM ERROR logger Model:229 - Nothing to prepare: Choose some pistons on the tank first.
09/15/2026 at 07:59:13 PM WARNING logger Model:2052 - The curve command was sent, but no piston moved more than 0 mm.
09/15/2026 at 07:59:13 PM ERROR logger Model:229 - Nothing moved: The curve command was sent, but no piston moved more than 0 mm.

The command reached the controller, so this is not a connection problem. Likely causes:

  - the keyswitch on the front of the controller is at PROG, so the ladder is not scanning. Tags can still be read and written in that mode, which is why this looked like it connected. Turn it to RUN.
  - for a curve: no curve is loaded on the controller for the Curve ID you set, so there is nothing to run
  - the stroke is set so small there is nothing to see
09/15/2026 at 07:59:13 PM ERROR logger Model:229 - No pistons selected: Choose some pistons on the tank first.
09/15/2026 at 07:59:13 PM WARNING logger Model:2052 - The stroke command was sent, but no piston moved more than 0 mm.
09/15/2026 at 07:59:13 PM ERROR logger Model:229 - Nothing moved: The stroke command was sent, but no piston moved more than 0 mm.

The command reached the controller, so this is not a connection problem. Likely causes:

  - the keyswitch on the front of the controller is at PROG, so the ladder is not scanning. Tags can still be read and written in that mode, which is why this looked like it connected. Turn it to RUN.
  - for a curve: no curve is loaded on the controller for the Curve ID you set, so there is nothing to run
  - the stroke is set so small there is nothing to see
09/15/2026 at 07:59:13 PM WARNING logger Model:2277 - Pistons did not all reach the resting position.
09/15/2026 at 07:59:13 PM WARNING logger Model:2277 - Pistons did not all reach the resting position.
09/15/2026 at 07:59:13 PM ERROR logger Model:229 - Not ready: The pistons must be homed before they can run. Press Start and it will do that first.
09/15/2026 at 07:59:13 PM WARNING logger Model:2277 - Pistons did not all reach the resting position.
09/15/2026 at 07:59:13 PM WARNING logger Model:2052 - The stroke command was sent, but no piston moved more than 0 mm.
09/15/2026 at 07:59:13 PM ERROR logger Model:229 - Nothing moved: The stroke command was sent, but no piston moved more than 0 mm.

The command reached the controller, so this is not a connection problem. Likely causes:

  - the keyswitch on the front of the controller is at PROG, so the ladder is not scanning. Tags can still be read and written in that mode, which is why this looked like it connected. Turn it to RUN.
  - for a curve: no curve is loaded on the controller for the Curve ID you set, so there is nothing to run
  - the stroke is set so small there is nothing to see
09/15/2026 at 07:59:13 PM WARNING logger Model:2277 - Pistons did not all reach the resting position.
09/15/2026 at 07:59:13 PM ERROR logger Model:229 - Not ready: The pistons must be homed before they can run. Press Start and it will do that first.
09/15/2026 at 07:59:13 PM ERROR logger Model:229 - Not ready: The pistons must be homed before they can run. Press Start and it will do that first.
09/15/2026 at 07:59:13 PM ERROR logger Model:229 - Not ready: The pistons must be homed before they can run. Press Start and it will do that first.
09/15/2026 at 07:59:13 PM ERROR logger Model:229 - Not ready: The pistons must be homed before they can run. Press Start and it will do that first.
09/15/2026 at 07:59:13 PM WARNING logger Model:647 - Ignored Calibrate: a stop or resting move is still running.
09/15/2026 at 07:59:13 PM WARNING logger Model:647 - Ignored Calibrate: a stop or resting move is still running.
09/15/2026 at 07:59:13 PM ERROR logger Model:229 - No pistons selected: Choose some pistons on the tank first.
09/15/2026 at 07:59:13 PM ERROR logger Model:229 - Not ready: The pistons must be homed before they can run. Press Start and it will do that first.
09/15/2026 at 07:59:13 PM WARNING logger Model:2052 - The stroke command was sent, but no piston moved more than 0 mm.
09/15/2026 at 07:59:13 PM ERROR logger Model:229 - Nothing moved: The stroke command was sent, but no piston moved more than 0 mm.

The command reached the controller, so this is not a connection problem. Likely causes:

  - the keyswitch on the front of the controller is at PROG, so the ladder is not scanning. Tags can still be read and written in that mode, which is why this looked like it connected. Turn it to RUN.
  - for a curve: no curve is loaded on the controller for the Curve ID you set, so there is nothing to run
  - the stroke is set so small there is nothing to see
09/15/2026 at 07:59:13 PM ERROR logger Model:229 - Not ready: The pistons must be homed before they can run. Press Start and it will do that first.
09/15/2026 at 07:59:13 PM WARNING logger Model:2052 - The curve command was sent, but no piston moved more than 0 mm.
09/15/2026 at 07:59:13 PM ERROR logger Model:229 - Nothing moved: The curve command was sent, but no piston moved more than 0 mm.

The command reached the controller, so this is not a connection problem. Likely causes:

  - the keyswitch on the front of the controller is at PROG, so the ladder is not scanning. Tags can still be read and written in that mode, which is why this looked like it connected. Turn it to RUN.
  - for a curve: no curve is loaded on the controller for the Curve ID you set, so there is nothing to run
  - the stroke is set so small there is nothing to see
09/15/2026 at 07:59:13 PM ERROR logger Model:229 - Nothing to prepare: Choose some pistons on the tank first.
09/15/2026 at 07:59:13 PM ERROR logger Model:229 - No pistons selected: Choose some pistons on the tank first.
09/15/2026 at 07:59:13 PM ERROR logger Model:229 - No pistons selected: Choose some pistons on the tank first.
09/15/2026 at 07:59:13 PM ERROR logger Model:229 - Not ready: The pistons must be homed before they can run. Press Start and it will do that first.
09/15/2026 at 07:59:13 PM ERROR logger Model:229 - Not ready: The pistons must be homed before they can run. Press Start and it will do that first.
09/15/2026 at 07:59:13 PM ERROR logger Model:229 - Not ready: The pistons must be homed before they can run. Press Start and it will do that first.
09/15/2026 at 07:59:13 PM ERROR logger Model:229 - No pistons selected: Choose some pistons on the tank first.
09/15/2026 at 07:59:13 PM ERROR logger Model:229 - No pistons selected: Choose some pistons on the tank first.
09/15/2026 at 07:59:13 PM ERROR logger Model:229 - Not ready: The pistons must be homed before they can run. Press Start and it will do that first.
09/15/2026 at 07:59:13 PM ERROR logger Model:229 - No pistons selected: Choose some pistons on the tank first.
09/15/2026 at 07:59:13 PM WARNING logger Model:2052 - The stroke command was sent, but no piston moved more than 0 mm.
09/15/2026 at 07:59:13 PM ERROR logger Model:229 - Nothing moved: The stroke command was sent, but no piston moved more than 0 mm.

The command reached the controller, so this is not a connection problem. Likely causes:

  - the keyswitch on the front of the controller is at PROG, so the ladder is not scanning. Tags can still be read and written in that mode, which is why this looked like it connected. Turn it to RUN.
  - for a curve: no curve is loaded on the controller for the Curve ID you set, so there is nothing to run
  - the stroke is set so small there is nothing to see
09/15/2026 at 07:59:13 PM WARNING logger Model:2052 - The curve command was sent, but no piston moved more than 0 mm.
09/15/2026 at 07:59:13 PM ERROR logger Model:229 - Nothing moved: The curve command was sent, but no piston moved more than 0 mm.

The command reached the controller, so this is not a connection problem. Likely causes:

  - the keyswitch on the front of the controller is at PROG, so the ladder is not scanning. Tags can still be read and written in that mode, which is why this looked like it connected. Turn it to RUN.
  - for a curve: no curve is loaded on the controller for the Curve ID you set, so there is nothing to run
  - the stroke is set so small there is nothing to see
09/15/2026 at 07:59:13 PM WARNING logger Model:2277 - Pistons did not all reach the resting position.
09/15/2026 at 07:59:13 PM WARNING logger Model:2052 - The curve command was sent, but no piston moved more than 0 mm.
09/15/2026 at 07:59:13 PM ERROR logger Model:229 - Nothing moved: The curve command was sent, but no piston moved more than 0 mm.

The command reached the controller, so this is not a connection problem. Likely causes:

  - the keyswitch on the front of the controller is at PROG, so the ladder is not scanning. Tags can still be read and written in that mode, which is why this looked like it connected. Turn it to RUN.
  - for a curve: no curve is loaded on the controller for the Curve ID you set, so there is nothing to run
  - the stroke is set so small there is nothing to see
09/15/2026 at 07:59:13 PM WARNING logger Model:2277 - Pistons did not all reach the resting position.
09/15/2026 at 07:59:13 PM WARNING logger Model:2052 - The curve command was sent, but no piston moved more than 0 mm.
09/15/2026 at 07:59:13 PM ERROR logger Model:229 - Nothing moved: The curve command was sent, but no piston moved more than 0 mm.

The command reached the controller, so this is not a connection problem. Likely causes:

  - the keyswitch on the front of the controller is at PROG, so the ladder is not scanning. Tags can still be read and written in that mode, which is why this looked like it connected. Turn it to RUN.
  - for a curve: no curve is loaded on the controller for the Curve ID you set, so there is nothing to run
  - the stroke is set so small there is nothing to see
09/15/2026 at 07:59:13 PM ERROR logger Model:229 - No pistons selected: Choose some pistons on the tank first.
09/15/2026 at 07:59:13 PM ERROR logger Model:229 - Nothing to prepare: Choose some pistons on the tank first.
09/15/2026 at 07:59:13 PM ERROR logger Model:229 - Not ready: The pistons must be homed before they can run. Press Start and it will do that first.
09/15/2026 at 07:59:13 PM ERROR logger Model:229 - Not ready: The pistons must be homed before they can run. Press Start and it will do that first.
09/15/2026 at 07:59:13 PM ERROR logger Model:229 - Nothing to prepare: Choose some pistons on the tank first.
09/15/2026 at 07:59:13 PM ERROR logger Model:229 - Not ready: The pistons must be homed before they can run. Press Start and it will do that first.
09/15/2026 at 07:59:13 PM ERROR logger Model:229 - No pistons selected: Choose some pistons on the tank first.
09/15/2026 at 07:59:13 PM ERROR logger Model:229 - Not ready: The pistons must be homed before they can run. Press Start and it will do that first.
09/15/2026 at 07:59:13 PM ERROR logger Model:229 - Not ready: The pistons must be homed before they can run. Press Start and it will do that first.
09/15/2026 at 07:59:13 PM WARNING logger Model:2052 - The stroke command was sent, but no piston moved more than 0 mm.
09/15/2026 at 07:59:13 PM ERROR logger Model:229 - Nothing moved: The stroke command was sent, but no piston moved more than 0 mm.

The command reached the controller, so this is not a connection problem. Likely causes:

  - the keyswitch on the front of the controller is at PROG, so the ladder is not scanning. Tags can still be read and written in that mode, which is why this looked like it connected. Turn it to RUN.
  - for a curve: no curve is loaded on the controller for the Curve ID you set, so there is nothing to run
  - the stroke is set so small there is nothing to see
09/15/2026 at 07:59:13 PM WARNING logger Model:2277 - Pistons did not all reach the resting position.
09/15/2026 at 07:59:13 PM ERROR logger Model:229 - Not ready: The pistons must be homed before they can run. Press Start and it will do that first.
09/15/2026 at 07:59:13 PM ERROR logger Model:229 - Nothing to prepare: Choose some pistons on the tank first.
09/15/2026 at 07:59:13 PM ERROR logger Model:229 - Nothing to prepare: Choose some pistons on the tank first.
09/15/2026 at 07:59:13 PM ERROR logger Model:229 - Nothing to prepare: Choose some pistons on the tank first.
09/15/2026 at 07:59:13 PM ERROR logger Model:229 - Not ready: The pistons must be homed before they can run. Press Start and it will do that first.
09/15/2026 at 07:59:13 PM ERROR logger Model:229 - Not ready: The pistons must be homed before they can run. Press Start and it will do that first.
09/15/2026 at 07:59:13 PM WARNING logger Model:647 - Ignored Prepare: a stop or resting move is still running.
09/15/2026 at 07:59:13 PM ERROR logger Model:229 - Nothing to prepare: Choose some pistons on the tank first.
09/15/2026 at 07:59:13 PM ERROR logger Model:229 - Not ready: The pistons must be homed before they can run. Press Start and it will do that first.
09/15/2026 at 07:59:13 PM ERROR logger Model:229 - No pistons selected: Choose some pistons on the tank first.
09/15/2026 at 07:59:13 PM ERROR logger Model:229 - Not ready: The pistons must be homed before they can run. Press Start and it will do that first.
09/15/2026 at 07:59:13 PM ERROR logger Model:229 - Not ready: The pistons must be homed before they can run. Press Start and it will do that first.
09/15/2026 at 07:59:13 PM ERROR logger Model:229 - Not ready: The pistons must be homed before they can run. Press Start and it will do that first.
09/15/2026 at 07:59:13 PM WARNING logger Model:647 - Ignored Run: a stop or resting move is still running.
09/15/2026 at 07:59:13 PM WARNING logger Model:2277 - Pistons did not all reach the resting position.
09/15/2026 at 07:59:13 PM ERROR logger Model:229 - Not ready: The pistons must be homed before they can run. Press Start and it will do that first.
09/15/2026 at 07:59:13 PM ERROR logger Model:229 - No pistons selected: Choose some pistons on the tank first.
09/15/2026 at 07:59:13 PM WARNING logger Model:2052 - The curve command was sent, but no piston moved more than 0 mm.
09/15/2026 at 07:59:13 PM ERROR logger Model:229 - Nothing moved: The curve command was sent, but no piston moved more than 0 mm.

The command reached the controller, so this is not a connection problem. Likely causes:

  - the keyswitch on the front of the controller is at PROG, so the ladder is not scanning. Tags can still be read and written in that mode, which is why this looked like it connected. Turn it to RUN.
  - for a curve: no curve is loaded on the controller for the Curve ID you set, so there is nothing to run
  - the stroke is set so small there is nothing to see
09/15/2026 at 07:59:13 PM WARNING logger Model:2277 - Pistons did not all reach the resting position.
09/15/2026 at 07:59:13 PM WARNING logger Model:2277 - Pistons did not all reach the resting position.
09/15/2026 at 07:59:13 PM WARNING logger Model:2052 - The curve command was sent, but no piston moved more than 0 mm.
09/15/2026 at 07:59:13 PM ERROR logger Model:229 - Nothing moved: The curve command was sent, but no piston moved more than 0 mm.

The command reached the controller, so this is not a connection problem. Likely causes:

  - the keyswitch on the front of the controller is at PROG, so the ladder is not scanning. Tags can still be read and written in that mode, which is why this looked like it connected. Turn it to RUN.
  - for a curve: no curve is loaded on the controller for the Curve ID you set, so there is nothing to run
  - the stroke is set so small there is nothing to see
09/15/2026 at 07:59:13 PM WARNING logger Model:2277 - Pistons did not all reach the resting position.
09/15/2026 at 07:59:13 PM WARNING logger Model:647 - Ignored Calibrate: a stop or resting move is still running.
09/15/2026 at 07:59:13 PM ERROR logger Model:229 - Nothing to prepare: Choose some pistons on the tank first.
09/15/2026 at 07:59:13 PM WARNING logger Model:2052 - The curve command was sent, but no piston moved more than 0 mm.
09/15/2026 at 07:59:13 PM ERROR logger Model:229 - Nothing moved: The curve command was sent, but no piston moved more than 0 mm.

The command reached the controller, so this is not a connection problem. Likely causes:

  - the keyswitch on the front of the controller is at PROG, so the ladder is not scanning. Tags can still be read and written in that mode, which is why this looked like it connected. Turn it to RUN.
  - for a curve: no curve is loaded on the controller for the Curve ID you set, so there is nothing to run
  - the stroke is set so small there is nothing to see
09/15/2026 at 07:59:13 PM ERROR logger Model:229 - Nothing to prepare: Choose some pistons on the tank first.
09/15/2026 at 07:59:13 PM ERROR logger Model:229 - No pistons selected: Choose some pistons on the tank first.
09/15/2026 at 07:59:13 PM ERROR logger Model:229 - Not ready: The pistons must be homed before they can run. Press Start and it will do that first.
09/15/2026 at 07:59:13 PM WARNING logger Model:2052 - The stroke command was sent, but no piston moved more than 0 mm.
09/15/2026 at 07:59:13 PM ERROR logger Model:229 - Nothing moved: The stroke command was sent, but no piston moved more than 0 mm.

The command reached the controller, so this is not a connection problem. Likely causes:

  - the keyswitch on the front of the controller is at PROG, so the ladder is not scanning. Tags can still be read and written in that mode, which is why this looked like it connected. Turn it to RUN.
  - for a curve: no curve is loaded on the controller for the Curve ID you set, so there is nothing to run
  - the stroke is set so small there is nothing to see
09/15/2026 at 07:59:13 PM ERROR logger Model:229 - Not ready: The pistons must be homed before they can run. Press Start and it will do that first.
09/15/2026 at 07:59:13 PM WARNING logger Model:2052 - The curve command was sent, but no piston moved more than 0 mm.
09/15/2026 at 07:59:13 PM ERROR logger Model:229 - Nothing moved: The curve command was sent, but no piston moved more than 0 mm.

The command reached the controller, so this is not a connection problem. Likely causes:

  - the keyswitch on the front of the controller is at PROG, so the ladder is not scanning. Tags can still be read and written in that mode, which is why this looked like it connected. Turn it to RUN.
  - for a curve: no curve is loaded on the controller for the Curve ID you set, so there is nothing to run
  - the stroke is set so small there is nothing to see
09/15/2026 at 07:59:13 PM ERROR logger Model:229 - Not ready: The pistons must be homed before they can run. Press Start and it will do that first.
09/15/2026 at 07:59:13 PM WARNING logger Model:2052 - The stroke command was sent, but no piston moved more than 0 mm.
09/15/2026 at 07:59:13 PM ERROR logger Model:229 - Nothing moved: The stroke command was sent, but no piston moved more than 0 mm.

The command reached the controller, so this is not a connection problem. Likely causes:

  - the keyswitch on the front of the controller is at PROG, so the ladder is not scanning. Tags can still be read and written in that mode, which is why this looked like it connected. Turn it to RUN.
  - for a curve: no curve is loaded on the controller for the Curve ID you set, so there is nothing to run
  - the stroke is set so small there is nothing to see
09/15/2026 at 07:59:13 PM ERROR logger Model:229 - No pistons selected: Choose some pistons on the tank first.
09/15/2026 at 07:59:13 PM ERROR logger Model:229 - Not ready: The pistons must be homed before they can run. Press Start and it will do that first.
09/15/2026 at 07:59:13 PM ERROR logger Model:229 - Nothing to prepare: Choose some pistons on the tank first.
09/15/2026 at 07:59:13 PM ERROR logger Model:229 - Not ready: The pistons must be homed before they can run. Press Start and it will do that first.
09/15/2026 at 07:59:13 PM ERROR logger Model:229 - Not ready: The pistons must be homed before they can run. Press Start and it will do that first.
09/15/2026 at 07:59:13 PM ERROR logger Model:229 - No pistons selected: Choose some pistons on the tank first.
09/15/2026 at 07:59:13 PM ERROR logger Model:229 - Not ready: The pistons must be homed before they can run. Press Start and it will do that first.
09/15/2026 at 07:59:13 PM ERROR logger Model:229 - Not ready: The pistons must be homed before they can run. Press Start and it will do that first.
09/15/2026 at 07:59:13 PM WARNING logger Model:2052 - The curve command was sent, but no piston moved more than 0 mm.
09/15/2026 at 07:59:13 PM ERROR logger Model:229 - Nothing moved: The curve command was sent, but no piston moved more than 0 mm.

The command reached the controller, so this is not a connection problem. Likely causes:

  - the keyswitch on the front of the controller is at PROG, so the ladder is not scanning. Tags can still be read and written in that mode, which is why this looked like it connected. Turn it to RUN.
  - for a curve: no curve is loaded on the controller for the Curve ID you set, so there is nothing to run
  - the stroke is set so small there is nothing to see
09/15/2026 at 07:59:13 PM ERROR logger Model:229 - Not ready: The pistons must be homed before they can run. Press Start and it will do that first.
09/15/2026 at 07:59:13 PM ERROR logger Model:229 - Not ready: The pistons must be homed before they can run. Press Start and it will do that first.
09/15/2026 at 07:59:13 PM ERROR logger Model:229 - Nothing to prepare: Choose some pistons on the tank first.
09/15/2026 at 07:59:13 PM ERROR logger Model:229 - Not ready: The pistons must be homed before they can run. Press Start and it will do that first.
09/15/2026 at 07:59:13 PM ERROR logger Model:229 - No pistons selected: Choose some pistons on the tank first.
09/15/2026 at 07:59:13 PM ERROR logger Model:229 - No pistons selected: Choose some pistons on the tank first.
09/15/2026 at 07:59:13 PM ERROR logger Model:229 - Not ready: The pistons must be homed before they can run. Press Start and it will do that first.
09/15/2026 at 07:59:13 PM ERROR logger Model:229 - Not ready: The pistons must be homed before they can run. Press Start and it will do that first.
09/15/2026 at 07:59:13 PM ERROR logger Model:229 - Not ready: The pistons must be homed before they can run. Press Start and it will do that first.
09/15/2026 at 07:59:13 PM ERROR logger Model:229 - No pistons selected: Choose some pistons on the tank first.
09/15/2026 at 07:59:13 PM WARNING logger Model:2052 - The curve command was sent, but no piston moved more than 0 mm.
09/15/2026 at 07:59:13 PM ERROR logger Model:229 - Nothing moved: The curve command was sent, but no piston moved more than 0 mm.

The command reached the controller, so this is not a connection problem. Likely causes:

  - the keyswitch on the front of the controller is at PROG, so the ladder is not scanning. Tags can still be read and written in that mode, which is why this looked like it connected. Turn it to RUN.
  - for a curve: no curve is loaded on the controller for the Curve ID you set, so there is nothing to run
  - the stroke is set so small there is nothing to see
09/15/2026 at 07:59:13 PM ERROR logger Model:229 - Not ready: The pistons must be homed before they can run. Press Start and it will do that first.
09/15/2026 at 07:59:13 PM ERROR logger Model:229 - Nothing to prepare: Choose some pistons on the tank first.
09/15/2026 at 07:59:13 PM ERROR logger Model:229 - No pistons selected: Choose some pistons on the tank first.
09/15/2026 at 07:59:13 PM ERROR logger Model:229 - Not ready: The pistons must be homed before they can run. Press Start and it will do that first.
09/15/2026 at 07:59:13 PM ERROR logger Model:229 - No pistons selected: Choose some pistons on the tank first.
09/15/2026 at 07:59:13 PM ERROR logger Model:229 - Not ready: The pistons must be homed before they can run. Press Start and it will do that first.
09/15/2026 at 07:59:13 PM ERROR logger Model:229 - Not ready: The pistons must be homed before they can run. Press Start and it will do that first.
09/15/2026 at 07:59:13 PM ERROR logger Model:229 - No pistons selected: Choose some pistons on the tank first.
09/15/2026 at 07:59:13 PM ERROR logger Model:229 - Not ready: The pistons must be homed before they can run. Press Start and it will do that first.
09/15/2026 at 07:59:13 PM ERROR logger Model:229 - No pistons selected: Choose some pistons on the tank first.
09/15/2026 at 07:59:13 PM ERROR logger Model:229 - No pistons selected: Choose some pistons on the tank first.
09/15/2026 at 07:59:13 PM ERROR logger Model:229 - No pistons selected: Choose some pistons on the tank first.
09/15/2026 at 07:59:13 PM ERROR logger Model:229 - Not ready: The pistons must be homed before they can run. Press Start and it will do that first.
09/15/2026 at 07:59:13 PM ERROR logger Model:229 - No pistons selected: Choose some pistons on the tank first.
09/15/2026 at 07:59:13 PM ERROR logger Model:229 - Not ready: The pistons must be homed before they can run. Press Start and it will do that first.
09/15/2026 at 07:59:13 PM ERROR logger Model:229 - Nothing to prepare: Choose some pistons on the tank first.
09/15/2026 at 07:59:13 PM ERROR logger Model:229 - Nothing to prepare: Choose some pistons on the tank first.
09/15/2026 at 07:59:13 PM ERROR logger Model:229 - Not ready: The pistons must be homed before they can run. Press Start and it will do that first.
09/15/2026 at 07:59:13 PM ERROR logger Model:229 - Not ready: The pistons must be homed before they can run. Press Start and it will do that first.
09/15/2026 at 07:59:13 PM ERROR logger Model:229 - Nothing to prepare: Choose some pistons on the tank first.
09/15/2026 at 07:59:13 PM ERROR logger Model:229 - Not ready: The pistons must be homed before they can run. Press Start and it will do that first.
09/15/2026 at 07:59:13 PM ERROR logger Model:229 - Nothing to prepare: Choose some pistons on the tank first.
09/15/2026 at 07:59:13 PM ERROR logger Model:229 - Not ready: The pistons must be homed before they can run. Press Start and it will do that first.
09/15/2026 at 07:59:13 PM ERROR logger Model:229 - Nothing to prepare: Choose some pistons on the tank first.
09/15/2026 at 07:59:13 PM ERROR logger Model:229 - Nothing to prepare: Choose some pistons on the tank first.
09/15/2026 at 07:59:13 PM ERROR logger Model:229 - Nothing to prepare: Choose some pistons on the tank first.
09/15/2026 at 07:59:13 PM ERROR logger Model:229 - Nothing to prepare: Choose some pistons on the tank first.
09/15/2026 at 07:59:13 PM ERROR logger Model:229 - Not ready: The pistons must be homed before they can run. Press Start and it will do that first.
09/15/2026 at 07:59:13 PM WARNING logger Model:2052 - The curve command was sent, but no piston moved more than 0 mm.
09/15/2026 at 07:59:13 PM ERROR logger Model:229 - Nothing moved: The curve command was sent, but no piston moved more than 0 mm.

The command reached the controller, so this is not a connection problem. Likely causes:

  - the keyswitch on the front of the controller is at PROG, so the ladder is not scanning. Tags can still be read and written in that mode, which is why this looked like it connected. Turn it to RUN.
  - for a curve: no curve is loaded on the controller for the Curve ID you set, so there is nothing to run
  - the stroke is set so small there is nothing to see
09/15/2026 at 07:59:13 PM WARNING logger Model:2277 - Pistons did not all reach the resting position.
09/15/2026 at 07:59:13 PM ERROR logger Model:229 - Not ready: The pistons must be homed before they can run. Press Start and it will do that first.
09/15/2026 at 07:59:13 PM WARNING logger Model:2052 - The curve command was sent, but no piston moved more than 0 mm.
09/15/2026 at 07:59:13 PM ERROR logger Model:229 - Nothing moved: The curve command was sent, but no piston moved more than 0 mm.

The command reached the controller, so this is not a connection problem. Likely causes:

  - the keyswitch on the front of the controller is at PROG, so the ladder is not scanning. Tags can still be read and written in that mode, which is why this looked like it connected. Turn it to RUN.
  - for a curve: no curve is loaded on the controller for the Curve ID you set, so there is nothing to run
  - the stroke is set so small there is nothing to see
09/15/2026 at 07:59:13 PM WARNING logger Model:647 - Ignored Prepare: a stop or resting move is still running.
09/15/2026 at 07:59:13 PM ERROR logger Model:229 - Not ready: The pistons must be homed before they can run. Press Start and it will do that first.
09/15/2026 at 07:59:13 PM ERROR logger Model:229 - Not ready: The pistons must be homed before they can run. Press Start and it will do that first.
09/15/2026 at 07:59:13 PM ERROR logger Model:229 - No pistons selected: Choose some pistons on the tank first.
09/15/2026 at 07:59:13 PM ERROR logger Model:229 - Not ready: The pistons must be homed before they can run. Press Start and it will do that first.
09/15/2026 at 07:59:13 PM ERROR logger Model:229 - Nothing to prepare: Choose some pistons on the tank first.
09/15/2026 at 07:59:13 PM ERROR logger Model:229 - Nothing to prepare: Choose some pistons on the tank first.
09/15/2026 at 07:59:13 PM ERROR logger Model:229 - Not ready: The pistons must be homed before they can run. Press Start and it will do that first.
09/15/2026 at 07:59:13 PM ERROR logger Model:229 - Nothing to prepare: Choose some pistons on the tank first.
09/15/2026 at 07:59:13 PM ERROR logger Model:229 - No pistons selected: Choose some pistons on the tank first.
09/15/2026 at 07:59:13 PM ERROR logger Model:229 - Nothing to prepare: Choose some pistons on the tank first.
09/15/2026 at 07:59:13 PM ERROR logger Model:229 - No pistons selected: Choose some pistons on the tank first.
09/15/2026 at 07:59:13 PM ERROR logger Model:229 - No pistons selected: Choose some pistons on the tank first.
09/15/2026 at 07:59:13 PM ERROR logger Model:229 - Nothing to prepare: Choose some pistons on the tank first.
09/15/2026 at 07:59:13 PM ERROR logger Model:229 - Not ready: The pistons must be homed before they can run. Press Start and it will do that first.
09/15/2026 at 07:59:13 PM ERROR logger Model:229 - Not ready: The pistons must be homed before they can run. Press Start and it will do that first.
09/15/2026 at 07:59:13 PM ERROR logger Model:229 - No pistons selected: Choose some pistons on the tank first.
09/15/2026 at 07:59:13 PM ERROR logger Model:229 - Not ready: The pistons must be homed before they can run. Press Start and it will do that first.
09/15/2026 at 07:59:13 PM WARNING logger Model:2052 - The curve command was sent, but no piston moved more than 0 mm.
09/15/2026 at 07:59:13 PM ERROR logger Model:229 - Nothing moved: The curve command was sent, but no piston moved more than 0 mm.

The command reached the controller, so this is not a connection problem. Likely causes:

  - the keyswitch on the front of the controller is at PROG, so the ladder is not scanning. Tags can still be read and written in that mode, which is why this looked like it connected. Turn it to RUN.
  - for a curve: no curve is loaded on the controller for the Curve ID you set, so there is nothing to run
  - the stroke is set so small there is nothing to see
09/15/2026 at 07:59:13 PM CRITICAL logger Model:2187 - STOP FAILED: Program:Wave_Control.Run_1: network unplugged; Program:Wave_Control.Run_2: network unplugged; Program:Wave_Control.Run_Curve: network unplugged
09/15/2026 at 07:59:13 PM ERROR logger Model:229 - Stop failed: The machine did not acknowledge the stop command:
Program:Wave_Control.Run_1: network unplugged; Program:Wave_Control.Run_2: network unplugged; Program:Wave_Control.Run_Curve: network unplugged

Use the physical stop and check the connection.
09/15/2026 at 07:59:13 PM ERROR logger Model:229 - Not ready: The pistons must be homed before they can run. Press Start and it will do that first.
09/15/2026 at 07:59:13 PM ERROR logger Model:229 - Check the parameters: Group 1: Position 1 must be at most 370 (got 5,000)
09/15/2026 at 07:59:13 PM WARNING logger Model:650 - Ignored Prepare: None is still running.
